YEAR,DOY,T2M,QV2M,PRECTOTCORR,WS2M,PS,RH2M,T2MDEW
2000,1,18.98,9.25,0.0,3.01,91.82,67.62,11.41
2000,2,18.81,8.73,0.0,2.84,91.83,65.63,10.44
2000,3,19.66,8.94,0.0,2.49,91.74,64.36,10.69
2000,4,20.43,9.48,0.0,2.29,91.72,64.17,11.73
2000,5,20.74,10.21,0.01,2.43,91.73,66.64,12.82
2000,6,21.67,11.5,0.13,2.71,91.72,69.34,14.78
2000,7,21.1,10.59,0.01,3.23,91.75,67.14,13.48
2000,8,20.88,10.53,0.0,3.34,91.75,67.78,13.42
2000,9,21.37,11.26,0.07,3.23,91.76,69.42,14.44
2000,10,21.94,12.24,0.31,3.22,91.72,72.06,15.64
2000,11,22.3,12.57,0.07,3.16,91.71,71.92,16.14
2000,12,22.57,11.85,0.03,2.72,91.72,67.6,15.21
2000,13,23.1,11.47,0.03,2.13,91.72,65.07,14.59
2000,14,23.18,10.68,0.0,1.88,91.64,61.3,13.42
2000,15,22.68,10.73,0.0,1.68,91.72,60.14,13.73
2000,16,22.23,9.5,0.0,3.03,91.78,58.65,11.56
2000,17,20.85,7.65,0.0,3.03,91.95,53.32,8.28
2000,18,20.57,7.64,0.0,3.0,92.03,54.17,8.34
2000,19,21.32,8.22,0.0,2.47,91.97,52.93,9.74
2000,20,21.48,8.0,0.0,1.86,91.82,54.57,8.73
2000,21,21.61,7.69,0.0,1.93,91.84,53.17,8.32
2000,22,21.5,7.42,0.0,2.08,91.88,53.09,7.33
2000,23,21.69,7.42,0.0,1.31,91.83,50.18,7.91
2000,24,21.52,7.69,0.0,2.24,91.88,49.48,8.67
2000,25,21.73,8.96,0.0,2.86,91.98,58.15,10.61
2000,26,21.1,8.63,0.0,3.01,92.0,57.86,9.92
2000,27,20.86,8.36,0.0,3.51,91.95,57.26,9.57
2000,28,21.68,8.06,0.0,3.19,91.94,53.95,8.89
2000,29,22.08,7.89,0.0,2.58,92.0,50.34,9.0
2000,30,21.89,7.26,0.0,2.78,92.06,49.44,7.26
2000,31,21.34,6.8,0.0,2.46,92.02,49.47,5.87
2000,32,21.15,6.51,0.0,2.24,91.88,48.81,5.0
2000,33,21.71,7.33,0.0,2.03,91.85,51.68,7.19
2000,34,23.6,9.87,0.02,2.91,91.96,58.63,11.77
2000,35,24.47,11.35,0.36,3.25,91.86,61.0,14.29
2000,36,26.07,11.73,0.01,1.52,91.7,56.81,14.81
2000,37,25.46,11.26,0.32,1.39,91.68,54.66,14.24
2000,38,25.83,10.71,0.1,0.69,91.63,51.33,13.45
2000,39,25.99,11.38,0.16,1.96,91.58,53.47,14.43
2000,40,25.53,11.08,0.09,1.9,91.68,52.94,14.17
2000,41,25.81,11.1,0.0,2.51,91.71,52.6,14.17
2000,42,25.65,11.35,0.0,1.68,91.7,53.7,14.55
2000,43,25.92,11.2,0.0,1.95,91.65,51.79,14.32
2000,44,24.8,10.58,0.0,3.47,91.61,53.09,13.36
2000,45,23.81,8.45,0.0,3.59,91.67,48.76,9.74
2000,46,23.55,7.74,0.0,3.98,91.76,47.46,7.71
2000,47,23.78,8.61,0.0,3.25,91.79,50.72,9.96
2000,48,24.92,9.04,0.0,1.61,91.61,49.45,10.74
2000,49,25.44,8.07,0.0,1.85,91.57,41.01,9.18
2000,50,25.67,6.55,0.0,1.23,91.53,32.16,6.25
2000,51,25.28,7.83,0.01,1.39,91.49,40.17,8.64
2000,52,25.57,9.55,0.03,2.11,91.53,45.96,11.82
2000,53,25.15,11.73,0.02,2.73,91.62,56.8,15.01
2000,54,24.86,12.9,1.67,3.27,91.64,63.95,16.48
2000,55,24.81,14.39,5.19,2.45,91.69,70.81,18.23
2000,56,23.55,15.01,17.29,2.31,91.64,77.09,18.95
2000,57,22.22,15.64,19.28,1.83,91.48,85.74,19.6
2000,58,21.62,14.75,6.68,3.52,91.58,84.21,18.67
2000,59,23.34,13.96,0.73,4.01,91.78,74.47,17.84
2000,60,23.15,11.89,0.04,3.6,91.83,66.02,15.3
2000,61,22.18,7.0,0.0,3.13,91.8,46.16,6.35
2000,62,21.64,6.1,0.0,1.98,91.78,39.67,5.02
2000,63,22.53,5.95,0.0,2.43,91.79,39.19,4.36
2000,64,23.02,6.21,0.0,2.53,91.77,37.6,5.35
2000,65,22.84,5.92,0.0,2.79,91.69,37.14,4.54
2000,66,22.24,6.04,0.0,1.79,91.64,40.46,4.57
2000,67,22.15,8.4,0.0,1.57,91.72,53.52,9.69
2000,68,24.8,11.5,0.0,1.31,91.7,60.0,14.49
2000,69,25.66,11.75,0.0,1.73,91.64,57.81,14.91
2000,70,26.11,11.48,0.0,1.88,91.62,55.86,14.48
2000,71,26.15,12.57,0.0,1.71,91.68,58.56,16.1
2000,72,27.27,12.23,0.0,1.93,91.59,52.87,15.66
2000,73,26.65,12.41,0.0,1.62,91.53,54.13,15.91
2000,74,26.58,11.16,0.0,1.27,91.62,49.99,14.24
2000,75,26.95,10.46,0.0,1.17,91.65,46.11,13.16
2000,76,27.0,10.71,0.0,1.83,91.58,48.58,13.55
2000,77,27.16,10.35,0.0,2.6,91.5,46.01,13.07
2000,78,27.6,10.76,0.0,2.36,91.56,46.35,13.67
2000,79,27.65,10.16,0.0,2.38,91.62,43.8,12.83
2000,80,27.84,9.31,0.0,3.02,91.56,39.9,11.45
2000,81,27.15,8.67,0.0,2.69,91.65,40.68,10.13
2000,82,26.38,8.8,0.0,3.24,91.71,45.07,9.87
2000,83,25.95,8.7,0.0,3.59,91.69,46.13,9.75
2000,84,26.48,10.2,0.0,3.44,91.71,50.59,12.49
2000,85,26.78,7.27,0.0,3.38,91.73,38.13,6.41
2000,86,26.61,7.79,0.05,3.76,91.72,39.25,8.22
2000,87,26.83,8.16,0.0,3.75,91.7,37.68,9.42
2000,88,26.33,9.04,0.0,3.4,91.67,43.48,10.96
2000,89,26.96,8.31,0.0,3.35,91.67,38.06,9.72
2000,90,27.26,7.07,0.0,2.65,91.58,33.46,7.18
2000,91,27.54,7.76,0.0,2.95,91.47,36.11,8.31
2000,92,27.24,10.49,2.97,2.98,91.39,47.17,12.96
2000,93,27.2,13.97,0.07,3.03,91.45,60.92,17.7
2000,94,26.05,15.39,8.05,2.63,91.53,69.75,19.26
2000,95,26.83,13.87,0.26,1.94,91.51,62.72,17.53
2000,96,27.43,11.42,0.0,2.44,91.5,52.0,14.1
2000,97,26.95,9.73,0.0,2.67,91.48,45.41,11.93
2000,98,27.1,10.69,0.02,3.01,91.66,52.11,12.82
2000,99,27.34,9.76,0.0,2.23,91.72,47.07,11.45
2000,100,28.82,8.47,0.07,2.23,91.57,35.87,9.83
2000,101,29.88,10.58,0.85,1.79,91.47,39.24,13.38
2000,102,30.75,9.93,0.36,1.94,91.41,34.64,12.49
2000,103,31.29,10.08,1.02,1.49,91.4,34.28,12.63
2000,104,28.46,14.94,15.29,1.93,91.39,58.19,18.75
2000,105,27.23,14.34,2.1,2.1,91.34,60.43,18.13
2000,106,28.02,14.72,3.68,1.74,91.4,60.18,18.5
2000,107,28.65,14.4,0.68,1.39,91.48,56.71,18.15
2000,108,27.62,14.48,10.57,1.66,91.47,59.14,18.22
2000,109,27.26,14.24,1.5,1.37,91.56,60.08,17.99
2000,110,27.7,12.1,0.0,1.89,91.61,52.1,15.41
2000,111,27.51,12.41,0.0,1.84,91.54,52.58,15.84
2000,112,27.5,12.56,0.37,1.8,91.5,53.29,16.03
2000,113,28.46,10.3,0.0,2.01,91.49,43.84,12.76
2000,114,28.96,11.04,0.61,1.76,91.44,44.35,13.94
2000,115,26.7,13.46,0.17,2.52,91.54,57.02,17.21
2000,116,28.38,11.02,0.0,3.45,91.37,47.19,13.53
2000,117,29.07,10.75,0.0,3.26,91.34,44.82,13.34
2000,118,30.38,11.25,2.64,1.44,91.31,40.23,14.22
2000,119,30.71,12.28,0.04,2.35,91.33,44.18,15.58
2000,120,30.55,11.69,0.0,2.9,91.43,42.95,14.72
2000,121,30.87,11.85,0.01,2.6,91.48,42.29,15.09
2000,122,30.53,13.19,1.95,2.37,91.46,47.83,16.72
2000,123,30.75,11.83,0.16,1.58,91.47,41.4,15.05
2000,124,28.69,13.12,7.52,1.96,91.63,52.32,16.67
2000,125,27.55,13.98,0.63,1.62,91.55,59.47,17.67
2000,126,27.45,14.28,13.23,1.47,91.51,59.24,18.07
2000,127,27.41,14.17,1.67,1.58,91.57,59.84,17.93
2000,128,26.09,14.49,3.13,1.73,91.64,64.26,18.37
2000,129,24.15,15.16,0.27,2.39,91.62,74.96,19.11
2000,130,24.08,14.04,0.15,1.16,91.63,69.74,17.85
2000,131,26.29,14.08,7.14,1.33,91.51,62.81,17.82
2000,132,24.87,15.59,0.73,2.1,91.54,73.97,19.53
2000,133,26.26,14.64,0.01,2.12,91.55,65.4,18.52
2000,134,27.23,14.01,0.0,2.43,91.55,59.88,17.78
2000,135,28.18,13.16,0.0,2.92,91.51,54.48,16.76
2000,136,28.38,12.19,0.01,3.8,91.52,49.64,15.59
2000,137,26.14,13.91,4.6,4.15,91.63,63.06,17.7
2000,138,24.54,14.45,0.28,4.23,91.62,70.78,18.32
2000,139,25.97,13.24,0.0,4.95,91.5,62.0,16.86
2000,140,25.8,13.84,0.76,4.68,91.45,64.51,17.62
2000,141,26.48,13.88,0.04,4.68,91.44,62.6,17.64
2000,142,26.98,13.73,0.35,4.28,91.41,60.53,17.45
2000,143,27.77,13.93,0.0,3.87,91.38,58.08,17.71
2000,144,27.11,14.77,1.93,2.69,91.36,62.64,18.61
2000,145,25.34,15.79,1.35,1.73,91.42,72.14,19.71
2000,146,25.32,15.05,0.17,2.27,91.41,69.57,18.93
2000,147,25.6,15.4,1.71,2.68,91.28,70.43,19.28
2000,148,24.61,15.71,0.09,2.92,91.32,75.13,19.61
2000,149,23.48,14.09,0.05,3.38,91.44,72.25,17.93
2000,150,24.62,14.06,0.0,2.91,91.52,68.6,17.89
2000,151,22.8,14.2,1.75,2.72,91.57,75.28,18.04
2000,152,23.17,15.41,10.94,3.05,91.45,80.33,19.33
2000,153,22.97,15.27,11.14,3.36,91.31,80.38,19.17
2000,154,22.95,14.68,3.58,3.87,91.22,77.83,18.51
2000,155,23.39,15.21,11.18,4.53,91.1,78.72,19.07
2000,156,22.36,14.21,1.43,4.95,91.03,77.84,17.99
2000,157,22.64,14.98,0.1,6.19,90.85,79.9,18.79
2000,158,23.47,15.71,1.43,7.9,90.79,79.46,19.54
2000,159,23.8,15.06,0.4,7.63,91.09,75.43,18.89
2000,160,24.36,13.93,0.09,6.67,91.32,69.47,17.7
2000,161,24.0,14.35,0.15,5.77,91.4,72.37,18.19
2000,162,22.14,13.18,0.2,5.62,91.47,73.66,16.88
2000,163,21.52,13.53,0.84,6.01,91.46,78.04,17.29
2000,164,22.05,13.81,8.89,5.55,91.55,77.74,17.63
2000,165,22.81,13.39,0.07,4.93,91.62,73.12,17.16
2000,166,23.05,13.32,1.2,5.04,91.63,71.9,17.07
2000,167,23.74,13.62,0.04,4.16,91.55,70.72,17.39
2000,168,24.79,14.79,7.48,4.29,91.47,72.02,18.68
2000,169,24.37,14.11,0.27,5.13,91.44,70.65,17.93
2000,170,24.53,14.26,2.04,5.12,91.32,70.48,18.07
2000,171,24.18,15.35,1.81,4.82,91.22,75.96,19.24
2000,172,24.31,15.62,0.2,4.51,91.21,76.63,19.51
2000,173,23.34,15.62,1.52,3.46,91.35,80.18,19.56
2000,174,23.4,14.85,1.7,3.33,91.47,76.88,18.74
2000,175,24.67,14.12,0.7,3.67,91.49,69.67,17.94
2000,176,24.69,13.36,0.04,3.65,91.45,66.34,16.98
2000,177,25.15,12.77,0.01,4.02,91.41,62.71,16.24
2000,178,23.33,13.06,0.03,4.18,91.46,69.13,16.64
2000,179,22.13,13.59,4.58,5.2,91.43,75.79,17.36
2000,180,22.75,13.3,2.87,6.04,91.33,72.53,16.99
2000,181,22.71,14.22,1.89,5.63,91.18,76.66,18.03
2000,182,22.44,14.75,2.79,5.16,91.09,80.07,18.59
2000,183,22.79,14.01,0.59,4.98,91.2,75.55,17.79
2000,184,23.49,13.88,0.5,5.05,91.24,72.52,17.64
2000,185,22.66,14.05,13.39,5.3,91.18,76.52,17.82
2000,186,21.41,14.03,6.9,4.87,91.15,80.97,17.79
2000,187,23.07,15.03,7.72,5.48,91.14,79.17,18.89
2000,188,22.86,15.1,0.35,5.0,91.18,80.07,18.97
2000,189,22.67,15.29,3.73,5.25,91.14,81.63,19.17
2000,190,22.64,14.44,0.83,6.02,91.18,78.14,18.27
2000,191,22.0,13.82,1.21,6.53,91.21,77.34,17.58
2000,192,22.25,13.75,0.16,6.31,91.23,76.5,17.52
2000,193,22.96,14.89,7.35,6.09,91.18,79.22,18.75
2000,194,22.69,14.83,2.14,6.8,91.21,79.4,18.69
2000,195,22.99,13.95,0.2,7.12,91.31,74.38,17.75
2000,196,23.22,14.43,0.78,6.02,91.44,75.83,18.31
2000,197,23.81,14.14,0.04,5.96,91.37,72.58,17.97
2000,198,23.75,13.97,0.04,5.71,91.37,72.02,17.78
2000,199,23.65,13.91,0.1,5.98,91.41,72.27,17.72
2000,200,22.75,13.72,0.03,6.18,91.37,74.49,17.49
2000,201,23.18,13.3,0.12,5.7,91.32,71.17,16.97
2000,202,24.11,13.65,0.65,4.87,91.38,70.01,17.39
2000,203,24.9,13.84,0.02,3.25,91.45,67.95,17.61
2000,204,24.73,14.04,0.14,2.68,91.58,68.25,17.87
2000,205,24.72,13.59,0.15,3.23,91.52,66.82,17.32
2000,206,24.83,13.69,0.66,2.8,91.44,66.81,17.4
2000,207,24.46,13.5,0.86,2.96,91.53,67.54,17.19
2000,208,24.09,13.14,0.01,3.57,91.54,67.62,16.75
2000,209,24.08,13.37,1.39,4.08,91.39,68.64,17.07
2000,210,24.81,14.14,0.84,3.8,91.31,69.5,17.93
2000,211,24.66,14.75,4.46,3.14,91.37,71.93,18.6
2000,212,22.41,15.53,30.11,2.49,91.5,84.06,19.48
2000,213,22.65,15.82,38.02,1.8,91.45,84.52,19.76
2000,214,23.11,15.01,61.9,2.5,91.35,79.04,18.89
2000,215,22.76,15.64,5.03,2.47,91.42,83.44,19.58
2000,216,23.26,15.89,15.52,2.59,91.41,82.23,19.84
2000,217,23.26,15.9,5.91,1.75,91.4,82.01,19.84
2000,218,23.51,15.6,0.52,1.08,91.38,79.96,19.52
2000,219,22.71,16.01,4.29,1.83,91.32,85.28,19.95
2000,220,22.96,15.65,2.03,3.94,91.34,82.7,19.58
2000,221,21.85,14.84,3.24,4.91,91.45,83.55,18.76
2000,222,21.69,14.51,9.39,5.52,91.3,82.65,18.36
2000,223,21.4,14.3,3.7,5.16,91.18,82.39,18.09
2000,224,22.36,14.68,0.06,4.94,91.22,80.57,18.55
2000,225,23.22,15.29,0.01,4.03,91.43,79.86,19.22
2000,226,23.16,15.71,22.97,2.32,91.66,81.7,19.69
2000,227,22.92,16.3,17.01,1.47,91.62,85.72,20.28
2000,228,22.32,15.48,2.74,1.35,91.58,84.63,19.44
2000,229,22.62,15.69,3.2,2.51,91.58,84.45,19.66
2000,230,22.68,15.43,3.52,3.48,91.5,82.97,19.39
2000,231,22.43,15.28,1.6,3.48,91.48,83.33,19.22
2000,232,21.43,14.26,2.37,4.22,91.53,82.67,18.14
2000,233,21.32,14.06,1.61,5.06,91.49,82.23,17.91
2000,234,21.85,15.02,2.27,5.21,91.27,84.3,18.9
2000,235,22.49,15.12,7.92,6.5,91.11,81.88,18.99
2000,236,21.58,14.95,4.95,7.06,91.08,84.85,18.81
2000,237,21.12,14.4,0.94,7.06,91.02,84.09,18.2
2000,238,21.97,14.64,0.98,6.89,91.01,81.59,18.44
2000,239,22.02,14.79,2.14,5.84,91.34,82.51,18.69
2000,240,21.97,14.84,0.32,5.33,91.44,83.19,18.75
2000,241,22.03,15.18,0.51,4.8,91.44,84.63,19.12
2000,242,22.31,15.15,0.45,4.25,91.45,83.2,19.09
2000,243,21.95,14.63,0.45,4.36,91.53,82.21,18.54
2000,244,22.5,14.94,0.24,4.06,91.55,81.53,18.88
2000,245,22.58,14.84,0.41,4.22,91.56,80.75,18.78
2000,246,22.91,15.25,3.19,4.39,91.46,81.2,19.19
2000,247,22.88,15.74,0.96,3.88,91.43,83.45,19.68
2000,248,22.82,15.5,1.7,3.3,91.58,82.72,19.45
2000,249,23.02,15.49,0.11,2.7,91.58,81.78,19.45
2000,250,23.49,15.13,0.11,2.75,91.47,78.36,19.06
2000,251,22.8,15.11,7.44,2.54,91.5,81.04,19.05
2000,252,22.88,14.64,1.32,2.13,91.65,78.76,18.55
2000,253,22.98,14.9,0.12,2.22,91.71,79.61,18.86
2000,254,23.2,14.56,0.03,3.18,91.62,77.28,18.46
2000,255,22.14,14.42,0.09,3.18,91.52,80.44,18.3
2000,256,23.03,15.54,1.55,2.28,91.47,81.93,19.47
2000,257,23.56,15.86,0.92,2.14,91.48,81.06,19.81
2000,258,23.83,15.29,0.01,1.0,91.46,77.63,19.21
2000,259,23.74,15.41,2.77,1.3,91.38,78.17,19.33
2000,260,23.39,16.7,47.38,1.72,91.44,85.16,20.63
2000,261,23.7,17.41,22.15,1.4,91.5,87.23,21.31
2000,262,23.95,16.9,7.65,1.25,91.42,83.92,20.83
2000,263,21.83,15.39,21.79,1.74,91.42,86.46,19.32
2000,264,22.53,15.22,23.61,1.43,91.42,82.59,19.13
2000,265,23.05,16.09,4.99,1.3,91.39,84.55,20.02
2000,266,23.43,16.84,5.0,2.41,91.47,86.05,20.78
2000,267,22.37,15.96,3.69,2.82,91.51,86.96,19.93
2000,268,21.73,15.44,1.89,2.5,91.53,87.44,19.4
2000,269,22.35,15.78,5.45,1.6,91.47,86.25,19.72
2000,270,22.21,15.89,1.1,1.62,91.48,87.32,19.85
2000,271,23.01,16.35,1.3,2.36,91.49,85.74,20.31
2000,272,23.31,16.47,0.15,1.44,91.53,84.75,20.43
2000,273,22.36,16.33,8.98,1.95,91.57,88.62,20.31
2000,274,21.76,16.58,35.48,2.34,91.47,92.73,20.51
2000,275,21.74,16.03,46.17,2.72,91.56,90.22,20.0
2000,276,20.78,15.08,6.31,2.15,91.62,90.07,19.03
2000,277,21.15,15.61,3.1,2.58,91.6,91.01,19.57
2000,278,21.65,15.5,0.72,1.87,91.59,88.01,19.46
2000,279,21.42,15.57,5.13,1.53,91.66,89.55,19.56
2000,280,22.12,15.88,11.82,1.43,91.66,87.8,19.86
2000,281,22.14,15.72,11.56,0.99,91.64,87.15,19.7
2000,282,22.57,15.99,10.11,1.24,91.56,86.33,19.95
2000,283,21.69,15.87,3.13,2.31,91.5,89.57,19.82
2000,284,21.36,15.31,9.49,1.84,91.61,88.43,19.26
2000,285,21.87,15.82,2.87,1.49,91.7,88.66,19.81
2000,286,22.59,15.9,4.73,1.6,91.7,85.55,19.89
2000,287,22.74,16.02,3.88,1.54,91.57,85.39,20.0
2000,288,22.51,15.73,0.15,1.75,91.55,85.3,19.7
2000,289,22.17,15.06,0.22,1.79,91.59,83.51,19.01
2000,290,21.31,13.05,0.41,2.14,91.57,76.87,16.73
2000,291,20.96,12.05,0.05,2.32,91.45,72.81,15.43
2000,292,21.72,15.36,0.34,2.6,91.37,86.8,19.28
2000,293,21.31,15.74,1.0,1.83,91.41,90.56,19.66
2000,294,22.2,16.36,7.0,2.28,91.49,89.63,20.31
2000,295,22.86,16.13,18.05,1.12,91.59,85.35,20.08
2000,296,22.8,16.61,57.31,1.12,91.56,87.86,20.56
2000,297,22.33,15.46,3.73,1.42,91.54,84.87,19.42
2000,298,20.13,11.86,0.21,1.78,91.67,76.5,15.19
2000,299,19.52,10.28,0.0,1.92,91.8,67.63,13.02
2000,300,21.04,11.71,0.0,1.56,91.73,69.39,14.98
2000,301,22.09,12.2,0.0,1.25,91.67,68.39,15.68
2000,302,21.16,11.93,0.0,1.23,91.79,71.26,15.37
2000,303,20.7,10.39,0.0,1.35,91.84,64.13,13.25
2000,304,20.55,9.9,0.0,1.23,91.79,61.01,12.44
2000,305,20.01,11.35,0.01,1.23,91.68,72.87,14.55
2000,306,19.75,12.74,0.02,1.88,91.7,82.35,16.4
2000,307,20.86,14.37,0.22,2.41,91.72,86.02,18.28
2000,308,21.6,14.96,0.28,1.71,91.86,85.89,18.95
2000,309,22.02,15.38,0.11,1.9,91.98,86.33,19.41
2000,310,22.07,14.69,0.0,1.81,91.89,82.67,18.67
2000,311,21.82,14.6,0.02,1.67,91.69,83.12,18.54
2000,312,20.54,13.69,0.0,2.02,91.73,84.42,17.52
2000,313,20.21,13.05,0.04,2.17,91.8,82.64,16.78
2000,314,20.17,13.84,0.05,2.19,91.76,86.71,17.68
2000,315,20.58,13.73,0.15,2.58,91.81,84.05,17.59
2000,316,20.77,14.36,0.33,2.69,91.91,86.81,18.29
2000,317,19.82,12.34,0.09,2.32,91.76,80.63,15.9
2000,318,18.34,10.97,0.06,2.23,91.6,79.17,14.05
2000,319,18.24,11.64,0.01,2.57,91.7,82.49,14.97
2000,320,19.06,12.35,0.01,2.9,91.75,83.45,15.92
2000,321,18.96,12.3,0.0,3.0,91.8,83.47,15.86
2000,322,19.07,12.25,0.0,3.05,91.75,82.85,15.77
2000,323,19.41,12.79,0.5,2.15,91.7,84.31,16.41
2000,324,20.74,14.28,0.45,2.24,91.7,86.46,18.18
2000,325,20.86,13.9,1.45,1.87,91.7,84.03,17.76
2000,326,20.52,13.8,1.86,2.33,91.68,85.13,17.64
2000,327,21.29,14.93,2.13,2.93,91.79,87.33,18.9
2000,328,21.68,15.44,2.16,3.5,91.97,88.05,19.47
2000,329,21.06,14.1,0.83,2.29,91.98,84.22,18.02
2000,330,19.16,10.87,0.0,2.0,91.9,75.55,13.93
2000,331,18.69,10.02,0.0,1.84,91.89,72.11,12.7
2000,332,18.51,9.98,0.0,1.84,91.83,72.55,12.63
2000,333,18.91,10.79,0.45,2.16,91.65,74.96,13.81
2000,334,20.49,14.25,3.84,3.51,91.47,85.95,17.93
2000,335,20.75,14.78,4.94,4.34,91.59,88.78,18.72
2000,336,21.48,14.94,0.77,2.51,91.75,86.49,18.91
2000,337,21.23,14.24,0.65,2.44,91.9,84.34,18.18
2000,338,21.52,14.91,1.72,2.36,92.0,86.44,18.91
2000,339,21.83,15.19,1.43,2.54,91.94,86.29,19.21
2000,340,20.21,11.71,0.18,2.19,91.88,75.75,14.98
2000,341,17.77,9.4,0.05,2.42,91.93,72.45,11.65
2000,342,17.11,9.27,0.0,2.41,91.95,74.29,11.49
2000,343,16.65,9.46,0.0,2.5,91.92,76.84,11.85
2000,344,17.04,9.35,0.0,2.32,91.86,75.2,11.63
2000,345,17.0,9.3,0.0,2.11,91.94,74.63,11.54
2000,346,16.98,8.91,0.0,2.24,92.02,72.42,10.9
2000,347,16.6,8.05,0.0,1.96,91.99,68.26,9.31
2000,348,16.54,7.53,0.0,2.2,91.9,65.32,8.32
2000,349,17.14,7.73,0.0,1.92,91.88,64.92,8.73
2000,350,17.11,9.08,0.0,2.19,91.94,72.74,11.19
2000,351,16.97,8.58,0.0,2.61,92.06,70.74,10.3
2000,352,17.4,9.06,0.0,2.56,92.01,72.18,11.15
2000,353,17.71,8.54,0.0,2.09,91.93,68.03,10.17
2000,354,17.47,8.45,0.0,2.15,91.78,67.8,9.96
2000,355,17.31,9.08,0.0,2.72,91.84,72.14,11.12
2000,356,17.84,9.12,0.0,2.71,91.9,71.47,11.2
2000,357,18.32,9.12,0.0,2.52,91.89,68.92,11.19
2000,358,18.87,9.01,0.0,2.49,91.84,66.74,11.03
2000,359,18.02,7.53,0.0,2.41,91.82,61.37,8.14
2000,360,17.83,7.61,0.0,2.54,91.8,62.63,8.24
2000,361,18.45,8.65,0.03,3.19,91.8,66.89,10.37
2000,362,19.15,9.75,0.85,3.58,91.8,69.97,12.2
2000,363,19.89,11.93,2.23,4.04,91.78,77.95,15.38
2000,364,21.36,14.1,6.8,3.59,91.72,82.95,17.95
2000,365,22.08,14.56,2.28,3.0,91.75,82.3,18.5
2000,366,22.32,14.03,0.11,2.44,91.75,78.72,17.91
2001,1,22.22,14.05,0.0,1.32,91.65,78.97,17.92
2001,2,21.83,14.16,0.35,1.64,91.75,80.67,18.07
2001,3,22.01,12.61,0.02,2.05,91.82,72.55,16.22
2001,4,21.39,11.22,0.0,2.81,91.86,69.16,14.38
2001,5,21.35,11.4,0.0,2.85,91.9,70.37,14.68
2001,6,20.2,9.83,0.0,2.49,91.96,67.24,12.02
2001,7,19.68,9.62,0.0,2.2,91.83,67.28,11.9
2001,8,19.4,9.41,0.0,1.98,91.75,67.13,11.62
2001,9,20.65,10.44,0.0,2.25,91.8,68.4,13.26
2001,10,21.14,11.38,0.0,2.25,91.85,70.56,14.65
2001,11,21.52,11.48,0.0,2.19,91.79,69.74,14.76
2001,12,21.82,11.89,0.0,2.86,91.79,70.49,15.34
2001,13,22.1,11.68,0.0,2.52,91.85,68.62,15.05
2001,14,21.11,9.24,0.0,2.75,91.87,60.43,11.34
2001,15,20.78,10.06,0.07,2.81,91.93,66.11,12.7
2001,16,20.72,10.11,0.4,3.21,91.96,66.77,12.66
2001,17,19.8,9.38,0.0,3.45,92.0,65.76,11.57
2001,18,19.85,8.95,0.0,3.06,91.97,63.32,10.92
2001,19,20.58,9.72,0.0,3.19,91.91,64.72,12.17
2001,20,20.43,9.38,0.0,3.33,91.88,63.19,11.65
2001,21,19.86,7.6,0.0,2.39,91.75,56.16,8.16
2001,22,20.35,7.54,0.0,1.47,91.69,55.42,7.93
2001,23,22.5,10.67,0.0,1.99,91.64,64.03,13.42
2001,24,23.17,10.41,0.0,2.71,91.69,59.27,13.08
2001,25,23.27,11.09,0.0,1.62,91.72,61.71,14.17
2001,26,22.23,8.58,0.0,1.96,91.69,54.58,9.63
2001,27,20.7,6.76,0.0,2.19,91.74,49.66,5.95
2001,28,20.38,6.91,0.0,2.51,91.77,52.12,6.31
2001,29,20.37,6.34,0.0,2.74,91.8,47.95,5.01
2001,30,20.17,7.69,0.0,2.1,91.78,53.88,8.46
2001,31,22.49,9.98,0.0,2.49,91.65,58.1,12.45
2001,32,23.3,10.8,0.04,2.66,91.61,60.74,13.62
2001,33,23.42,9.64,0.01,2.1,91.57,56.76,11.49
2001,34,24.87,12.09,0.0,1.51,91.6,61.84,15.34
2001,35,25.58,12.45,0.0,1.8,91.6,59.91,15.8
2001,36,24.7,9.26,0.0,1.73,91.68,47.14,11.32
2001,37,23.78,7.16,0.0,2.25,91.75,42.24,7.28
2001,38,23.36,6.07,0.0,2.83,91.76,36.87,4.96
2001,39,22.89,5.67,0.0,2.48,91.77,36.62,3.71
2001,40,22.7,5.9,0.0,1.8,91.82,40.64,3.58
2001,41,23.41,4.38,0.0,1.22,91.75,28.04,-0.38
2001,42,22.97,3.81,0.0,1.79,91.64,24.72,-1.66
2001,43,23.17,5.13,0.0,2.69,91.69,35.87,1.38
2001,44,22.8,6.69,0.0,2.65,91.75,45.74,5.56
2001,45,22.99,6.68,0.0,2.76,91.72,45.48,5.29
2001,46,23.36,6.74,0.0,2.1,91.74,45.55,5.2
2001,47,23.69,7.38,0.0,1.88,91.84,46.43,7.18
2001,48,24.37,8.18,0.0,2.23,91.85,49.2,8.62
2001,49,25.34,9.75,0.0,2.41,91.83,51.28,11.71
2001,50,26.06,10.24,0.0,1.68,91.86,50.48,12.65
2001,51,26.35,9.35,0.0,1.69,91.82,45.36,11.25
2001,52,26.25,8.72,0.0,2.05,91.67,42.64,10.16
2001,53,26.55,7.79,0.0,1.64,91.67,36.67,8.76
2001,54,26.23,7.04,0.0,2.25,91.74,33.8,7.17
2001,55,25.63,6.81,0.0,1.78,91.76,36.9,5.76
2001,56,26.31,5.88,0.0,1.37,91.63,30.03,4.39
2001,57,26.98,5.97,0.0,1.09,91.6,27.74,4.89
2001,58,27.23,8.12,0.0,2.49,91.71,37.32,9.24
2001,59,25.8,8.81,0.0,3.31,91.91,45.9,9.95
2001,60,25.21,8.18,0.0,3.07,91.96,45.63,8.89
2001,61,24.29,7.07,0.0,3.3,91.98,43.05,6.31
2001,62,24.54,8.55,0.0,3.83,91.96,47.95,9.95
2001,63,25.68,9.14,0.0,3.29,91.97,46.84,11.0
2001,64,26.0,8.16,0.0,2.24,91.85,41.38,9.16
2001,65,26.38,8.4,0.0,2.28,91.84,42.17,9.52
2001,66,27.14,8.47,0.0,1.99,91.81,36.44,10.16
2001,67,27.18,8.67,0.0,3.02,91.73,38.29,10.47
2001,68,26.77,9.9,0.0,2.76,91.78,43.05,12.51
2001,69,27.24,10.68,0.0,2.23,91.8,45.95,13.59
2001,70,26.78,9.86,0.0,1.93,91.88,42.9,12.45
2001,71,26.52,10.32,0.21,1.23,91.81,45.17,13.13
2001,72,27.02,9.61,0.03,1.77,91.75,41.16,12.05
2001,73,26.37,7.54,0.0,2.21,91.79,33.34,8.41
2001,74,27.29,7.65,0.0,2.39,91.87,34.31,8.6
2001,75,27.87,7.44,0.0,1.91,91.74,32.51,8.04
2001,76,27.81,7.88,0.0,1.67,91.63,34.96,8.87
2001,77,27.8,8.06,0.0,3.3,91.67,34.96,9.34
2001,78,27.61,8.44,0.0,3.02,91.78,38.31,9.85
2001,79,27.77,7.93,0.0,1.96,91.69,34.91,8.97
2001,80,29.07,9.06,0.55,1.3,91.52,34.73,11.11
2001,81,29.91,10.58,0.04,1.41,91.43,38.12,13.38
2001,82,30.68,9.12,0.0,1.87,91.42,31.68,11.12
2001,83,30.43,9.72,0.0,2.24,91.43,35.1,11.94
2001,84,29.7,9.33,0.0,1.71,91.45,36.36,10.81
2001,85,29.0,7.22,0.0,2.13,91.42,29.26,7.54
2001,86,28.36,8.31,0.0,2.53,91.38,35.32,9.43
2001,87,28.87,7.63,0.0,2.27,91.41,31.99,8.08
2001,88,30.62,11.32,0.03,2.91,91.37,40.4,14.4
2001,89,29.08,12.53,0.04,2.01,91.49,46.51,16.08
2001,90,29.76,10.67,0.0,1.58,91.61,42.23,13.13
2001,91,29.65,11.24,0.0,2.68,91.62,42.11,14.37
2001,92,29.77,10.78,0.0,3.19,91.52,39.48,13.74
2001,93,29.16,10.4,0.0,3.63,91.57,40.76,13.13
2001,94,28.38,10.97,0.0,3.18,91.67,46.57,13.83
2001,95,29.44,10.71,0.0,3.1,91.63,42.92,13.39
2001,96,29.6,9.13,0.0,2.95,91.67,37.75,10.12
2001,97,28.51,6.95,0.0,2.93,91.81,32.65,6.21
2001,98,29.71,8.67,0.21,2.22,91.62,33.78,10.05
2001,99,29.63,10.84,0.0,2.64,91.54,42.16,13.43
2001,100,29.05,10.83,0.47,3.49,91.69,42.31,13.7
2001,101,25.87,13.26,4.23,3.54,91.76,62.36,16.88
2001,102,24.69,14.02,17.29,2.14,91.61,69.08,17.79
2001,103,23.24,16.17,10.53,1.61,91.57,83.62,20.13
2001,104,24.25,15.33,30.72,1.25,91.84,76.27,19.28
2001,105,25.02,15.46,5.11,1.81,91.94,73.99,19.44
2001,106,24.38,16.22,28.49,0.96,91.82,79.03,20.21
2001,107,23.77,17.04,63.03,1.46,91.69,85.3,21.01
2001,108,22.68,16.57,74.51,1.69,91.66,88.14,20.55
2001,109,23.49,16.19,10.73,1.28,91.64,82.98,20.17
2001,110,24.41,15.37,0.5,1.57,91.55,76.25,19.31
2001,111,25.13,15.97,0.06,1.25,91.48,75.39,19.92
2001,112,25.35,15.96,0.07,1.26,91.49,73.58,19.9
2001,113,25.07,14.58,0.05,2.18,91.53,70.14,18.46
2001,114,24.41,13.01,0.34,2.2,91.64,66.38,16.65
2001,115,24.27,11.8,0.0,1.89,91.58,61.91,15.09
2001,116,24.08,10.81,0.0,1.67,91.57,56.92,13.75
2001,117,25.05,10.51,0.0,1.84,91.52,52.29,13.28
2001,118,24.66,13.77,0.0,1.48,91.44,68.4,17.51
2001,119,26.02,13.94,0.0,1.66,91.42,64.55,17.72
2001,120,25.93,13.74,0.0,1.75,91.54,64.46,17.49
2001,121,26.43,14.14,0.0,1.99,91.55,64.82,17.92
2001,122,26.29,14.65,0.0,1.52,91.42,66.92,18.47
2001,123,25.92,16.5,20.83,1.71,91.36,73.49,20.41
2001,124,24.71,17.21,11.06,2.25,91.51,81.43,21.13
2001,125,26.07,16.57,1.65,1.48,91.58,74.43,20.51
2001,126,26.45,17.17,0.47,1.71,91.52,74.65,21.09
2001,127,26.17,16.95,0.21,2.53,91.53,74.85,20.87
2001,128,26.39,15.97,0.01,2.68,91.48,70.74,19.89
2001,129,25.39,16.02,0.0,2.81,91.5,74.27,19.92
2001,130,26.55,15.59,0.0,2.52,91.51,69.04,19.49
2001,131,27.86,14.93,0.0,2.36,91.5,62.85,18.78
2001,132,28.05,15.42,0.93,3.29,91.44,63.79,19.23
2001,133,26.83,15.02,0.14,3.9,91.44,65.99,18.85
2001,134,27.25,14.39,0.0,2.65,91.45,62.24,18.12
2001,135,27.69,14.04,0.09,2.86,91.48,59.8,17.76
2001,136,27.5,15.19,0.02,2.64,91.55,62.76,19.11
2001,137,27.46,15.32,0.0,2.53,91.61,63.73,19.22
2001,138,26.98,14.25,0.0,2.4,91.59,62.08,18.04
2001,139,25.0,14.38,0.46,2.97,91.6,68.33,18.23
2001,140,24.85,14.69,6.65,3.0,91.57,71.11,18.55
2001,141,25.23,14.73,0.99,2.29,91.46,69.95,18.6
2001,142,24.6,14.06,0.25,3.64,91.5,69.22,17.87
2001,143,24.68,14.77,2.54,4.35,91.53,72.12,18.68
2001,144,24.15,13.62,0.08,5.09,91.48,69.18,17.35
2001,145,24.18,14.05,0.12,4.68,91.39,70.71,17.84
2001,146,24.5,14.15,0.13,4.84,91.46,70.56,17.92
2001,147,23.09,14.57,1.54,3.73,91.55,77.05,18.46
2001,148,23.72,14.46,0.26,4.55,91.48,74.24,18.34
2001,149,23.34,13.44,0.04,4.33,91.48,70.87,17.2
2001,150,24.41,13.91,0.07,4.32,91.42,69.84,17.69
2001,151,24.82,13.18,0.01,4.28,91.35,64.83,16.81
2001,152,25.43,14.08,0.04,3.5,91.31,66.49,17.84
2001,153,24.46,14.55,0.99,3.6,91.4,71.19,18.38
2001,154,23.3,14.32,0.73,2.99,91.43,74.65,18.13
2001,155,23.72,14.84,1.37,3.37,91.37,75.42,18.73
2001,156,23.36,14.52,0.49,3.68,91.32,75.24,18.36
2001,157,23.98,16.03,2.05,3.72,91.16,79.86,19.91
2001,158,23.18,14.98,0.17,4.6,91.14,77.99,18.84
2001,159,23.37,14.15,0.09,4.98,91.1,73.69,17.95
2001,160,23.83,13.88,0.03,5.38,91.19,71.08,17.63
2001,161,23.62,14.16,0.27,5.54,91.28,73.36,17.92
2001,162,22.89,15.65,4.75,4.91,91.21,82.43,19.55
2001,163,22.3,14.89,1.59,4.99,91.36,81.51,18.79
2001,164,22.34,14.0,1.47,5.69,91.52,76.98,17.84
2001,165,22.42,12.96,2.57,6.9,91.5,72.37,16.63
2001,166,23.84,13.17,0.03,6.32,91.52,68.5,16.8
2001,167,24.54,14.39,0.01,5.49,91.46,71.56,18.23
2001,168,24.89,14.46,0.01,5.61,91.41,70.43,18.3
2001,169,24.43,14.39,0.01,5.12,91.46,71.32,18.25
2001,170,24.59,14.75,0.03,5.14,91.55,72.04,18.66
2001,171,24.44,15.01,0.56,4.7,91.55,73.58,18.94
2001,172,24.71,14.39,0.38,5.08,91.55,70.46,18.25
2001,173,24.43,15.05,0.24,6.04,91.43,73.64,18.96
2001,174,24.74,14.79,0.01,5.85,91.36,71.66,18.66
2001,175,24.73,14.77,0.05,5.79,91.4,71.67,18.65
2001,176,25.41,14.51,0.02,5.98,91.45,68.62,18.38
2001,177,25.11,14.35,0.04,6.46,91.41,68.8,18.19
2001,178,24.29,14.23,1.05,5.69,91.46,71.17,18.07
2001,179,23.68,13.83,2.91,5.42,91.47,72.12,17.58
2001,180,23.48,14.29,7.93,4.72,91.41,74.39,18.09
2001,181,23.25,14.35,0.7,5.1,91.47,75.5,18.2
2001,182,23.84,13.55,0.18,5.07,91.57,70.35,17.31
2001,183,23.78,15.01,13.37,4.35,91.53,77.0,18.91
2001,184,24.15,15.02,1.76,5.44,91.41,75.39,18.91
2001,185,23.82,14.17,0.22,6.59,91.31,72.56,17.97
2001,186,23.71,14.82,0.52,6.97,91.26,75.51,18.7
2001,187,23.59,14.69,0.32,6.57,91.3,75.45,18.54
2001,188,23.92,14.68,0.25,6.98,91.24,74.22,18.53
2001,189,23.65,14.54,0.23,7.23,91.13,74.12,18.36
2001,190,24.36,14.46,0.21,6.9,91.18,71.41,18.28
2001,191,24.01,14.85,0.17,5.71,91.37,74.57,18.74
2001,192,23.66,14.61,0.19,5.43,91.42,74.75,18.49
2001,193,23.33,14.08,2.77,4.67,91.51,74.33,17.92
2001,194,22.55,14.56,2.12,3.61,91.62,79.38,18.46
2001,195,23.0,13.9,1.73,3.22,91.75,74.87,17.73
2001,196,22.82,14.35,7.67,4.19,91.73,77.44,18.26
2001,197,22.81,14.09,18.62,4.95,91.69,76.97,17.95
2001,198,21.73,13.79,0.97,4.98,91.69,79.34,17.64
2001,199,23.04,13.39,0.21,5.89,91.5,72.8,17.11
2001,200,23.35,13.66,0.17,5.57,91.4,72.13,17.43
2001,201,24.32,14.15,0.01,4.49,91.4,70.8,17.99
2001,202,24.45,13.87,0.03,4.32,91.36,69.12,17.66
2001,203,24.66,13.81,0.01,4.66,91.37,68.54,17.59
2001,204,24.44,14.53,0.03,4.24,91.36,71.74,18.4
2001,205,24.35,14.83,1.17,4.45,91.38,73.33,18.72
2001,206,23.15,15.12,1.16,3.96,91.4,79.05,19.04
2001,207,22.97,14.83,18.27,3.88,91.47,78.75,18.73
2001,208,22.58,14.95,13.27,3.05,91.41,81.04,18.85
2001,209,23.61,15.1,0.89,3.36,91.38,77.61,19.0
2001,210,22.84,15.09,0.61,4.17,91.47,80.44,19.01
2001,211,22.93,15.05,5.4,3.42,91.47,79.96,18.96
2001,212,22.4,15.65,11.81,3.09,91.49,85.08,19.6
2001,213,22.45,15.43,6.55,3.48,91.46,83.79,19.38
2001,214,22.36,15.19,9.4,4.24,91.29,83.08,19.08
2001,215,22.08,14.97,4.33,4.28,91.25,83.14,18.86
2001,216,22.57,15.22,3.37,4.01,91.44,82.55,19.14
2001,217,23.01,14.98,6.25,4.48,91.53,79.62,18.91
2001,218,22.75,14.95,4.03,4.26,91.42,80.48,18.87
2001,219,23.7,14.92,0.1,4.22,91.33,76.69,18.82
2001,220,23.69,15.39,4.15,3.74,91.45,78.57,19.33
2001,221,23.44,15.31,0.3,3.67,91.59,79.24,19.26
2001,222,23.44,15.87,4.85,3.27,91.52,81.58,19.83
2001,223,23.23,15.55,0.78,3.61,91.5,81.11,19.51
2001,224,22.93,15.04,0.03,4.02,91.54,80.01,18.99
2001,225,23.0,15.27,2.8,4.12,91.57,80.74,19.23
2001,226,22.44,14.84,0.03,4.48,91.69,81.11,18.79
2001,227,23.14,14.17,0.09,5.29,91.81,75.48,18.07
2001,228,22.68,13.5,1.18,5.09,91.73,73.45,17.24
2001,229,21.68,13.64,0.98,5.75,91.68,78.22,17.41
2001,230,22.34,14.4,0.53,5.25,91.59,79.39,18.3
2001,231,23.32,14.42,0.78,5.7,91.53,75.92,18.31
2001,232,23.54,14.38,1.09,5.42,91.52,75.24,18.26
2001,233,23.83,14.43,1.46,5.09,91.54,74.11,18.33
2001,234,24.26,14.88,0.15,5.08,91.38,74.2,18.79
2001,235,24.36,14.72,0.42,4.9,91.35,72.94,18.61
2001,236,24.64,14.93,0.14,4.55,91.42,72.81,18.84
2001,237,23.78,15.06,0.17,4.27,91.58,76.52,19.02
2001,238,23.3,15.46,5.45,3.67,91.59,80.39,19.41
2001,239,24.11,15.16,1.24,3.88,91.46,75.97,19.08
2001,240,23.02,14.62,0.02,4.83,91.42,77.33,18.51
2001,241,23.1,14.14,0.13,4.66,91.41,74.98,17.97
2001,242,23.66,14.15,2.06,4.93,91.38,73.49,17.98
2001,243,23.24,13.55,0.21,4.51,91.36,72.46,17.28
2001,244,23.4,13.51,0.01,3.75,91.4,71.94,17.25
2001,245,23.2,13.58,0.03,3.21,91.44,72.34,17.33
2001,246,24.4,14.27,0.01,2.43,91.54,71.27,18.12
2001,247,23.67,13.7,0.23,2.97,91.6,71.18,17.47
2001,248,23.68,13.34,0.09,3.46,91.57,70.35,17.07
2001,249,24.36,13.63,0.0,3.0,91.57,68.72,17.39
2001,250,24.63,14.39,0.0,1.89,91.65,70.47,18.26
2001,251,24.45,15.68,3.31,1.42,91.72,76.44,19.65
2001,252,22.79,15.85,3.36,1.99,91.65,84.0,19.83
2001,253,24.7,14.92,2.9,1.58,91.5,73.22,18.76
2001,254,23.03,15.15,4.31,2.05,91.52,79.9,19.07
2001,255,23.96,14.86,0.6,1.81,91.51,75.19,18.76
2001,256,22.09,15.38,3.73,1.35,91.45,84.81,19.32
2001,257,22.96,15.42,30.22,0.87,91.52,81.39,19.36
2001,258,22.72,15.53,3.64,1.39,91.6,83.18,19.49
2001,259,23.28,15.52,27.67,0.76,91.58,80.3,19.49
2001,260,22.65,15.98,6.9,1.93,91.57,85.39,19.95
2001,261,22.4,15.77,7.68,1.75,91.55,85.73,19.73
2001,262,22.52,15.94,4.79,1.46,91.56,85.7,19.91
2001,263,22.28,15.57,3.16,1.47,91.53,85.47,19.53
2001,264,22.41,15.93,26.11,1.66,91.53,86.14,19.9
2001,265,22.46,16.22,24.04,1.48,91.55,87.69,20.19
2001,266,22.49,16.41,32.98,1.61,91.55,88.43,20.36
2001,267,22.54,16.23,3.51,1.78,91.51,87.4,20.18
2001,268,21.91,16.05,0.91,2.23,91.45,89.34,20.0
2001,269,22.17,16.35,10.87,2.39,91.37,89.48,20.28
2001,270,22.39,16.36,6.1,2.92,91.36,88.51,20.3
2001,271,22.04,16.12,3.14,2.66,91.3,89.01,20.04
2001,272,21.89,15.99,4.76,2.24,91.22,89.02,19.9
2001,273,22.08,16.55,26.4,2.18,91.14,90.69,20.43
2001,274,22.6,16.21,1.26,2.88,91.37,87.01,20.16
2001,275,22.57,16.14,0.45,3.02,91.48,86.75,20.1
2001,276,21.6,14.58,0.07,2.19,91.51,83.66,18.49
2001,277,21.78,15.87,4.54,1.97,91.49,89.07,19.81
2001,278,21.59,16.1,20.06,2.61,91.42,91.24,20.05
2001,279,21.69,16.04,18.84,2.87,91.36,90.38,19.98
2001,280,22.48,16.5,11.57,3.25,91.34,88.8,20.42
2001,281,23.14,16.59,2.89,1.92,91.47,86.06,20.53
2001,282,22.39,16.25,3.85,1.64,91.62,88.07,20.23
2001,283,22.62,15.97,2.29,1.29,91.7,85.74,19.96
2001,284,22.35,16.45,10.17,1.46,91.75,89.48,20.45
2001,285,22.4,16.88,7.98,1.49,91.71,91.27,20.85
2001,286,22.36,15.95,4.36,2.51,91.62,87.09,19.94
2001,287,21.67,16.49,5.68,2.16,91.48,92.73,20.43
2001,288,21.97,16.31,4.1,2.11,91.54,90.69,20.28
2001,289,21.24,15.95,16.11,3.42,91.46,92.19,19.91
2001,290,21.81,16.01,5.95,2.19,91.34,89.48,19.92
2001,291,22.43,16.25,0.35,1.51,91.48,87.87,20.2
2001,292,22.7,16.61,0.96,1.09,91.75,88.58,20.6
2001,293,23.06,16.33,0.31,1.7,91.81,85.97,20.34
2001,294,22.64,16.0,0.17,1.87,91.67,86.13,19.98
2001,295,21.46,14.24,0.29,2.46,91.69,83.18,18.11
2001,296,20.98,13.87,0.34,2.24,91.7,83.31,17.73
2001,297,21.8,15.87,4.77,1.94,91.58,88.56,19.74
2001,298,22.74,16.56,2.65,1.27,91.48,87.95,20.51
2001,299,23.03,16.84,2.59,2.42,91.42,87.91,20.77
2001,300,21.89,15.4,0.22,2.6,91.59,86.39,19.35
2001,301,21.73,14.73,0.21,1.8,91.72,83.96,18.68
2001,302,20.45,11.77,0.02,1.29,91.68,73.69,15.16
2001,303,20.72,11.27,0.0,1.16,91.67,68.82,14.45
2001,304,20.81,12.02,0.01,1.12,91.76,72.91,15.43
2001,305,20.73,12.63,0.16,1.56,91.82,77.25,16.24
2001,306,21.35,14.95,5.04,2.01,91.88,86.88,18.93
2001,307,21.31,14.74,0.61,2.26,91.81,86.08,18.7
2001,308,19.7,13.01,0.36,2.24,91.73,83.66,16.68
2001,309,21.28,14.96,0.8,1.87,91.69,87.05,18.84
2001,310,21.91,16.1,11.55,0.88,91.64,89.89,20.07
2001,311,21.35,15.75,6.38,1.51,91.61,90.84,19.73
2001,312,21.24,15.34,1.55,2.87,91.55,89.26,19.29
2001,313,21.74,15.17,0.1,2.82,91.57,86.17,19.13
2001,314,20.84,14.59,0.01,2.22,91.51,87.15,18.49
2001,315,20.31,13.13,0.35,1.83,91.52,82.02,16.84
2001,316,20.62,14.19,0.03,1.69,91.57,85.72,18.05
2001,317,21.0,13.56,0.0,1.05,91.73,80.49,17.27
2001,318,22.32,15.74,0.7,1.45,91.82,86.36,19.76
2001,319,22.17,15.78,0.87,1.74,91.85,87.52,19.81
2001,320,21.61,15.66,1.22,1.89,91.86,89.47,19.68
2001,321,21.14,14.77,0.81,2.17,91.92,87.33,18.76
2001,322,21.43,15.37,2.79,2.5,91.95,88.95,19.4
2001,323,21.08,14.3,0.21,2.71,91.97,85.27,18.26
2001,324,19.91,13.19,0.14,2.71,92.01,84.57,16.98
2001,325,20.09,13.6,0.92,2.74,92.01,85.99,17.44
2001,326,21.13,14.74,0.53,2.85,91.95,87.1,18.73
2001,327,20.6,14.05,0.08,2.7,91.95,85.96,17.97
2001,328,20.26,13.38,0.01,2.42,91.93,84.05,17.2
2001,329,20.31,13.27,0.0,2.5,91.94,83.2,17.07
2001,330,19.42,12.19,0.1,2.3,91.9,81.43,15.75
2001,331,19.22,11.87,0.1,1.67,91.93,80.81,15.33
2001,332,20.08,13.19,0.09,1.62,91.82,83.33,16.96
2001,333,19.73,12.68,0.04,1.94,91.84,82.5,16.34
2001,334,18.26,11.72,0.31,2.24,91.9,83.8,15.13
2001,335,20.59,14.11,0.36,2.17,91.86,86.35,18.01
2001,336,20.37,12.97,0.12,2.45,91.88,81.69,16.69
2001,337,18.9,11.69,0.01,2.52,91.91,81.17,15.11
2001,338,18.49,11.16,0.0,2.13,91.89,79.58,14.35
2001,339,17.82,8.97,0.0,1.8,91.88,69.92,10.86
2001,340,17.49,9.01,0.0,1.86,91.93,71.45,11.03
2001,341,17.06,9.43,0.0,2.02,91.92,74.46,11.79
2001,342,16.71,8.63,0.0,1.74,91.96,71.36,10.47
2001,343,16.29,8.45,0.0,2.06,92.04,72.2,10.17
2001,344,16.14,8.66,0.0,1.81,92.11,73.57,10.47
2001,345,16.99,9.94,0.0,2.28,92.11,77.28,12.65
2001,346,17.05,9.4,0.0,2.45,92.17,74.85,11.75
2001,347,17.24,8.88,0.0,2.39,92.19,70.77,10.83
2001,348,18.02,10.1,0.0,2.37,92.2,75.21,12.87
2001,349,17.89,9.48,0.0,2.16,92.21,72.86,11.88
2001,350,18.25,10.06,0.0,2.36,92.12,74.61,12.78
2001,351,19.31,11.89,0.29,2.83,92.09,79.8,15.32
2001,352,20.58,13.1,0.7,3.68,92.14,81.45,16.91
2001,353,20.05,11.78,0.04,3.53,92.13,76.55,15.25
2001,354,18.67,11.45,1.23,3.59,92.11,80.49,14.77
2001,355,20.04,14.1,6.47,3.71,92.07,88.83,18.02
2001,356,20.94,13.91,3.1,3.31,92.11,84.12,17.84
2001,357,19.59,13.29,1.78,2.99,92.17,86.5,17.12
2001,358,20.02,13.18,0.45,2.58,92.14,84.34,17.01
2001,359,20.69,13.02,0.22,2.72,92.1,80.71,16.8
2001,360,21.13,12.82,0.08,2.97,92.18,78.18,16.57
2001,361,20.62,11.82,0.01,3.02,92.31,75.18,15.3
2001,362,20.35,11.26,0.0,2.68,92.31,73.85,14.5
2001,363,20.07,12.15,0.0,2.91,92.21,78.44,15.74
2001,364,19.96,10.74,0.01,2.67,92.17,71.46,13.74
2001,365,18.62,11.52,0.0,2.68,92.18,80.15,14.9
2002,1,20.0,11.46,0.0,3.11,92.17,75.37,14.82
2002,2,18.17,10.5,0.0,3.25,92.24,76.91,13.49
2002,3,18.59,9.91,0.0,3.36,92.16,72.72,12.58
2002,4,19.5,10.8,0.76,3.04,92.08,74.3,13.83
2002,5,21.09,12.76,0.66,2.66,91.98,78.19,16.45
2002,6,21.87,12.99,0.64,2.44,91.94,76.18,16.7
2002,7,20.34,13.63,0.46,2.1,91.98,84.72,17.5
2002,8,20.77,13.74,1.51,2.36,91.98,83.95,17.62
2002,9,21.69,13.59,0.57,3.12,92.03,79.19,17.46
2002,10,21.34,12.64,0.07,3.53,92.1,76.05,16.34
2002,11,20.26,10.22,0.0,3.17,92.03,68.48,12.93
2002,12,19.42,8.57,0.0,2.51,91.98,63.18,10.06
2002,13,17.9,7.62,0.0,2.25,91.85,62.62,8.29
2002,14,17.6,7.06,0.0,1.95,91.76,60.85,6.73
2002,15,18.53,7.62,0.0,1.79,91.83,62.49,8.0
2002,16,18.96,8.12,0.0,1.91,91.79,64.14,8.91
2002,17,19.15,8.46,0.0,1.78,91.72,64.16,9.77
2002,18,19.96,9.52,0.0,2.06,91.65,66.6,11.7
2002,19,20.92,10.92,0.0,2.41,91.73,69.75,13.93
2002,20,22.7,13.36,0.35,2.44,91.8,74.97,17.09
2002,21,23.18,14.49,0.11,2.33,91.77,77.36,18.41
2002,22,24.26,14.61,0.0,1.72,91.73,73.99,18.51
2002,23,24.31,13.33,0.0,1.95,91.8,67.95,17.08
2002,24,23.92,11.38,0.0,1.29,91.85,61.23,14.61
2002,25,23.15,10.87,0.0,1.77,91.81,62.66,13.79
2002,26,23.29,10.57,0.0,1.16,91.77,61.5,13.18
2002,27,23.38,11.64,0.0,1.82,91.7,64.72,14.9
2002,28,23.25,12.27,0.0,1.68,91.8,66.49,15.8
2002,29,22.94,11.97,0.0,2.28,91.87,66.87,15.39
2002,30,22.07,10.05,0.03,3.03,91.92,61.83,12.55
2002,31,21.25,10.72,1.56,3.9,92.0,68.21,13.61
2002,32,21.36,12.76,3.93,4.29,92.1,76.83,16.48
2002,33,20.73,12.31,3.78,3.61,92.1,76.59,15.88
2002,34,22.2,13.13,0.87,3.42,91.96,74.98,16.91
2002,35,22.29,12.63,0.0,3.23,91.92,71.72,16.29
2002,36,22.66,11.94,0.08,3.14,91.96,67.85,15.37
2002,37,23.85,12.67,0.01,2.56,91.87,67.26,16.3
2002,38,23.27,13.49,0.65,2.05,91.83,71.83,17.3
2002,39,21.75,13.66,0.94,2.02,91.86,78.09,17.51
2002,40,20.96,11.43,0.11,2.57,91.9,70.02,14.65
2002,41,21.79,9.14,0.0,2.73,91.83,59.89,10.64
2002,42,22.77,10.26,0.0,2.03,91.87,61.89,12.78
2002,43,23.36,11.59,0.0,3.03,91.96,64.7,14.87
2002,44,22.51,10.28,0.0,4.08,92.05,61.36,12.89
2002,45,22.06,10.31,0.0,3.87,92.08,63.2,13.09
2002,46,22.31,8.48,0.0,3.23,92.08,53.85,9.79
2002,47,22.59,8.22,0.0,2.6,92.02,52.88,9.17
2002,48,22.68,8.2,0.0,2.57,92.08,52.62,8.79
2002,49,22.26,7.32,0.0,2.64,92.18,50.76,6.58
2002,50,23.45,8.55,0.0,1.81,92.26,53.47,9.53
2002,51,23.2,7.36,0.0,2.81,92.2,48.38,6.55
2002,52,22.55,5.95,0.0,3.32,92.19,39.13,4.35
2002,53,22.06,7.51,0.0,3.55,92.32,49.15,8.19
2002,54,21.84,6.57,0.0,3.42,92.27,44.71,6.04
2002,55,21.81,5.04,0.0,3.38,92.09,35.93,1.93
2002,56,22.15,4.5,0.0,3.24,91.96,31.63,0.23
2002,57,22.65,6.24,0.0,2.79,91.94,44.17,4.44
2002,58,24.01,6.39,0.0,2.67,91.89,41.6,4.28
2002,59,24.32,7.05,0.0,2.98,91.85,43.99,5.61
2002,60,24.26,5.27,0.0,3.0,91.83,32.4,2.32
2002,61,23.99,5.92,0.0,2.79,91.8,37.35,3.86
2002,62,24.86,5.89,0.0,2.89,91.74,34.07,4.22
2002,63,25.75,6.71,0.0,3.2,91.69,34.83,6.51
2002,64,25.86,6.71,0.0,3.37,91.79,34.4,6.53
2002,65,25.68,6.57,0.0,2.89,91.83,34.79,6.17
2002,66,25.77,6.5,0.0,1.85,91.8,33.93,6.03
2002,67,26.07,8.74,0.0,2.62,91.76,44.19,10.27
2002,68,25.75,9.3,0.0,3.94,91.9,47.55,11.08
2002,69,25.5,7.84,0.0,3.56,91.99,41.15,8.82
2002,70,26.64,7.75,0.0,3.37,91.91,38.28,8.66
2002,71,26.67,8.59,0.0,3.63,91.86,41.33,10.22
2002,72,26.08,7.44,0.0,3.54,91.91,38.05,8.02
2002,73,25.6,7.74,0.0,2.65,91.87,44.05,7.59
2002,74,26.82,8.74,0.0,1.85,91.78,45.86,9.27
2002,75,27.62,9.31,0.21,2.76,91.71,44.87,10.39
2002,76,26.8,9.05,0.03,3.53,91.74,44.64,10.62
2002,77,26.2,7.88,0.0,4.15,91.9,38.59,8.96
2002,78,26.19,7.03,0.0,3.93,91.96,36.72,6.86
2002,79,25.9,5.81,0.0,3.4,91.85,31.8,3.67
2002,80,26.4,7.28,0.0,1.81,91.71,40.47,6.49
2002,81,27.68,8.9,0.0,1.81,91.58,39.24,10.57
2002,82,29.2,9.32,0.0,1.84,91.52,35.89,11.44
2002,83,30.14,9.13,0.0,1.39,91.38,32.94,11.16
2002,84,30.84,9.05,0.0,1.8,91.32,32.22,10.93
2002,85,29.54,9.24,0.0,3.56,91.4,36.31,11.19
2002,86,28.99,10.14,0.0,2.18,91.52,42.61,12.37
2002,87,29.62,12.4,0.07,2.1,91.58,48.03,15.74
2002,88,29.08,12.9,0.06,2.48,91.67,49.83,16.46
2002,89,30.03,11.62,0.0,2.53,91.66,44.32,14.75
2002,90,29.33,12.29,0.45,2.74,91.72,47.4,15.67
2002,91,29.24,11.51,0.44,2.08,91.88,44.32,14.78
2002,92,30.08,12.07,0.01,2.06,91.79,44.03,15.38
2002,93,30.3,9.2,0.0,2.27,91.56,34.62,11.07
2002,94,29.84,12.29,6.44,1.79,91.49,44.67,15.69
2002,95,28.44,12.82,0.13,2.04,91.63,50.02,16.44
2002,96,28.85,11.69,0.0,2.11,91.71,45.9,14.88
2002,97,27.91,8.6,0.0,2.58,91.69,38.66,9.6
2002,98,28.7,10.6,0.01,1.91,91.67,44.81,13.2
2002,99,29.77,9.35,0.01,2.01,91.58,35.48,11.23
2002,100,29.75,9.37,0.0,2.78,91.43,38.51,11.0
2002,101,29.91,10.92,0.09,2.68,91.53,42.03,13.75
2002,102,30.03,10.78,0.02,2.84,91.69,40.12,13.61
2002,103,29.28,10.96,0.37,2.89,91.73,43.54,13.57
2002,104,29.07,11.06,0.01,2.92,91.65,45.12,13.68
2002,105,29.95,8.48,0.0,3.26,91.63,33.36,9.64
2002,106,28.89,8.11,0.0,2.78,91.62,34.41,9.04
2002,107,29.21,8.87,0.0,3.26,91.57,38.25,9.99
2002,108,29.24,8.05,0.0,3.41,91.51,35.23,8.44
2002,109,29.65,9.41,0.0,3.61,91.6,38.84,11.2
2002,110,29.17,11.24,0.0,3.07,91.65,45.63,13.92
2002,111,28.64,10.02,0.0,2.85,91.54,41.4,12.0
2002,112,29.75,10.97,0.42,2.33,91.48,43.25,13.52
2002,113,30.97,9.7,0.05,3.5,91.47,35.69,11.83
2002,114,30.36,9.96,0.05,3.74,91.44,39.72,11.73
2002,115,29.53,9.31,0.0,3.33,91.41,38.45,10.75
2002,116,30.07,9.51,0.0,3.12,91.42,37.93,11.25
2002,117,30.27,10.9,0.0,3.62,91.45,42.63,13.28
2002,118,30.69,10.84,0.0,3.43,91.45,41.34,13.49
2002,119,30.89,9.12,0.0,2.83,91.36,36.41,10.17
2002,120,31.52,9.6,0.05,2.91,91.29,34.06,11.74
2002,121,30.28,8.56,0.0,3.71,91.26,35.07,9.04
2002,122,29.08,9.99,0.0,4.24,91.34,42.07,12.15
2002,123,28.67,12.68,0.15,3.66,91.42,53.45,15.94
2002,124,28.19,13.47,1.08,3.7,91.49,54.82,17.11
2002,125,30.19,10.95,0.0,2.84,91.34,42.7,13.7
2002,126,31.1,12.29,0.03,2.2,91.3,43.66,15.44
2002,127,30.15,13.73,10.21,2.2,91.43,50.39,17.35
2002,128,28.78,15.34,0.77,2.44,91.53,60.45,19.18
2002,129,28.6,14.92,0.01,3.68,91.6,57.75,18.81
2002,130,28.84,14.48,2.15,4.58,91.55,56.0,18.33
2002,131,27.9,15.33,1.1,5.07,91.47,62.1,19.23
2002,132,28.74,14.37,0.01,4.37,91.38,56.95,18.16
2002,133,28.66,14.23,0.06,4.47,91.48,57.38,17.95
2002,134,28.32,13.16,0.61,4.04,91.55,55.09,16.57
2002,135,25.85,15.08,0.16,3.0,91.53,67.61,18.99
2002,136,24.9,16.01,4.2,3.47,91.43,74.93,19.93
2002,137,24.2,17.63,37.82,4.03,91.34,85.16,21.48
2002,138,24.65,15.88,1.94,4.99,91.39,76.59,19.83
2002,139,25.59,15.04,0.02,5.56,91.31,70.08,18.93
2002,140,24.96,15.84,3.3,4.41,91.32,74.88,19.78
2002,141,26.32,14.93,0.08,3.21,91.42,67.14,18.82
2002,142,25.02,14.58,0.0,2.59,91.6,69.19,18.47
2002,143,26.64,15.85,3.33,1.18,91.56,68.74,19.79
2002,144,26.73,16.8,3.87,1.82,91.61,71.98,20.7
2002,145,25.65,17.52,69.27,2.23,91.68,78.72,21.44
2002,146,25.07,16.47,0.21,2.73,91.68,77.45,20.44
2002,147,25.59,15.97,0.04,2.26,91.58,73.38,19.94
2002,148,25.79,15.74,2.54,3.14,91.55,71.94,19.69
2002,149,25.09,16.37,0.91,2.93,91.6,76.68,20.33
2002,150,25.71,16.69,0.2,2.43,91.56,75.53,20.63
2002,151,25.22,16.52,3.11,1.71,91.53,76.65,20.47
2002,152,24.35,16.01,23.96,2.39,91.52,78.37,19.96
2002,153,24.01,15.69,2.67,2.75,91.48,78.51,19.64
2002,154,24.52,16.14,1.16,3.68,91.42,78.08,20.09
2002,155,24.98,16.36,0.4,3.5,91.35,77.1,20.28
2002,156,25.22,16.42,0.0,2.91,91.4,76.29,20.35
2002,157,24.63,16.68,0.01,2.11,91.43,79.41,20.61
2002,158,24.23,15.9,0.87,2.58,91.4,77.9,19.82
2002,159,25.59,15.88,0.2,2.66,91.25,72.97,19.78
2002,160,24.51,17.05,13.58,2.69,91.21,81.64,20.92
2002,161,23.45,16.88,27.32,2.53,91.23,85.62,20.78
2002,162,23.08,16.88,21.38,1.8,91.24,87.34,20.77
2002,163,23.47,17.05,2.02,2.08,91.21,86.31,20.94
2002,164,23.52,16.8,2.45,2.07,91.15,84.93,20.68
2002,165,23.58,16.07,2.15,4.24,91.21,81.75,19.98
2002,166,23.29,15.59,0.24,4.96,91.32,80.64,19.52
2002,167,22.41,15.5,0.37,4.49,91.37,84.12,19.43
2002,168,22.43,14.89,0.54,4.48,91.5,81.28,18.81
2002,169,22.49,16.13,18.45,4.11,91.44,86.75,20.08
2002,170,23.03,15.37,0.17,5.56,91.4,80.94,19.29
2002,171,23.16,15.87,4.12,4.95,91.39,82.61,19.82
2002,172,23.81,16.21,1.71,4.53,91.44,81.52,20.15
2002,173,23.38,16.27,0.17,4.21,91.43,83.48,20.22
2002,174,23.47,16.09,0.11,4.7,91.49,82.33,20.05
2002,175,23.87,15.71,0.29,5.22,91.53,79.08,19.68
2002,176,23.23,15.56,0.02,5.4,91.5,81.07,19.52
2002,177,23.29,15.41,0.01,4.83,91.51,80.27,19.36
2002,178,23.75,15.27,0.14,4.32,91.62,78.05,19.23
2002,179,24.56,15.87,0.04,3.53,91.73,77.41,19.87
2002,180,25.02,15.49,0.01,3.46,91.69,74.28,19.46
2002,181,24.39,15.13,0.0,3.87,91.57,74.71,19.06
2002,182,24.09,15.61,0.03,4.2,91.54,77.71,19.58
2002,183,23.68,15.27,0.24,4.91,91.61,77.84,19.24
2002,184,23.97,15.16,0.02,4.85,91.62,76.62,19.13
2002,185,23.82,15.29,0.02,4.32,91.58,77.57,19.24
2002,186,24.5,15.19,2.12,4.61,91.64,74.74,19.15
2002,187,24.64,15.12,0.22,4.63,91.58,73.81,19.07
2002,188,24.83,15.0,0.0,4.28,91.52,72.76,18.94
2002,189,24.3,14.43,0.1,4.47,91.51,72.43,18.31
2002,190,24.15,14.05,0.02,4.39,91.56,71.43,17.89
2002,191,24.23,14.67,0.1,4.91,91.53,73.51,18.59
2002,192,24.52,15.37,5.4,5.6,91.42,75.17,19.3
2002,193,23.51,15.53,5.77,5.11,91.5,79.7,19.48
2002,194,23.94,15.05,0.11,5.22,91.54,76.12,18.99
2002,195,24.24,14.64,0.01,5.1,91.55,73.26,18.56
2002,196,24.06,15.16,0.92,5.04,91.54,76.0,19.1
2002,197,22.87,15.42,3.17,4.99,91.51,81.94,19.36
2002,198,23.42,14.17,0.25,5.1,91.44,74.24,17.99
2002,199,22.81,14.48,0.09,4.05,91.47,77.87,18.35
2002,200,24.3,14.03,0.01,4.31,91.55,70.9,17.86
2002,201,24.42,14.89,0.27,3.62,91.62,73.74,18.81
2002,202,23.95,15.23,5.5,3.96,91.62,77.11,19.17
2002,203,23.84,14.94,1.57,3.58,91.68,76.3,18.88
2002,204,22.9,14.79,0.03,3.84,91.83,78.98,18.77
2002,205,23.23,14.22,0.19,3.84,91.82,75.51,18.11
2002,206,22.36,13.44,1.02,4.82,91.8,75.13,17.19
2002,207,23.86,13.33,0.05,4.55,91.57,70.1,17.05
2002,208,24.52,14.45,1.75,4.36,91.51,71.79,18.32
2002,209,24.44,15.13,1.1,4.13,91.56,74.58,19.07
2002,210,24.94,15.08,0.4,4.8,91.41,72.42,18.99
2002,211,23.87,14.99,0.05,4.92,91.25,75.58,18.87
2002,212,23.04,15.1,6.3,3.85,91.21,79.53,18.99
2002,213,23.42,14.71,0.43,3.49,91.21,76.48,18.54
2002,214,23.75,14.55,0.15,3.48,91.19,74.42,18.37
2002,215,23.79,15.16,0.89,4.1,91.17,76.87,19.03
2002,216,23.3,14.95,1.25,4.85,91.21,77.67,18.83
2002,217,23.28,14.41,1.08,4.89,91.35,75.8,18.26
2002,218,22.66,13.9,1.98,5.63,91.4,75.71,17.68
2002,219,22.33,13.16,0.36,5.79,91.52,73.24,16.84
2002,220,22.27,13.32,1.66,5.4,91.56,74.76,17.02
2002,221,22.64,13.58,0.77,5.94,91.5,74.64,17.36
2002,222,22.37,12.72,1.4,6.27,91.57,71.8,16.31
2002,223,21.4,13.57,0.22,5.96,91.68,79.17,17.39
2002,224,22.23,13.75,0.14,5.92,91.72,77.04,17.59
2002,225,23.27,14.04,0.14,6.1,91.63,74.42,17.9
2002,226,23.64,14.61,0.13,5.31,91.54,75.14,18.51
2002,227,23.94,14.35,0.48,6.1,91.47,72.59,18.22
2002,228,23.73,15.23,1.03,5.73,91.43,77.42,19.16
2002,229,23.21,15.14,7.42,5.41,91.44,79.04,19.06
2002,230,23.9,14.51,1.57,5.66,91.5,74.11,18.4
2002,231,23.97,14.42,0.17,5.41,91.54,73.33,18.31
2002,232,24.19,14.66,0.71,4.97,91.47,73.43,18.56
2002,233,24.4,14.74,5.12,4.75,91.44,73.04,18.64
2002,234,24.32,14.56,5.06,4.64,91.47,72.96,18.44
2002,235,24.37,14.33,0.6,4.62,91.51,71.71,18.21
2002,236,24.16,14.17,0.67,4.2,91.62,71.74,18.03
2002,237,23.52,14.03,0.04,3.33,91.71,73.2,17.9
2002,238,24.02,13.67,0.08,1.74,91.76,69.9,17.47
2002,239,24.81,15.11,4.73,1.09,91.69,72.93,19.01
2002,240,24.0,15.32,1.7,2.56,91.64,76.51,19.27
2002,241,24.44,14.67,0.38,2.32,91.67,72.34,18.58
2002,242,25.19,13.6,0.05,3.12,91.58,66.58,17.26
2002,243,25.36,14.34,0.33,3.18,91.51,68.65,18.16
2002,244,23.81,13.97,0.07,4.25,91.57,71.83,17.78
2002,245,24.46,14.3,1.95,3.56,91.64,71.38,18.16
2002,246,25.47,14.73,0.37,3.72,91.64,69.52,18.65
2002,247,24.5,14.56,0.15,3.69,91.56,71.72,18.45
2002,248,25.35,14.16,0.23,4.38,91.49,67.5,18.0
2002,249,24.93,14.54,1.81,4.67,91.53,70.25,18.43
2002,250,23.74,14.67,3.44,4.35,91.56,75.2,18.56
2002,251,23.83,14.09,1.0,4.43,91.59,72.58,17.95
2002,252,22.74,14.03,9.32,4.28,91.57,76.56,17.87
2002,253,23.55,12.0,0.94,4.24,91.49,65.64,15.32
2002,254,22.81,12.56,0.01,3.84,91.54,70.01,16.1
2002,255,24.4,12.42,0.08,3.52,91.62,64.96,15.85
2002,256,25.74,13.08,0.04,1.89,91.69,63.15,16.68
2002,257,25.62,14.79,1.46,1.93,91.77,68.87,18.69
2002,258,24.03,15.65,8.81,1.22,91.8,78.1,19.64
2002,259,22.86,15.71,28.54,2.08,91.9,83.85,19.73
2002,260,24.05,14.68,1.99,2.51,91.77,74.49,18.6
2002,261,24.75,14.76,1.65,1.95,91.75,72.06,18.68
2002,262,24.67,14.99,1.13,1.55,91.78,72.99,18.94
2002,263,23.94,14.97,0.18,2.25,91.78,75.84,18.93
2002,264,25.08,13.93,0.09,2.68,91.65,67.82,17.73
2002,265,24.18,12.43,0.0,2.68,91.58,65.11,15.89
2002,266,24.51,12.35,0.0,2.86,91.57,64.24,15.71
2002,267,25.32,12.91,0.0,2.81,91.52,64.23,16.43
2002,268,25.07,13.26,0.0,2.32,91.59,65.66,16.88
2002,269,26.02,14.21,0.2,1.62,91.65,65.47,18.05
2002,270,24.22,15.95,18.26,1.18,91.66,77.77,19.94
2002,271,24.97,14.46,1.23,1.05,91.67,69.88,18.34
2002,272,25.07,13.87,0.27,1.25,91.68,66.5,17.69
2002,273,24.81,13.7,0.1,1.59,91.63,66.48,17.52
2002,274,24.99,13.21,0.4,2.61,91.66,65.75,16.87
2002,275,25.17,14.03,0.03,2.15,91.76,68.28,17.88
2002,276,25.59,14.74,2.35,1.46,91.7,69.11,18.66
2002,277,25.99,13.26,0.34,2.68,91.63,62.66,16.8
2002,278,25.31,13.03,2.29,2.67,91.6,64.01,16.6
2002,279,24.6,14.25,1.95,2.08,91.66,71.61,18.04
2002,280,24.51,15.07,1.28,2.41,91.67,74.66,19.0
2002,281,23.98,15.31,3.48,2.86,91.61,77.87,19.26
2002,282,23.11,15.63,27.43,2.74,91.61,82.42,19.6
2002,283,22.53,16.58,27.53,1.95,91.69,89.18,20.56
2002,284,22.81,16.44,8.47,2.89,91.68,87.2,20.43
2002,285,22.9,16.63,7.84,3.09,91.49,87.56,20.58
2002,286,22.51,16.06,5.61,3.13,91.44,86.61,20.01
2002,287,22.94,16.83,6.04,2.61,91.37,88.19,20.74
2002,288,22.52,16.2,15.87,1.91,91.49,87.32,20.16
2002,289,22.58,15.88,2.77,1.89,91.64,85.66,19.84
2002,290,22.6,16.2,3.44,2.2,91.72,87.04,20.2
2002,291,22.95,15.85,0.2,1.56,91.66,83.7,19.84
2002,292,21.79,15.05,8.68,1.97,91.65,84.99,19.0
2002,293,21.9,12.8,2.54,1.93,91.78,73.95,16.48
2002,294,21.06,11.55,0.04,1.61,91.82,69.92,14.85
2002,295,21.92,12.94,0.22,2.09,91.73,74.26,16.64
2002,296,21.5,12.32,0.11,2.67,91.64,73.31,15.85
2002,297,21.48,12.36,0.18,2.71,91.63,72.67,15.87
2002,298,21.9,14.12,0.69,2.29,91.67,80.42,18.01
2002,299,21.99,15.73,4.09,2.68,91.65,87.68,19.69
2002,300,22.17,15.51,2.63,3.16,91.58,85.73,19.48
2002,301,21.9,15.29,3.32,1.21,91.6,86.03,19.25
2002,302,22.35,15.87,23.05,2.11,91.62,86.74,19.86
2002,303,22.04,15.39,7.37,2.51,91.73,86.06,19.39
2002,304,20.76,13.72,0.94,3.34,91.8,83.29,17.58
2002,305,20.56,14.64,16.87,3.22,91.75,88.94,18.57
2002,306,21.28,14.67,1.09,3.05,91.87,85.79,18.63
2002,307,21.81,14.29,0.09,2.86,91.93,81.85,18.24
2002,308,21.37,13.33,0.38,2.71,91.91,79.57,17.11
2002,309,21.05,14.08,0.4,2.66,91.85,84.07,17.98
2002,310,21.51,14.81,0.28,2.39,91.75,85.46,18.75
2002,311,22.46,15.37,0.83,2.38,91.81,84.2,19.37
2002,312,22.09,14.99,1.67,3.05,91.78,83.8,18.94
2002,313,22.07,15.16,2.71,2.65,91.71,84.77,19.13
2002,314,21.96,15.06,6.75,3.03,91.66,84.84,19.03
2002,315,22.26,14.2,0.38,2.14,91.62,79.48,18.09
2002,316,22.62,13.58,0.0,1.0,91.61,74.3,17.38
2002,317,22.86,14.19,0.06,1.21,91.66,75.69,18.06
2002,318,22.31,14.03,0.03,1.98,91.7,78.49,17.89
2002,319,22.1,13.77,0.0,2.31,91.81,78.22,17.6
2002,320,21.95,13.21,0.0,2.54,91.87,76.17,16.93
2002,321,21.66,12.65,0.0,2.72,91.87,74.59,16.29
2002,322,20.81,11.93,0.01,2.77,91.83,74.39,15.35
2002,323,21.35,13.3,0.12,2.64,91.79,78.52,17.07
2002,324,22.26,13.81,0.33,2.64,91.79,77.62,17.66
2002,325,22.21,13.63,0.41,2.61,91.87,76.73,17.49
2002,326,19.98,10.34,0.24,2.16,91.88,69.4,12.99
2002,327,19.49,9.51,0.45,1.27,91.88,67.03,11.68
2002,328,20.56,8.76,0.0,1.34,91.83,55.34,10.66
2002,329,21.62,8.9,0.0,1.19,91.73,54.57,10.87
2002,330,21.69,8.95,0.0,1.43,91.83,55.31,10.94
2002,331,21.41,8.98,0.0,1.55,91.95,58.13,10.9
2002,332,21.15,9.04,0.0,1.71,92.04,58.85,11.03
2002,333,19.82,7.99,0.0,1.97,92.1,57.53,9.15
2002,334,19.68,6.86,0.0,1.7,92.0,50.18,6.82
2002,335,19.74,7.6,0.0,1.69,91.86,56.0,8.32
2002,336,19.75,7.77,0.0,1.84,91.92,58.25,8.61
2002,337,20.73,8.73,0.0,1.8,91.98,60.65,10.3
2002,338,20.7,9.25,0.0,1.92,91.93,62.98,11.37
2002,339,21.08,9.23,0.0,2.03,91.87,62.11,11.04
2002,340,21.46,13.7,4.73,3.07,91.87,80.55,17.46
2002,341,21.84,14.2,0.73,3.41,91.96,81.32,18.14
2002,342,22.32,13.17,0.06,3.29,92.03,74.57,16.92
2002,343,21.3,10.77,0.0,3.29,92.12,67.35,13.75
2002,344,21.04,10.83,0.0,3.03,92.1,69.11,13.84
2002,345,20.85,10.07,0.01,2.89,92.17,65.92,12.6
2002,346,20.36,10.24,0.0,2.97,92.27,68.55,12.88
2002,347,19.21,8.84,0.0,2.95,92.3,65.92,10.5
2002,348,18.91,7.64,0.0,2.46,92.22,60.72,8.12
2002,349,19.21,8.8,0.0,2.84,92.09,64.24,10.53
2002,350,19.4,8.02,0.0,2.58,92.07,60.42,9.1
2002,351,18.88,7.72,0.0,2.88,92.01,60.84,8.4
2002,352,18.57,7.59,0.0,2.22,91.94,61.68,7.88
2002,353,18.87,6.44,0.0,2.47,91.85,53.21,5.24
2002,354,18.23,5.93,0.0,2.11,91.82,49.79,4.3
2002,355,19.34,6.25,0.0,2.57,91.81,48.54,5.27
2002,356,19.31,6.44,0.0,2.61,91.86,49.8,5.37
2002,357,19.76,8.99,0.0,3.12,91.93,64.83,10.7
2002,358,20.35,9.77,0.0,2.46,91.9,66.26,12.2
2002,359,20.33,8.85,0.0,2.29,91.95,61.37,10.7
2002,360,20.07,8.67,0.0,1.83,92.01,61.76,10.42
2002,361,20.62,9.18,0.0,1.89,91.94,61.97,11.31
2002,362,21.0,10.65,0.0,1.78,91.95,68.11,13.62
2002,363,21.19,10.94,0.0,1.62,92.01,68.2,14.04
2002,364,20.87,10.98,0.0,1.91,92.05,69.05,14.14
2002,365,21.11,10.18,0.0,1.2,91.86,63.78,12.95
2003,1,21.26,9.45,0.0,1.16,91.86,59.82,11.77
2003,2,20.88,10.63,0.0,2.92,92.0,67.68,13.62
2003,3,20.99,10.42,0.0,3.34,92.07,66.05,13.27
2003,4,21.53,10.22,0.0,2.81,92.06,64.4,12.84
2003,5,22.03,10.09,0.0,3.26,92.12,62.26,12.67
2003,6,22.03,9.83,0.0,2.99,92.15,60.8,12.33
2003,7,21.74,8.58,0.0,2.65,92.13,56.23,9.91
2003,8,22.3,9.54,0.0,1.97,92.02,58.75,11.89
2003,9,21.74,10.88,0.0,2.18,92.08,64.57,14.01
2003,10,22.68,11.17,0.0,3.0,92.09,63.18,14.39
2003,11,22.32,9.48,0.0,3.1,92.12,57.13,11.61
2003,12,20.54,9.55,0.0,2.89,92.2,62.25,11.92
2003,13,20.47,9.74,0.0,2.78,92.18,63.33,12.25
2003,14,19.89,8.8,0.0,3.33,92.19,60.4,10.58
2003,15,20.55,9.45,0.0,3.17,92.21,63.38,11.75
2003,16,21.89,9.47,0.0,3.14,92.08,58.47,11.68
2003,17,21.22,8.5,0.0,3.16,92.08,56.27,10.0
2003,18,21.82,8.63,0.0,3.17,92.13,57.25,9.91
2003,19,23.2,10.41,0.02,2.99,92.07,61.02,12.98
2003,20,24.43,11.11,0.0,2.53,91.99,59.44,14.19
2003,21,23.4,8.69,0.0,2.84,92.0,51.39,10.13
2003,22,23.22,7.69,0.0,2.49,91.93,47.37,8.03
2003,23,22.66,7.15,0.0,1.74,91.79,45.38,7.25
2003,24,23.21,7.57,0.0,1.32,91.68,46.49,8.11
2003,25,23.16,7.63,0.0,2.39,91.74,44.96,8.41
2003,26,22.8,8.7,0.0,3.06,91.95,53.97,10.17
2003,27,22.85,8.41,0.0,2.93,92.01,52.24,9.4
2003,28,22.94,7.31,0.0,2.67,91.95,48.12,6.93
2003,29,22.11,5.87,0.0,2.22,91.95,42.38,3.81
2003,30,22.5,6.81,0.0,2.24,91.97,47.44,5.31
2003,31,22.6,6.74,0.0,2.05,91.99,47.4,5.11
2003,32,24.25,10.54,0.0,2.65,92.0,59.23,12.89
2003,33,24.82,11.23,0.0,3.05,92.04,58.86,14.16
2003,34,24.75,9.2,0.0,3.0,92.01,49.81,10.52
2003,35,23.9,9.7,0.0,2.07,91.92,54.18,11.94
2003,36,24.79,11.43,0.0,3.27,91.96,58.2,14.6
2003,37,24.49,9.38,0.0,3.22,91.9,51.68,11.18
2003,38,23.72,7.62,0.0,2.74,91.8,45.72,7.32
2003,39,23.8,8.33,0.16,2.01,91.68,49.16,9.23
2003,40,24.51,9.18,0.0,2.37,91.59,51.01,11.01
2003,41,24.87,9.81,0.0,3.35,91.64,51.99,12.01
2003,42,24.36,8.31,0.0,3.3,91.72,48.29,9.06
2003,43,25.25,10.05,0.0,2.8,91.76,53.45,12.3
2003,44,26.35,11.24,0.0,1.92,91.77,53.4,14.31
2003,45,26.98,10.22,0.05,2.92,91.72,47.18,12.7
2003,46,26.68,10.59,0.01,2.6,91.88,50.51,13.23
2003,47,26.64,10.81,0.0,3.06,91.94,51.46,13.45
2003,48,26.14,10.17,0.0,3.15,91.94,50.05,12.59
2003,49,25.48,8.94,0.0,2.55,91.95,46.74,10.26
2003,50,25.61,8.45,0.0,1.21,91.89,42.08,10.0
2003,51,26.58,8.59,0.0,1.77,91.87,41.96,10.06
2003,52,26.96,8.45,0.0,2.69,91.98,39.0,10.04
2003,53,26.43,9.4,0.0,2.82,91.96,44.72,11.6
2003,54,26.1,9.18,0.0,2.68,91.88,46.44,11.04
2003,55,26.4,9.64,0.21,2.39,91.86,46.99,11.9
2003,56,26.15,10.22,1.59,1.64,91.86,49.34,12.81
2003,57,27.37,10.17,0.24,2.29,91.74,43.78,12.81
2003,58,27.21,10.09,0.04,3.39,91.83,44.24,12.64
2003,59,26.12,8.75,0.0,3.25,91.87,43.5,10.4
2003,60,26.12,8.67,0.01,2.38,91.8,43.74,10.13
2003,61,26.53,8.01,0.0,2.4,91.75,38.72,9.17
2003,62,26.93,7.42,0.0,2.86,91.72,35.83,7.88
2003,63,27.03,7.19,0.0,2.96,91.63,33.39,7.57
2003,64,26.98,7.24,0.0,3.46,91.61,33.56,7.71
2003,65,26.86,7.49,0.0,3.31,91.75,35.72,8.05
2003,66,26.73,8.02,0.0,3.01,91.74,39.49,8.89
2003,67,26.44,9.07,0.0,2.95,91.74,44.51,10.89
2003,68,26.66,9.2,0.0,3.09,91.78,45.08,10.98
2003,69,25.87,7.89,0.0,2.67,91.8,42.25,8.21
2003,70,26.38,6.81,0.0,1.96,91.69,34.05,6.73
2003,71,26.66,8.78,0.0,2.88,91.75,42.85,10.4
2003,72,27.61,11.15,0.0,3.31,91.91,51.06,13.92
2003,73,28.26,11.72,0.12,2.7,91.97,49.86,14.91
2003,74,28.58,11.68,0.12,2.25,91.79,47.17,14.93
2003,75,25.58,13.21,0.3,2.75,91.75,60.59,16.88
2003,76,26.64,12.58,2.49,2.19,91.82,57.03,16.06
2003,77,26.64,12.72,2.76,2.46,91.9,58.12,16.21
2003,78,26.9,13.29,2.13,2.86,91.85,59.46,16.93
2003,79,25.3,14.61,1.56,2.28,91.78,68.66,18.48
2003,80,26.43,12.75,0.06,2.96,91.73,58.65,16.24
2003,81,26.16,9.78,0.0,3.92,91.9,48.77,11.88
2003,82,26.31,7.77,0.0,3.55,91.93,40.37,8.26
2003,83,26.22,5.91,0.0,3.28,91.85,29.82,4.72
2003,84,26.92,7.14,0.0,3.02,91.75,34.26,7.53
2003,85,27.05,7.65,0.0,3.49,91.85,35.78,8.55
2003,86,27.95,8.59,0.0,2.52,91.82,38.64,10.21
2003,87,28.64,8.64,2.19,1.79,91.7,34.93,10.39
2003,88,28.69,10.8,1.82,1.45,91.56,42.85,13.73
2003,89,29.53,10.33,0.0,2.56,91.6,38.84,13.07
2003,90,29.84,10.85,0.0,1.68,91.63,39.28,13.85
2003,91,29.75,12.48,5.11,1.78,91.57,45.46,15.9
2003,92,28.5,14.03,3.28,1.97,91.56,54.68,17.82
2003,93,28.27,14.16,0.5,2.03,91.57,57.02,17.9
2003,94,27.87,13.61,1.93,1.67,91.59,56.22,17.3
2003,95,27.37,12.94,0.32,2.0,91.57,54.58,16.53
2003,96,26.23,12.82,0.0,1.67,91.66,56.66,16.42
2003,97,26.81,9.82,0.0,3.21,91.83,44.79,12.24
2003,98,27.62,10.52,0.0,2.9,91.76,46.08,13.27
2003,99,28.58,12.14,0.26,2.66,91.65,49.61,15.54
2003,100,28.63,12.06,0.18,1.47,91.66,47.18,15.49
2003,101,28.93,12.68,0.11,2.26,91.8,48.5,16.29
2003,102,28.1,13.48,0.28,1.5,91.8,54.11,17.22
2003,103,29.72,11.35,0.0,1.58,91.64,41.73,14.49
2003,104,29.66,7.63,0.0,2.71,91.66,30.16,8.4
2003,105,29.19,9.55,0.0,2.83,91.68,39.16,11.59
2003,106,29.81,10.26,0.01,2.85,91.75,41.69,12.54
2003,107,30.08,9.4,0.0,2.71,91.7,36.63,11.31
2003,108,30.5,8.82,0.01,1.6,91.65,33.41,10.3
2003,109,29.54,11.5,10.42,1.13,91.5,41.74,14.19
2003,110,27.54,13.97,3.37,1.35,91.46,58.58,17.65
2003,111,27.89,12.31,0.28,2.54,91.55,51.51,15.74
2003,112,28.53,10.89,0.0,2.73,91.65,45.51,13.75
2003,113,29.05,10.07,0.0,2.64,91.7,41.93,12.45
2003,114,30.03,9.36,0.08,2.37,91.59,35.68,11.57
2003,115,30.05,8.52,0.01,3.2,91.5,32.82,10.05
2003,116,28.8,8.38,0.0,3.5,91.49,36.39,9.17
2003,117,28.44,8.67,0.0,2.53,91.37,39.97,9.23
2003,118,27.25,14.85,29.54,2.45,91.48,62.44,18.69
2003,119,25.96,14.4,7.06,2.36,91.65,66.75,18.18
2003,120,26.11,12.99,0.91,3.03,91.69,62.08,16.48
2003,121,26.68,13.45,0.29,2.77,91.51,61.5,16.96
2003,122,27.6,13.68,0.05,2.89,91.42,59.8,17.24
2003,123,28.12,15.2,0.02,1.97,91.46,61.3,19.08
2003,124,27.52,15.71,0.04,2.42,91.42,65.04,19.54
2003,125,28.41,14.88,0.07,2.23,91.42,59.89,18.66
2003,126,28.51,13.56,0.29,2.52,91.48,55.12,17.18
2003,127,28.94,13.4,0.04,2.65,91.51,54.06,16.93
2003,128,29.1,12.57,0.0,2.62,91.48,49.7,15.94
2003,129,29.55,12.18,0.0,2.09,91.48,46.04,15.54
2003,130,28.93,11.19,0.0,2.14,91.53,44.19,14.19
2003,131,28.74,10.59,0.05,2.48,91.4,43.3,13.23
2003,132,27.74,12.04,0.0,2.5,91.34,50.68,15.02
2003,133,27.53,13.73,2.25,3.49,91.29,57.31,17.32
2003,134,26.85,13.17,0.23,4.7,91.25,58.2,16.47
2003,135,28.15,13.35,0.0,4.76,91.25,55.16,16.87
2003,136,27.96,13.86,0.0,4.51,91.3,56.63,17.55
2003,137,29.16,13.2,0.43,4.81,91.31,52.74,16.76
2003,138,30.08,11.63,0.6,4.83,91.36,45.62,14.52
2003,139,29.74,11.51,0.0,4.22,91.49,45.08,14.59
2003,140,30.87,11.27,0.0,2.81,91.55,41.6,14.18
2003,141,30.98,11.19,0.01,2.99,91.63,40.65,13.93
2003,142,30.92,11.71,0.0,3.62,91.54,41.62,14.94
2003,143,30.18,12.41,0.14,3.36,91.52,45.37,15.84
2003,144,30.64,12.35,0.03,2.81,91.56,43.98,15.78
2003,145,30.42,12.92,0.22,2.28,91.63,45.77,16.45
2003,146,30.23,12.49,1.01,3.01,91.61,46.28,15.81
2003,147,30.68,12.95,0.31,3.86,91.49,46.54,16.43
2003,148,30.12,13.56,0.01,3.55,91.47,49.55,17.19
2003,149,28.22,13.71,0.39,3.3,91.54,54.32,17.45
2003,150,30.53,10.85,0.0,2.69,91.48,41.16,13.6
2003,151,30.28,11.85,0.06,3.94,91.5,44.05,15.04
2003,152,30.5,12.36,4.49,2.92,91.35,43.57,15.8
2003,153,29.05,13.85,0.89,3.97,91.28,54.27,17.4
2003,154,29.81,13.83,0.0,3.42,91.3,52.19,17.49
2003,155,28.15,15.51,15.02,3.29,91.35,61.22,19.36
2003,156,26.15,16.27,4.08,3.31,91.41,72.12,20.19
2003,157,28.38,14.52,0.0,3.09,91.35,59.04,18.26
2003,158,25.82,16.68,14.62,2.78,91.41,74.34,20.58
2003,159,25.84,15.87,9.2,3.55,91.51,72.24,19.79
2003,160,26.28,15.5,0.27,3.36,91.52,69.16,19.43
2003,161,26.7,15.54,0.0,3.79,91.46,67.73,19.45
2003,162,26.53,15.35,0.04,3.1,91.42,67.49,19.24
2003,163,25.29,16.12,0.2,3.16,91.51,74.44,20.05
2003,164,24.9,15.34,0.07,3.23,91.52,73.0,19.27
2003,165,23.45,15.31,0.11,4.11,91.55,78.16,19.26
2003,166,23.72,15.23,0.1,5.09,91.42,77.12,19.15
2003,167,24.86,15.63,0.07,4.79,91.35,74.57,19.54
2003,168,24.26,14.83,0.64,4.96,91.39,72.94,18.72
2003,169,23.67,14.42,0.28,4.69,91.48,73.73,18.27
2003,170,23.7,14.83,0.29,5.38,91.45,75.38,18.72
2003,171,23.34,14.83,5.31,5.62,91.38,76.88,18.7
2003,172,23.09,15.04,6.05,4.37,91.3,78.93,18.93
2003,173,23.66,14.98,0.2,5.17,91.24,76.53,18.85
2003,174,23.88,14.04,2.45,5.2,91.28,71.81,17.81
2003,175,23.98,13.96,0.2,4.66,91.32,70.84,17.75
2003,176,23.27,14.0,0.03,4.39,91.33,73.31,17.81
2003,177,23.23,14.36,0.0,4.04,91.36,75.02,18.21
2003,178,23.58,14.0,0.7,3.69,91.42,72.43,17.79
2003,179,23.18,13.45,1.9,4.08,91.5,71.55,17.2
2003,180,23.6,14.26,0.07,3.8,91.46,73.44,18.12
2003,181,24.12,13.74,0.53,4.47,91.34,69.49,17.51
2003,182,23.04,14.54,1.39,3.12,91.28,76.44,18.38
2003,183,22.95,15.38,0.68,3.85,91.37,80.94,19.31
2003,184,23.23,14.26,0.04,4.36,91.48,75.17,18.11
2003,185,23.16,14.58,0.14,4.62,91.35,76.3,18.44
2003,186,23.5,14.45,0.11,4.89,91.34,74.63,18.3
2003,187,23.53,13.71,0.07,4.98,91.46,71.31,17.49
2003,188,23.58,13.58,0.37,4.81,91.54,70.42,17.37
2003,189,23.59,13.65,0.28,4.39,91.48,70.77,17.43
2003,190,23.82,14.79,6.23,3.83,91.38,75.53,18.63
2003,191,24.31,14.76,5.97,4.2,91.42,73.93,18.62
2003,192,23.95,14.84,1.2,4.49,91.4,75.05,18.73
2003,193,22.62,14.96,2.57,3.46,91.42,80.46,18.87
2003,194,23.83,15.63,13.31,3.26,91.33,78.99,19.55
2003,195,23.33,15.7,0.51,4.13,91.35,81.01,19.63
2003,196,23.51,14.86,0.43,4.71,91.4,76.57,18.77
2003,197,22.5,15.11,21.75,4.37,91.54,82.02,19.04
2003,198,23.94,15.28,0.53,3.85,91.55,77.12,19.21
2003,199,25.28,15.74,0.72,3.76,91.54,73.81,19.69
2003,200,24.34,15.54,0.42,3.71,91.45,76.25,19.45
2003,201,25.5,15.05,0.2,3.14,91.38,70.2,18.93
2003,202,25.23,15.54,0.17,3.19,91.45,73.32,19.46
2003,203,24.92,15.62,1.43,3.78,91.48,74.69,19.53
2003,204,24.24,15.92,10.74,4.62,91.41,78.69,19.84
2003,205,23.52,15.67,2.47,5.18,91.42,80.12,19.61
2003,206,23.83,15.15,0.1,5.44,91.43,76.51,19.07
2003,207,23.3,15.04,0.03,5.36,91.4,77.9,18.94
2003,208,23.39,15.19,0.35,5.27,91.43,78.39,19.11
2003,209,23.75,15.41,0.13,4.58,91.59,78.26,19.37
2003,210,24.02,14.86,0.72,3.78,91.66,74.95,18.79
2003,211,24.06,15.25,4.62,3.0,91.62,76.69,19.19
2003,212,24.29,14.97,3.67,2.86,91.58,74.92,18.86
2003,213,23.92,14.29,4.77,2.86,91.61,73.65,18.15
2003,214,22.39,14.29,3.81,2.78,91.67,78.79,18.17
2003,215,23.85,14.81,6.31,3.57,91.68,75.84,18.75
2003,216,24.04,14.68,1.34,4.47,91.62,74.66,18.57
2003,217,23.82,15.12,0.66,5.03,91.48,76.5,19.04
2003,218,23.43,15.27,3.77,4.97,91.33,78.64,19.18
2003,219,23.57,15.4,1.46,4.97,91.25,78.93,19.3
2003,220,24.19,15.49,0.36,4.39,91.28,76.94,19.38
2003,221,24.51,15.78,3.97,3.7,91.3,76.9,19.7
2003,222,25.11,15.33,0.08,3.63,91.37,72.94,19.24
2003,223,24.74,15.7,1.57,3.07,91.57,75.3,19.66
2003,224,23.96,15.67,0.75,3.33,91.62,78.36,19.64
2003,225,24.63,15.15,0.43,4.12,91.52,73.83,19.08
2003,226,23.42,15.08,3.01,4.43,91.52,77.88,19.0
2003,227,23.67,14.99,5.6,4.13,91.5,77.05,18.91
2003,228,23.49,15.18,10.53,3.95,91.57,78.57,19.12
2003,229,22.62,15.84,21.23,3.97,91.58,85.1,19.8
2003,230,23.49,14.63,0.53,4.46,91.54,76.3,18.54
2003,231,22.78,14.25,0.15,5.19,91.47,76.83,18.09
2003,232,22.73,14.3,2.24,5.28,91.32,77.5,18.13
2003,233,22.73,14.68,3.44,5.19,91.24,79.09,18.53
2003,234,22.24,14.95,13.26,5.56,91.27,82.07,18.83
2003,235,23.04,15.05,0.4,4.42,91.34,79.7,18.94
2003,236,23.73,15.74,0.37,3.63,91.36,79.78,19.66
2003,237,23.81,16.1,10.53,3.83,91.46,81.28,20.06
2003,238,22.75,15.52,0.83,3.66,91.53,83.0,19.48
2003,239,22.76,15.5,8.66,3.23,91.65,83.09,19.47
2003,240,22.92,15.05,3.65,3.77,91.67,80.58,19.01
2003,241,23.02,15.07,0.21,3.49,91.72,80.14,19.04
2003,242,23.83,14.8,0.14,3.53,91.71,75.84,18.74
2003,243,22.21,14.45,0.16,3.64,91.69,80.25,18.36
2003,244,22.65,14.91,2.98,3.35,91.64,80.83,18.86
2003,245,22.58,14.43,3.51,3.89,91.63,79.06,18.33
2003,246,23.22,14.7,0.73,3.87,91.61,77.98,18.61
2003,247,23.21,15.06,12.03,3.9,91.63,79.38,19.02
2003,248,23.01,15.08,1.89,3.9,91.59,80.21,19.02
2003,249,23.1,15.08,0.14,3.81,91.64,79.81,19.03
2003,250,22.71,15.07,0.06,3.96,91.7,81.26,19.04
2003,251,23.21,14.76,0.01,3.59,91.67,78.0,18.7
2003,252,23.58,14.95,12.62,3.87,91.57,77.81,18.89
2003,253,23.38,14.04,0.9,3.88,91.57,74.35,17.88
2003,254,23.7,13.81,0.01,3.9,91.6,72.09,17.61
2003,255,23.64,14.17,0.01,4.27,91.52,73.54,18.03
2003,256,23.72,13.93,0.7,3.86,91.54,72.76,17.74
2003,257,23.48,13.99,0.06,3.66,91.56,73.81,17.82
2003,258,24.02,14.14,0.09,3.71,91.55,72.36,17.98
2003,259,23.87,15.12,4.98,4.02,91.54,76.78,19.05
2003,260,22.13,15.64,2.43,2.13,91.64,86.4,19.62
2003,261,22.95,15.21,0.37,2.84,91.73,80.95,19.19
2003,262,24.02,14.06,0.56,2.88,91.73,72.29,17.89
2003,263,23.67,13.7,0.02,2.63,91.69,71.8,17.49
2003,264,23.88,13.48,0.0,2.04,91.67,70.35,17.21
2003,265,24.32,13.64,0.77,2.5,91.65,69.51,17.35
2003,266,24.82,13.78,0.04,2.77,91.54,68.08,17.52
2003,267,23.97,14.54,0.01,3.15,91.51,73.62,18.41
2003,268,24.33,14.99,3.53,2.26,91.52,74.45,18.87
2003,269,24.13,16.14,4.87,2.19,91.47,80.08,20.09
2003,270,23.05,15.12,0.44,1.79,91.45,79.35,19.02
2003,271,24.91,15.25,5.12,1.27,91.4,73.85,19.09
2003,272,23.58,15.77,5.01,1.47,91.48,80.01,19.7
2003,273,23.94,16.07,1.07,1.37,91.47,79.75,20.01
2003,274,24.69,15.85,3.83,1.8,91.42,76.97,19.78
2003,275,24.67,15.86,2.51,1.83,91.39,77.18,19.78
2003,276,23.83,16.0,2.84,2.02,91.46,81.0,19.94
2003,277,23.37,16.19,4.24,1.1,91.45,83.49,20.13
2003,278,23.54,16.58,8.34,1.32,91.36,84.47,20.5
2003,279,23.05,16.49,10.9,2.92,91.3,85.99,20.41
2003,280,22.72,16.28,0.98,2.74,91.3,86.37,20.19
2003,281,23.11,14.94,0.36,3.1,91.44,78.95,18.82
2003,282,24.01,15.24,0.09,3.4,91.58,76.57,19.2
2003,283,24.08,14.56,0.11,2.41,91.61,73.94,18.45
2003,284,23.48,16.06,44.58,1.52,91.62,82.35,20.02
2003,285,23.16,15.83,20.41,1.27,91.63,82.68,19.8
2003,286,22.41,15.23,4.17,1.74,91.77,83.58,19.19
2003,287,22.88,14.98,1.41,1.24,91.83,80.5,18.96
2003,288,23.01,14.63,0.8,1.51,91.78,78.14,18.58
2003,289,23.07,15.05,0.57,1.19,91.72,79.67,19.01
2003,290,23.57,15.35,0.15,1.18,91.67,79.14,19.33
2003,291,22.35,16.05,3.24,0.93,91.71,87.5,20.04
2003,292,22.17,16.4,12.05,1.55,91.74,90.02,20.4
2003,293,22.37,16.38,10.7,2.37,91.68,89.0,20.38
2003,294,22.03,15.57,16.2,2.08,91.62,86.74,19.55
2003,295,22.08,15.87,8.03,1.57,91.64,87.9,19.83
2003,296,21.9,16.04,21.31,1.76,91.71,89.6,20.03
2003,297,22.2,15.5,3.83,2.63,91.68,85.67,19.49
2003,298,21.24,13.01,0.29,1.93,91.74,78.03,16.72
2003,299,21.24,12.39,0.03,1.45,91.72,74.42,15.94
2003,300,20.7,11.66,0.07,1.57,91.81,72.33,15.02
2003,301,20.37,11.4,0.0,1.16,91.93,71.88,14.66
2003,302,21.58,13.34,0.04,1.18,91.93,77.55,17.11
2003,303,22.14,14.98,0.34,2.36,91.87,83.96,18.95
2003,304,21.61,13.32,0.13,1.68,91.82,78.41,17.1
2003,305,21.67,14.05,0.22,2.02,91.77,81.42,17.92
2003,306,22.12,14.62,0.45,2.27,91.9,82.36,18.59
2003,307,22.06,14.61,0.44,2.72,91.95,82.68,18.6
2003,308,21.38,13.33,0.21,2.59,91.91,79.62,17.13
2003,309,21.17,13.03,0.25,2.22,91.85,78.98,16.77
2003,310,21.44,14.21,0.56,2.24,91.81,83.35,18.13
2003,311,20.65,14.53,0.94,1.93,91.77,88.17,18.48
2003,312,21.52,15.4,17.24,2.37,91.74,88.51,19.39
2003,313,21.64,14.83,2.06,3.2,91.78,85.13,18.8
2003,314,20.41,12.54,0.1,3.02,91.86,78.83,16.15
2003,315,19.27,11.66,0.02,2.5,91.86,78.5,15.02
2003,316,20.76,13.25,0.12,2.46,91.9,81.1,17.05
2003,317,21.32,14.0,0.59,2.97,91.93,82.63,17.86
2003,318,22.25,14.94,0.5,2.82,92.0,83.32,18.96
2003,319,21.48,13.75,0.4,2.89,92.05,81.1,17.65
2003,320,21.44,12.59,0.16,2.27,91.95,76.28,16.18
2003,321,22.51,13.65,0.0,1.95,91.87,76.12,17.5
2003,322,21.69,12.32,0.0,2.08,91.84,73.13,15.87
2003,323,20.05,10.38,0.0,2.02,91.87,70.52,13.11
2003,324,20.4,11.21,0.0,2.66,91.89,73.06,14.41
2003,325,19.31,12.41,0.32,2.33,92.01,82.56,16.02
2003,326,21.23,13.53,0.6,2.3,92.05,81.0,17.38
2003,327,20.65,11.78,0.11,2.78,92.05,74.83,15.21
2003,328,19.37,10.8,0.0,2.63,92.13,74.26,13.9
2003,329,19.37,10.43,0.0,2.52,92.11,72.72,13.36
2003,330,20.64,10.74,0.0,2.22,91.97,70.09,13.78
2003,331,19.46,9.1,0.07,2.36,91.83,65.78,10.99
2003,332,20.57,12.5,0.35,2.52,91.81,78.25,16.07
2003,333,21.13,13.53,2.69,3.34,91.91,80.92,17.38
2003,334,20.92,12.38,0.26,2.99,91.95,76.61,15.96
2003,335,20.19,10.09,0.04,2.67,92.0,68.55,12.72
2003,336,19.64,10.3,0.0,2.27,91.97,71.49,13.07
2003,337,19.83,10.08,0.0,2.48,91.83,69.43,12.72
2003,338,19.3,9.01,0.0,2.32,91.82,66.05,10.85
2003,339,19.07,8.47,0.0,2.29,91.94,63.54,9.98
2003,340,18.38,8.79,0.0,2.76,91.99,66.99,10.73
2003,341,18.55,7.65,0.0,2.34,92.01,60.83,8.39
2003,342,18.77,8.07,0.0,2.04,92.03,62.68,9.28
2003,343,19.08,8.59,0.0,2.2,91.97,64.49,10.16
2003,344,18.54,7.91,0.0,2.27,91.94,62.57,8.73
2003,345,19.65,10.03,0.0,2.26,91.91,69.83,12.63
2003,346,20.82,11.54,0.0,3.04,91.94,73.15,14.86
2003,347,20.53,10.41,0.0,2.95,91.95,68.21,13.17
2003,348,19.75,9.01,0.0,2.75,91.82,62.16,11.1
2003,349,19.25,10.54,0.65,2.63,91.65,68.54,13.19
2003,350,22.38,11.25,0.0,1.69,91.66,65.44,14.43
2003,351,22.21,10.44,0.0,1.2,91.82,63.38,13.0
2003,352,22.2,11.87,0.0,1.85,91.97,69.47,15.19
2003,353,21.71,10.58,0.01,1.98,92.07,65.08,13.32
2003,354,20.33,9.16,0.0,2.81,92.21,63.05,11.16
2003,355,19.47,8.05,0.0,2.44,92.2,59.27,9.09
2003,356,18.64,7.8,0.0,2.42,92.12,60.2,8.81
2003,357,20.25,10.96,0.28,2.94,92.11,72.56,14.0
2003,358,21.74,13.44,2.3,2.19,92.02,78.76,17.26
2003,359,23.21,14.07,0.58,1.96,91.9,75.64,17.95
2003,360,22.92,12.8,0.08,3.11,91.86,71.39,16.37
2003,361,22.5,13.2,0.3,3.11,91.96,74.42,16.97
2003,362,22.5,12.42,0.02,2.84,92.07,71.18,16.02
2003,363,22.12,11.47,0.0,3.52,92.2,68.13,14.71
2003,364,21.13,10.97,0.05,3.63,92.25,69.05,14.09
2003,365,21.47,12.08,0.09,3.02,92.14,73.36,15.6
2004,1,21.74,11.13,0.04,2.57,92.06,67.8,14.25
2004,2,21.67,10.66,0.04,2.34,92.02,65.35,13.55
2004,3,20.31,8.9,0.01,2.19,92.04,61.05,10.77
2004,4,20.04,8.71,0.0,2.49,92.04,62.02,10.28
2004,5,20.68,10.18,0.0,2.23,92.07,65.87,12.93
2004,6,21.51,11.09,0.0,2.43,92.02,67.48,14.27
2004,7,21.01,11.19,0.0,2.85,92.06,68.59,14.44
2004,8,21.09,9.41,0.0,3.63,92.15,60.47,11.7
2004,9,19.44,8.54,0.0,3.7,92.18,62.04,10.25
2004,10,20.01,8.26,0.0,3.19,92.15,59.62,9.71
2004,11,20.02,6.81,0.0,2.59,92.09,52.51,6.14
2004,12,20.29,7.13,0.0,2.26,92.04,53.65,7.13
2004,13,20.27,6.37,0.0,2.27,91.96,49.41,4.97
2004,14,20.48,6.27,0.0,2.0,91.86,48.34,4.83
2004,15,20.94,6.51,0.0,2.2,91.88,48.39,5.42
2004,16,20.8,6.27,0.0,2.25,91.98,47.65,4.61
2004,17,20.56,5.97,0.0,1.63,91.89,46.7,3.73
2004,18,21.65,7.28,0.0,1.21,91.85,51.34,7.13
2004,19,22.38,7.85,0.0,1.93,91.78,51.96,8.4
2004,20,22.92,8.59,0.0,1.99,91.76,53.75,9.87
2004,21,23.54,9.37,0.0,2.26,91.68,54.63,11.31
2004,22,23.17,10.37,0.0,2.78,91.68,58.56,13.11
2004,23,24.19,10.7,0.0,2.14,91.69,57.53,13.54
2004,24,24.99,11.53,0.0,2.2,91.67,58.87,14.71
2004,25,24.74,12.29,2.15,2.17,91.71,61.97,15.76
2004,26,24.45,11.06,1.42,1.51,91.73,57.76,13.91
2004,27,23.83,11.92,0.69,2.05,91.7,64.78,15.15
2004,28,24.17,12.26,0.09,2.62,91.66,63.89,15.68
2004,29,23.91,11.57,0.0,2.51,91.71,60.45,14.84
2004,30,24.19,11.86,0.37,1.93,91.78,61.4,15.24
2004,31,24.36,12.07,0.61,2.16,91.75,62.27,15.5
2004,32,23.3,11.72,0.38,2.0,91.64,61.92,15.05
2004,33,23.59,9.46,0.0,3.16,91.68,54.2,11.45
2004,34,23.72,8.32,0.0,2.63,91.81,50.54,9.0
2004,35,24.5,10.02,0.0,2.52,91.78,54.13,12.48
2004,36,24.79,10.8,0.0,1.96,91.81,55.32,13.7
2004,37,25.72,10.14,0.0,1.87,91.84,50.53,12.73
2004,38,24.79,11.74,0.0,2.43,92.09,57.98,15.15
2004,39,24.18,9.83,0.0,2.21,92.11,52.55,12.12
2004,40,23.59,8.12,0.0,2.32,92.01,47.9,8.87
2004,41,22.91,7.84,0.0,2.34,92.05,48.23,8.73
2004,42,22.87,7.53,0.0,2.53,92.07,48.31,7.68
2004,43,22.75,6.62,0.0,3.01,92.07,45.3,5.23
2004,44,22.3,6.89,0.0,3.4,92.02,46.6,6.47
2004,45,21.9,6.55,0.0,3.09,91.95,45.05,5.59
2004,46,22.09,6.35,0.0,2.86,91.91,42.38,5.25
2004,47,22.3,5.79,0.0,3.11,91.95,38.9,4.09
2004,48,22.78,6.62,0.0,3.22,91.8,41.46,6.26
2004,49,23.18,7.56,0.0,2.29,91.72,46.95,7.66
2004,50,23.31,7.16,0.0,2.1,91.74,44.93,6.9
2004,51,24.21,7.4,0.0,2.85,91.85,43.67,7.78
2004,52,24.24,6.97,0.0,3.35,91.92,41.39,6.71
2004,53,23.26,6.77,0.0,3.53,91.9,43.48,5.82
2004,54,24.09,5.46,0.0,2.57,91.88,33.8,3.06
2004,55,24.29,5.59,0.0,2.89,91.95,35.6,2.85
2004,56,24.38,6.2,0.0,2.56,91.94,38.14,4.82
2004,57,24.48,5.77,0.0,2.01,91.82,35.64,3.27
2004,58,24.68,5.88,0.0,1.78,91.76,36.9,3.43
2004,59,24.85,6.01,0.0,2.17,91.77,35.53,4.38
2004,60,25.08,5.44,0.0,2.82,91.77,32.09,2.83
2004,61,25.58,5.96,0.0,3.25,91.77,32.16,4.71
2004,62,26.11,6.21,0.0,3.19,91.74,32.15,5.23
2004,63,26.21,6.82,0.0,3.02,91.74,34.56,6.71
2004,64,25.78,6.57,0.0,3.24,91.78,35.26,5.57
2004,65,24.74,4.73,0.0,3.24,91.76,30.72,0.08
2004,66,26.11,3.8,0.0,2.94,91.81,21.62,-1.93
2004,67,26.86,4.97,0.0,3.05,91.82,25.59,1.97
2004,68,25.99,7.2,0.0,3.46,91.96,36.42,7.47
2004,69,25.3,8.87,0.0,3.48,91.98,47.68,10.0
2004,70,25.04,7.72,0.0,2.99,91.82,44.24,7.46
2004,71,25.82,8.36,0.0,3.39,91.78,45.01,8.54
2004,72,25.63,7.89,0.0,3.2,91.88,44.95,7.43
2004,73,26.16,8.16,0.0,3.53,91.96,43.48,8.99
2004,74,26.83,7.21,0.01,3.99,91.93,33.41,7.77
2004,75,26.92,5.62,0.0,3.42,91.86,27.41,3.93
2004,76,27.06,4.49,0.0,3.41,91.75,21.59,0.84
2004,77,26.86,4.69,0.0,2.81,91.72,23.96,1.21
2004,78,27.29,6.04,0.0,3.2,91.71,30.86,4.46
2004,79,27.95,5.22,0.0,2.77,91.59,25.28,2.34
2004,80,27.72,6.0,0.0,2.28,91.46,30.11,3.91
2004,81,28.31,6.85,0.0,2.31,91.51,29.78,6.5
2004,82,28.56,7.81,0.0,2.45,91.57,35.16,8.34
2004,83,29.04,8.28,0.0,2.06,91.6,35.08,9.21
2004,84,29.86,8.21,0.0,2.43,91.53,31.51,9.54
2004,85,30.41,9.47,0.02,1.49,91.46,35.47,11.53
2004,86,30.3,8.38,0.01,2.88,91.5,30.95,9.61
2004,87,28.42,9.66,0.0,2.74,91.67,43.02,11.53
2004,88,28.87,12.08,0.47,2.58,91.74,49.16,15.4
2004,89,28.81,13.28,0.63,2.23,91.75,52.24,16.91
2004,90,27.95,13.73,1.12,2.27,91.77,54.46,17.56
2004,91,28.03,13.55,1.18,1.27,91.77,54.45,17.34
2004,92,24.94,14.62,4.9,1.14,91.91,68.29,18.59
2004,93,25.94,14.91,3.81,1.37,91.91,66.75,18.86
2004,94,25.81,14.86,1.02,0.94,91.92,67.04,18.8
2004,95,25.71,14.31,1.82,1.62,91.94,65.18,18.22
2004,96,24.31,14.75,2.94,1.17,91.87,72.64,18.71
2004,97,23.33,13.44,0.94,1.02,91.86,70.37,17.2
2004,98,25.57,12.38,0.13,1.14,91.79,59.98,15.81
2004,99,27.19,11.68,0.09,2.07,91.71,50.97,15.0
2004,100,27.84,10.85,0.0,1.76,91.56,46.99,13.63
2004,101,29.3,11.29,0.0,2.06,91.61,44.39,14.31
2004,102,29.62,9.96,0.0,2.69,91.7,39.4,12.32
2004,103,30.03,9.49,0.0,2.85,91.62,37.73,11.48
2004,104,30.65,9.54,0.0,2.62,91.5,35.93,11.52
2004,105,31.37,10.88,0.0,1.92,91.5,39.32,13.43
2004,106,31.02,11.88,0.0,1.53,91.55,40.8,15.18
2004,107,32.2,10.75,0.0,1.91,91.53,34.97,13.54
2004,108,32.56,9.6,0.0,1.48,91.43,31.16,11.79
2004,109,31.62,11.24,0.0,1.87,91.4,37.4,14.23
2004,110,32.16,10.14,0.02,2.03,91.47,33.67,12.62
2004,111,32.33,10.67,0.38,3.01,91.66,34.08,13.57
2004,112,30.71,11.63,3.67,1.88,91.64,40.17,14.92
2004,113,28.63,13.62,15.71,1.98,91.49,52.83,17.26
2004,114,27.67,14.74,7.98,1.39,91.5,61.49,18.51
2004,115,26.73,14.88,1.98,2.04,91.52,64.38,18.77
2004,116,27.1,12.56,0.73,2.95,91.54,55.49,15.94
2004,117,26.96,13.74,0.19,1.96,91.63,60.16,17.47
2004,118,27.53,14.22,0.5,1.54,91.62,59.61,18.01
2004,119,28.23,13.71,0.01,1.95,91.46,55.38,17.43
2004,120,28.81,13.51,0.2,1.82,91.37,52.69,17.17
2004,121,28.52,12.41,0.13,2.17,91.35,49.48,15.82
2004,122,28.8,12.05,0.04,3.0,91.34,50.25,15.1
2004,123,28.12,12.62,1.32,3.58,91.31,53.84,15.93
2004,124,23.66,14.7,18.22,4.18,91.27,74.06,18.52
2004,125,22.82,16.76,29.56,5.62,91.06,87.69,20.62
2004,126,23.94,16.64,4.65,3.25,91.16,82.16,20.53
2004,127,24.02,17.36,8.33,3.59,91.09,84.86,21.19
2004,128,24.9,16.64,4.85,3.05,91.21,78.69,20.52
2004,129,25.22,16.56,1.24,2.58,91.24,77.03,20.45
2004,130,24.68,16.8,11.28,2.7,91.35,80.1,20.71
2004,131,24.84,16.06,3.14,2.08,91.44,76.27,19.97
2004,132,25.94,15.21,2.63,2.99,91.47,68.97,19.07
2004,133,26.16,15.5,0.1,3.03,91.36,69.56,19.41
2004,134,25.62,16.28,4.49,2.58,91.29,74.36,20.17
2004,135,24.85,16.24,0.85,2.59,91.43,76.93,20.17
2004,136,24.67,15.96,11.15,3.45,91.42,76.85,19.88
2004,137,23.65,15.62,5.24,3.94,91.39,79.49,19.56
2004,138,22.51,15.67,11.21,4.01,91.5,84.49,19.62
2004,139,23.57,15.72,1.6,4.45,91.49,80.38,19.67
2004,140,23.56,14.86,0.13,5.44,91.44,76.17,18.77
2004,141,24.19,14.82,0.04,4.57,91.45,74.28,18.71
2004,142,24.64,15.13,0.07,4.33,91.47,74.05,19.06
2004,143,24.84,15.65,0.14,4.52,91.45,74.76,19.6
2004,144,23.61,16.09,15.3,4.01,91.48,81.57,20.02
2004,145,23.4,15.52,20.11,3.46,91.58,80.31,19.48
2004,146,22.62,16.05,5.12,2.47,91.59,85.9,20.0
2004,147,24.43,16.3,2.17,2.14,91.51,79.42,20.25
2004,148,23.5,16.45,28.02,2.82,91.6,83.67,20.41
2004,149,24.47,15.73,0.71,2.27,91.57,76.89,19.69
2004,150,24.4,15.78,11.66,1.78,91.47,76.93,19.72
2004,151,24.24,15.17,0.39,1.55,91.5,75.8,19.06
2004,152,22.33,16.35,25.65,1.87,91.58,88.67,20.32
2004,153,23.63,16.59,2.0,1.95,91.6,83.98,20.56
2004,154,24.46,16.2,0.17,1.72,91.61,79.01,20.16
2004,155,24.11,16.75,0.22,2.83,91.57,82.45,20.71
2004,156,23.88,16.23,2.59,2.67,91.52,81.12,20.19
2004,157,23.8,16.63,1.18,1.56,91.49,83.33,20.57
2004,158,23.79,16.46,0.04,2.79,91.46,82.51,20.4
2004,159,23.46,16.13,0.13,3.29,91.48,82.54,20.09
2004,160,22.48,15.56,0.66,4.07,91.5,84.27,19.52
2004,161,22.55,15.17,3.28,5.47,91.54,81.95,19.12
2004,162,22.49,15.44,1.31,5.52,91.45,83.46,19.39
2004,163,22.62,15.43,0.69,4.83,91.3,82.81,19.35
2004,164,22.82,15.18,0.26,5.0,91.33,80.98,19.1
2004,165,23.47,15.65,3.0,6.09,91.3,80.24,19.57
2004,166,23.41,16.02,3.63,6.69,91.3,81.84,19.96
2004,167,23.17,15.54,0.48,7.33,91.44,80.86,19.49
2004,168,23.58,15.48,3.0,7.44,91.49,79.01,19.44
2004,169,23.39,15.45,0.14,6.46,91.4,79.66,19.39
2004,170,23.36,15.14,0.12,6.14,91.49,78.56,19.08
2004,171,23.42,14.76,0.01,5.14,91.54,76.96,18.69
2004,172,23.81,14.97,0.0,5.0,91.63,76.53,18.92
2004,173,24.14,14.77,0.0,4.72,91.74,74.34,18.73
2004,174,24.16,14.89,0.0,4.16,91.81,74.94,18.86
2004,175,24.45,14.54,0.02,3.98,91.67,72.47,18.45
2004,176,23.92,14.27,1.07,4.35,91.68,73.36,18.17
2004,177,24.05,14.43,0.12,3.65,91.72,73.55,18.33
2004,178,24.2,14.85,0.94,3.7,91.65,74.54,18.75
2004,179,23.2,15.26,1.29,4.17,91.66,79.74,19.22
2004,180,23.46,15.53,7.18,3.9,91.62,80.09,19.5
2004,181,23.7,15.65,0.4,3.76,91.59,79.54,19.62
2004,182,24.4,15.14,2.3,4.6,91.53,74.71,19.08
2004,183,24.39,14.8,0.66,5.0,91.51,73.55,18.72
2004,184,23.09,15.19,0.36,4.9,91.35,79.72,19.11
2004,185,23.26,14.87,1.08,4.51,91.23,77.83,18.73
2004,186,23.33,15.3,0.32,4.17,91.29,79.46,19.2
2004,187,23.48,14.7,0.11,3.37,91.37,76.19,18.56
2004,188,23.53,13.82,0.0,2.56,91.45,72.14,17.54
2004,189,22.67,15.73,35.08,1.79,91.44,83.76,19.66
2004,190,21.62,16.38,53.89,1.53,91.47,92.38,20.34
2004,191,22.17,16.54,37.5,1.79,91.49,90.47,20.49
2004,192,22.02,15.67,14.63,2.44,91.43,86.83,19.62
2004,193,22.16,16.06,32.06,2.62,91.42,87.95,19.99
2004,194,20.99,14.82,9.8,3.99,91.49,87.37,18.74
2004,195,20.72,13.96,0.48,4.67,91.52,84.23,17.77
2004,196,21.52,14.79,1.28,4.75,91.36,84.87,18.68
2004,197,21.95,15.23,2.54,4.06,91.31,84.89,19.13
2004,198,22.63,15.41,4.27,3.62,91.34,83.12,19.31
2004,199,23.24,15.88,0.22,3.17,91.43,82.56,19.82
2004,200,23.26,16.21,1.01,2.8,91.42,83.83,20.14
2004,201,22.85,15.98,0.03,2.64,91.39,84.55,19.92
2004,202,22.17,15.58,0.86,3.17,91.4,85.86,19.52
2004,203,22.32,15.01,0.13,4.4,91.47,82.49,18.93
2004,204,21.1,14.32,0.09,4.29,91.54,84.22,18.19
2004,205,21.45,14.48,4.84,4.48,91.51,83.82,18.37
2004,206,22.32,15.37,4.48,4.52,91.34,84.17,19.28
2004,207,22.44,15.44,1.2,4.77,91.32,84.0,19.37
2004,208,22.95,15.35,1.04,4.62,91.32,81.44,19.26
2004,209,22.37,15.86,4.49,4.0,91.35,86.12,19.8
2004,210,22.91,15.58,3.58,4.62,91.32,82.53,19.5
2004,211,22.7,15.52,4.21,3.95,91.4,83.31,19.46
2004,212,22.4,15.6,0.82,3.54,91.53,85.01,19.56
2004,213,22.31,15.49,0.38,3.76,91.6,84.94,19.46
2004,214,22.63,15.27,0.05,4.6,91.53,82.5,19.22
2004,215,22.41,15.21,1.49,4.93,91.36,82.93,19.13
2004,216,22.49,15.78,7.4,5.77,91.18,85.06,19.68
2004,217,22.05,15.72,4.34,6.28,91.09,86.47,19.6
2004,218,22.87,15.91,3.32,5.87,91.17,83.9,19.8
2004,219,22.73,16.17,1.38,4.39,91.4,85.95,20.11
2004,220,22.81,15.6,0.33,4.77,91.52,83.19,19.57
2004,221,22.33,15.39,3.57,4.61,91.64,84.41,19.37
2004,222,23.14,15.4,0.12,3.99,91.67,81.11,19.38
2004,223,22.82,15.07,0.01,4.15,91.68,80.84,19.03
2004,224,22.02,15.03,0.23,4.57,91.6,83.86,18.98
2004,225,22.7,15.27,0.33,4.97,91.61,82.2,19.24
2004,226,21.87,15.08,5.62,5.18,91.65,84.89,19.05
2004,227,21.74,14.68,1.03,4.71,91.65,83.52,18.6
2004,228,22.8,15.36,5.78,4.81,91.57,82.18,19.31
2004,229,22.39,15.25,6.27,4.47,91.55,83.38,19.21
2004,230,21.78,14.89,2.92,3.95,91.68,84.53,18.85
2004,231,22.57,15.02,2.38,4.03,91.74,81.71,18.99
2004,232,22.15,14.84,1.27,4.72,91.62,82.45,18.79
2004,233,21.45,14.2,7.17,5.27,91.49,82.35,18.06
2004,234,22.27,14.84,0.14,4.94,91.46,82.11,18.75
2004,235,23.0,15.29,0.09,4.73,91.55,80.91,19.24
2004,236,23.01,15.32,0.29,4.09,91.66,81.17,19.3
2004,237,22.65,15.28,0.18,3.68,91.71,82.48,19.25
2004,238,23.18,15.13,0.01,3.72,91.68,79.55,19.09
2004,239,23.04,15.39,2.92,3.75,91.6,81.26,19.35
2004,240,22.97,15.17,0.64,4.03,91.51,80.51,19.11
2004,241,23.0,14.75,0.7,3.92,91.53,78.61,18.66
2004,242,22.85,14.94,0.13,3.71,91.56,79.94,18.88
2004,243,23.42,14.88,0.14,3.5,91.55,77.56,18.81
2004,244,23.22,14.53,0.28,3.61,91.56,76.91,18.43
2004,245,23.09,14.18,0.03,3.29,91.46,75.81,18.03
2004,246,23.75,14.88,1.25,1.8,91.52,75.77,18.8
2004,247,22.48,15.93,32.03,1.93,91.62,86.13,19.9
2004,248,21.54,15.63,9.27,2.68,91.5,89.06,19.6
2004,249,21.75,15.32,28.64,3.1,91.37,86.57,19.24
2004,250,21.12,15.17,15.86,2.44,91.4,88.74,19.09
2004,251,22.28,15.14,0.34,2.32,91.52,83.42,19.06
2004,252,22.0,15.12,13.85,2.9,91.61,84.65,19.08
2004,253,21.78,15.25,4.12,3.87,91.58,86.18,19.21
2004,254,21.05,14.6,4.99,3.85,91.63,86.1,18.48
2004,255,21.98,15.12,6.4,3.64,91.6,84.69,19.07
2004,256,21.49,14.63,1.19,2.83,91.64,84.31,18.53
2004,257,21.7,15.33,0.29,1.99,91.75,86.84,19.33
2004,258,22.87,16.31,53.29,0.73,91.69,86.26,20.28
2004,259,21.46,15.82,9.2,1.95,91.61,90.5,19.8
2004,260,22.56,15.58,0.03,2.09,91.68,84.27,19.57
2004,261,23.72,16.39,0.44,1.49,91.66,82.67,20.37
2004,262,22.3,16.4,1.24,1.89,91.56,89.09,20.37
2004,263,22.92,16.45,4.4,2.05,91.51,86.57,20.41
2004,264,22.64,16.21,2.02,2.05,91.57,86.73,20.19
2004,265,22.91,16.2,1.07,1.89,91.56,85.59,20.17
2004,266,22.72,16.13,0.47,1.95,91.55,85.62,20.1
2004,267,23.13,16.11,7.62,1.15,91.55,83.77,20.07
2004,268,22.5,16.79,10.31,1.77,91.5,90.18,20.73
2004,269,22.36,16.57,5.25,2.36,91.54,89.94,20.53
2004,270,22.51,15.55,3.86,2.39,91.65,84.85,19.53
2004,271,22.46,15.76,3.8,2.08,91.67,85.87,19.75
2004,272,21.56,14.73,3.7,2.41,91.56,84.78,18.64
2004,273,21.31,14.98,0.86,3.08,91.65,87.24,18.93
2004,274,23.2,14.76,5.14,0.77,91.83,77.58,18.72
2004,275,22.62,15.54,2.49,1.67,91.87,83.55,19.56
2004,276,21.66,15.38,10.26,1.53,91.68,87.32,19.36
2004,277,21.41,15.64,10.5,2.46,91.59,89.94,19.61
2004,278,21.89,15.95,8.77,3.4,91.57,89.07,19.91
2004,279,22.22,15.57,0.55,3.3,91.56,85.92,19.52
2004,280,22.14,14.22,0.01,2.76,91.65,80.04,18.11
2004,281,21.53,12.76,0.0,2.03,91.7,75.39,16.42
2004,282,21.82,12.3,0.0,1.67,91.74,71.85,15.84
2004,283,23.35,13.75,0.0,0.89,91.83,72.22,17.6
2004,284,23.27,15.12,0.3,1.29,91.89,78.91,19.1
2004,285,22.92,15.52,0.63,1.26,91.87,82.24,19.54
2004,286,22.5,15.68,1.1,0.53,91.86,85.11,19.7
2004,287,23.3,15.86,0.87,0.57,91.85,82.11,19.88
2004,288,22.4,16.52,16.68,1.46,91.89,89.69,20.54
2004,289,23.05,16.65,24.65,1.16,91.83,87.24,20.65
2004,290,22.87,16.34,4.32,1.94,91.83,86.68,20.36
2004,291,21.86,15.7,5.86,2.02,91.85,88.32,19.72
2004,292,21.53,15.0,2.5,2.33,91.82,86.17,18.94
2004,293,21.71,14.92,10.39,1.84,91.82,85.1,18.9
2004,294,22.23,15.9,5.37,2.55,91.72,87.53,19.9
2004,295,22.19,15.51,0.93,2.67,91.79,86.01,19.51
2004,296,21.79,15.13,1.54,2.87,91.88,86.07,19.13
2004,297,22.02,15.46,1.88,2.74,91.87,86.56,19.46
2004,298,21.56,14.84,0.72,3.06,91.9,85.67,18.83
2004,299,21.44,14.86,1.04,2.86,91.95,86.25,18.83
2004,300,21.77,15.07,1.15,2.91,91.94,85.97,19.09
2004,301,21.51,14.94,1.88,2.82,91.93,86.45,18.95
2004,302,21.61,15.24,1.75,2.5,91.82,87.32,19.22
2004,303,21.04,15.17,3.16,2.82,91.82,89.55,19.17
2004,304,21.23,15.18,6.18,3.04,91.77,88.68,19.16
2004,305,20.89,14.91,4.5,3.08,91.82,88.86,18.89
2004,306,20.55,14.03,0.58,2.35,91.9,86.08,17.94
2004,307,21.54,15.05,0.55,2.71,91.91,86.73,19.05
2004,308,21.22,14.02,0.06,2.87,91.92,83.08,17.92
2004,309,20.74,13.33,0.1,2.36,91.88,81.69,17.12
2004,310,19.05,12.66,3.23,2.52,91.82,85.3,16.29
2004,311,19.73,14.61,4.63,2.5,91.72,92.58,18.48
2004,312,20.95,15.33,4.94,2.81,91.71,90.8,19.32
2004,313,21.01,15.03,1.22,3.17,91.77,88.96,19.02
2004,314,20.95,14.71,0.55,2.53,91.8,87.74,18.66
2004,315,21.98,15.72,0.39,2.53,91.79,87.84,19.71
2004,316,21.45,15.37,0.6,2.19,91.87,88.8,19.38
2004,317,21.42,15.07,3.59,2.85,92.0,87.6,19.09
2004,318,20.99,14.08,0.23,2.59,92.05,84.69,18.03
2004,319,20.58,13.99,0.38,2.68,92.02,86.02,17.92
2004,320,20.06,13.57,0.09,2.3,91.99,85.97,17.44
2004,321,20.65,13.25,0.0,1.97,91.96,81.87,17.05
2004,322,20.72,14.38,0.0,2.05,91.99,86.51,18.35
2004,323,20.37,13.2,0.0,2.11,91.99,82.3,16.99
2004,324,18.28,10.51,0.0,2.1,91.95,77.01,13.44
2004,325,18.32,10.44,0.0,1.8,91.98,75.88,13.26
2004,326,19.0,11.5,0.0,2.33,91.99,79.42,14.82
2004,327,19.3,11.81,0.0,2.32,91.93,80.24,15.24
2004,328,19.78,12.51,0.0,2.14,91.89,81.62,16.14
2004,329,19.24,11.29,0.08,2.22,91.87,77.86,14.5
2004,330,18.88,11.79,0.31,2.71,91.96,81.64,15.23
2004,331,20.45,14.2,5.96,3.03,91.97,87.4,18.11
2004,332,20.59,13.83,0.94,3.41,92.03,85.17,17.75
2004,333,19.62,12.39,0.0,3.15,92.16,81.7,16.04
2004,334,18.03,10.46,0.0,2.6,92.07,77.86,13.4
2004,335,17.82,9.4,0.0,1.85,91.96,72.52,11.69
2004,336,17.82,9.68,0.0,1.5,91.93,73.72,12.17
2004,337,19.38,12.15,0.2,2.28,92.11,81.47,15.66
2004,338,19.78,12.12,0.43,2.33,92.17,79.87,15.7
2004,339,18.52,10.54,0.0,2.35,92.07,76.49,13.51
2004,340,17.78,9.4,0.0,2.15,92.03,73.04,11.74
2004,341,17.15,8.89,0.0,2.06,92.11,71.24,10.88
2004,342,17.09,9.35,0.0,2.34,92.17,74.33,11.65
2004,343,19.41,12.15,0.08,2.73,92.08,81.48,15.67
2004,344,20.06,11.92,0.03,2.35,92.0,77.72,15.38
2004,345,18.91,10.52,0.0,2.51,92.0,75.37,13.43
2004,346,18.85,10.61,0.0,2.8,92.05,75.49,13.59
2004,347,19.34,11.33,0.02,3.32,92.1,77.47,14.62
2004,348,19.6,11.32,0.09,3.01,92.07,76.55,14.61
2004,349,20.69,12.93,0.12,2.92,91.86,80.21,16.66
2004,350,18.89,9.88,0.0,2.77,91.82,71.88,12.33
2004,351,18.47,9.72,0.0,2.59,91.94,72.72,12.22
2004,352,18.36,9.27,0.0,2.6,92.05,70.35,11.38
2004,353,18.24,8.71,0.0,2.12,91.98,68.08,10.43
2004,354,18.68,8.58,0.0,1.47,91.82,65.68,10.1
2004,355,18.6,8.86,0.0,1.14,91.72,66.56,10.72
2004,356,18.12,8.51,0.0,1.62,91.71,67.28,10.1
2004,357,19.11,8.73,0.0,1.42,91.74,65.42,10.32
2004,358,18.87,8.36,0.0,1.99,91.76,64.66,9.57
2004,359,19.66,10.58,0.0,2.46,91.9,72.36,13.39
2004,360,20.13,10.22,0.0,2.86,91.97,69.08,12.89
2004,361,18.77,8.57,0.0,2.62,91.88,65.6,10.09
2004,362,19.49,9.04,0.0,2.78,91.84,66.09,10.72
2004,363,19.69,10.24,0.02,3.13,91.92,70.68,12.98
2004,364,19.49,10.77,0.0,2.89,91.94,74.38,13.81
2004,365,19.4,9.78,0.02,2.59,91.93,69.67,12.17
2004,366,21.27,10.75,0.15,1.83,91.92,68.03,13.71
2005,1,21.23,10.21,0.01,2.18,91.97,65.27,12.95
2005,2,21.61,11.73,0.01,2.11,91.9,71.19,15.15
2005,3,21.87,13.11,0.31,1.8,91.9,75.91,16.87
2005,4,22.08,10.58,0.01,2.83,92.02,64.34,13.34
2005,5,20.31,8.13,0.0,2.69,92.05,58.56,8.74
2005,6,19.66,8.85,0.0,2.77,92.01,64.2,10.64
2005,7,20.23,9.52,0.0,2.6,92.0,66.22,11.73
2005,8,20.51,9.74,0.0,2.64,91.99,65.94,12.11
2005,9,20.12,9.25,0.0,2.5,91.93,64.37,11.39
2005,10,20.16,7.86,0.0,1.25,91.79,57.77,8.47
2005,11,19.91,7.78,0.0,1.32,91.83,57.68,8.58
2005,12,20.61,7.59,0.0,1.83,91.94,53.73,8.19
2005,13,20.47,8.56,0.0,2.31,91.93,60.24,9.95
2005,14,19.89,8.81,0.0,2.67,91.88,63.31,10.47
2005,15,19.79,7.87,0.0,2.55,91.88,59.37,8.34
2005,16,19.59,7.71,0.0,2.15,91.88,59.33,8.04
2005,17,21.29,10.35,0.0,1.71,91.84,66.0,13.14
2005,18,22.42,11.15,0.0,1.5,91.87,65.58,14.27
2005,19,23.08,12.29,0.0,2.34,91.9,67.71,15.81
2005,20,22.48,10.08,0.0,3.26,92.03,60.12,12.64
2005,21,22.43,10.81,0.03,3.71,92.18,64.15,13.79
2005,22,22.73,11.96,0.1,3.28,92.08,67.79,15.43
2005,23,23.37,12.0,0.05,2.24,91.97,65.63,15.46
2005,24,23.11,11.91,0.0,1.97,91.97,65.73,15.35
2005,25,23.75,10.77,0.0,2.32,91.9,59.68,13.59
2005,26,23.71,11.0,0.0,1.63,91.75,59.81,14.03
2005,27,23.12,11.67,0.37,2.42,91.68,64.03,14.99
2005,28,21.74,11.53,0.05,1.98,91.69,66.77,14.82
2005,29,22.39,10.28,0.25,2.63,91.65,60.9,12.93
2005,30,22.67,11.58,0.36,2.67,91.71,65.34,14.88
2005,31,21.05,12.86,1.35,2.4,91.81,76.89,16.57
2005,32,20.82,14.06,3.66,1.18,91.88,84.53,17.98
2005,33,23.22,12.77,1.37,2.15,91.9,70.37,16.38
2005,34,23.6,12.74,0.47,2.69,91.92,68.34,16.36
2005,35,23.09,13.43,0.17,2.71,91.93,72.26,17.25
2005,36,24.0,12.34,0.0,2.04,91.9,64.48,15.87
2005,37,23.65,10.44,0.0,2.49,91.94,57.0,13.25
2005,38,22.44,6.96,0.0,3.18,92.03,46.83,5.95
2005,39,21.95,8.21,0.0,3.45,92.06,55.1,9.24
2005,40,22.06,8.05,0.0,3.84,92.19,53.48,8.95
2005,41,22.0,7.02,0.0,3.91,92.21,46.55,7.24
2005,42,22.27,6.87,0.0,3.31,92.25,46.63,6.53
2005,43,22.13,5.71,0.0,3.23,92.16,41.91,3.05
2005,44,22.31,4.71,0.0,2.87,92.04,32.88,1.25
2005,45,24.04,4.01,0.0,2.42,91.85,25.59,-0.96
2005,46,25.0,5.04,0.0,1.87,91.84,28.34,2.49
2005,47,25.9,4.8,0.0,1.21,91.76,24.97,1.83
2005,48,26.13,5.4,0.0,1.72,91.71,26.75,3.53
2005,49,25.9,6.48,0.0,2.3,91.79,31.77,5.93
2005,50,25.18,6.14,0.0,2.91,91.86,34.07,4.68
2005,51,24.5,5.97,0.0,3.1,91.87,35.63,3.82
2005,52,24.24,7.94,0.0,2.87,91.84,45.79,8.64
2005,53,25.18,11.03,0.08,2.05,91.93,54.59,14.16
2005,54,26.52,11.48,0.02,2.46,91.92,54.15,14.56
2005,55,26.38,11.19,0.0,2.43,91.89,51.86,14.05
2005,56,26.17,7.85,0.0,3.01,91.89,38.79,8.82
2005,57,26.17,7.71,0.0,3.01,91.95,37.54,8.53
2005,58,25.3,5.51,0.0,3.33,91.88,31.38,2.89
2005,59,25.09,5.43,0.0,3.47,91.87,28.55,3.3
2005,60,25.3,7.7,0.0,3.51,91.93,41.77,8.24
2005,61,25.37,7.16,0.0,2.43,92.07,41.98,6.14
2005,62,25.74,7.82,0.0,3.02,92.03,44.15,7.66
2005,63,25.98,8.22,0.0,2.62,92.07,44.88,8.76
2005,64,27.1,10.97,0.0,2.6,92.16,51.78,13.86
2005,65,27.32,11.17,0.0,2.84,92.14,50.48,14.17
2005,66,27.26,9.99,0.0,2.78,92.07,45.98,12.36
2005,67,26.21,11.66,0.05,3.16,92.13,54.96,14.73
2005,68,25.79,11.28,0.01,2.74,92.09,54.44,14.33
2005,69,26.58,12.01,0.44,1.71,91.97,54.54,15.39
2005,70,25.86,12.18,6.1,1.97,91.83,55.47,15.68
2005,71,26.87,12.16,0.62,1.43,91.78,53.44,15.65
2005,72,27.95,11.69,1.41,2.09,91.75,49.16,14.9
2005,73,26.62,10.13,1.07,2.96,91.77,48.02,12.08
2005,74,26.1,9.78,0.03,2.44,91.73,49.4,11.88
2005,75,25.9,9.05,0.0,2.83,91.77,45.95,10.73
2005,76,25.82,8.05,0.0,3.66,91.81,39.69,9.38
2005,77,25.58,6.89,0.0,3.47,91.77,36.08,6.89
2005,78,26.39,6.49,0.0,3.3,91.72,32.25,6.05
2005,79,25.84,7.76,0.0,2.56,91.76,42.22,7.99
2005,80,27.05,7.95,0.0,2.37,91.66,39.8,8.32
2005,81,27.53,7.64,0.0,2.14,91.56,36.21,8.1
2005,82,28.65,8.89,0.0,1.56,91.51,35.88,10.7
2005,83,28.58,7.81,0.04,1.95,91.51,33.32,8.52
2005,84,28.91,8.27,0.14,2.1,91.59,33.1,8.28
2005,85,28.47,7.07,0.0,1.87,91.67,29.74,6.98
2005,86,29.75,10.63,0.0,2.38,91.66,40.9,13.41
2005,87,30.64,10.46,0.0,2.03,91.67,37.65,13.14
2005,88,29.8,8.47,0.0,2.45,91.61,31.41,9.74
2005,89,29.78,8.51,0.25,1.51,91.48,32.3,9.91
2005,90,29.45,11.98,0.13,2.42,91.5,44.67,15.33
2005,91,28.77,11.72,3.33,1.68,91.5,45.63,15.01
2005,92,29.06,11.05,0.22,3.28,91.57,44.4,13.91
2005,93,27.3,13.32,3.09,3.38,91.67,59.03,16.84
2005,94,25.42,13.89,2.86,3.54,91.7,65.62,17.64
2005,95,24.02,14.43,6.83,3.28,91.67,73.04,18.32
2005,96,23.47,15.0,16.21,2.31,91.64,78.06,18.94
2005,97,23.84,15.27,5.33,1.56,91.59,77.51,19.2
2005,98,26.4,14.01,0.15,2.17,91.62,64.27,17.71
2005,99,27.0,14.94,0.54,1.63,91.62,64.3,18.83
2005,100,26.7,15.29,7.3,1.21,91.66,66.11,19.21
2005,101,26.06,15.56,1.25,1.59,91.7,69.82,19.51
2005,102,26.08,14.79,0.21,2.0,91.79,67.62,18.69
2005,103,26.33,14.97,0.19,2.17,91.92,67.77,18.88
2005,104,26.86,14.24,0.29,1.84,92.0,63.43,18.1
2005,105,27.35,14.71,2.89,1.25,91.97,62.41,18.6
2005,106,26.67,12.62,0.07,1.53,91.94,56.99,16.11
2005,107,27.37,11.61,0.0,1.59,91.86,51.92,14.65
2005,108,26.8,12.42,0.89,1.55,91.84,54.84,15.91
2005,109,27.02,11.87,0.28,2.02,91.89,54.13,15.12
2005,110,25.36,13.89,0.3,3.11,92.02,66.3,17.63
2005,111,25.74,12.08,0.07,2.49,91.9,59.06,15.33
2005,112,26.49,12.87,0.01,2.21,91.78,58.36,16.49
2005,113,27.35,12.29,0.19,1.31,91.75,53.61,15.62
2005,114,25.54,13.41,0.04,1.47,91.81,61.22,17.17
2005,115,26.21,12.69,1.13,1.66,91.77,56.7,16.33
2005,116,26.67,14.51,21.4,0.84,91.72,62.03,18.39
2005,117,26.79,15.34,5.49,0.73,91.68,66.01,19.27
2005,118,28.27,14.45,0.02,1.1,91.59,58.16,18.26
2005,119,28.54,14.52,0.0,1.54,91.46,57.77,18.32
2005,120,28.69,14.38,0.55,1.57,91.37,56.94,18.11
2005,121,28.4,14.42,1.63,1.67,91.47,59.06,18.1
2005,122,27.13,15.64,0.85,2.49,91.56,67.57,19.5
2005,123,27.09,14.87,0.83,1.69,91.55,63.98,18.72
2005,124,25.53,15.4,9.27,2.25,91.51,70.55,19.3
2005,125,26.27,15.31,10.53,1.88,91.43,68.85,19.18
2005,126,27.56,14.91,1.1,1.96,91.37,62.81,18.73
2005,127,28.12,14.54,0.09,1.51,91.4,60.3,18.26
2005,128,27.38,14.99,0.0,2.1,91.49,61.87,18.89
2005,129,27.59,14.32,0.0,2.84,91.5,59.22,18.16
2005,130,27.96,14.93,0.37,2.97,91.47,60.5,18.81
2005,131,27.89,15.34,0.06,2.53,91.47,61.73,19.24
2005,132,28.25,15.16,0.11,1.35,91.53,60.48,19.04
2005,133,28.06,14.5,0.02,2.02,91.49,58.59,18.33
2005,134,29.76,11.29,0.0,2.24,91.46,44.83,13.92
2005,135,29.28,10.61,0.01,2.28,91.5,43.71,13.09
2005,136,28.59,12.49,0.05,2.03,91.57,51.15,15.73
2005,137,28.96,11.79,0.0,2.06,91.54,46.88,14.88
2005,138,30.59,12.31,0.0,2.77,91.47,44.79,15.63
2005,139,30.81,11.98,0.0,2.48,91.41,43.26,15.19
2005,140,30.2,11.28,0.0,2.89,91.37,43.6,14.09
2005,141,29.32,13.67,5.61,1.72,91.4,52.58,17.2
2005,142,27.85,16.73,6.28,1.83,91.5,67.47,20.61
2005,143,26.98,17.2,18.14,1.42,91.54,71.36,21.11
2005,144,27.06,16.22,0.61,1.58,91.59,68.53,20.14
2005,145,25.83,16.09,4.41,2.23,91.61,73.1,20.03
2005,146,25.57,15.72,9.32,2.07,91.62,72.68,19.61
2005,147,23.96,16.21,46.03,1.39,91.65,80.86,20.19
2005,148,24.84,15.75,1.17,2.46,91.58,75.37,19.71
2005,149,23.88,15.9,5.54,2.45,91.55,79.66,19.86
2005,150,24.24,15.87,2.62,1.61,91.48,77.75,19.82
2005,151,25.05,16.56,36.23,1.35,91.38,77.85,20.46
2005,152,24.42,16.75,5.85,3.12,91.34,81.03,20.66
2005,153,23.88,17.18,6.29,2.92,91.31,85.04,21.08
2005,154,24.2,17.2,5.19,2.63,91.32,83.65,21.08
2005,155,25.19,17.24,10.06,1.95,91.28,79.67,21.12
2005,156,24.81,17.04,3.26,1.44,91.28,80.18,20.93
2005,157,24.94,16.48,0.13,1.9,91.34,77.81,20.4
2005,158,25.12,16.98,1.24,1.6,91.35,78.85,20.87
2005,159,24.94,16.52,0.65,2.48,91.22,77.81,20.41
2005,160,23.49,16.81,2.52,3.47,91.21,84.96,20.7
2005,161,22.94,16.09,6.37,3.29,91.27,84.36,20.0
2005,162,23.64,16.11,0.11,3.68,91.42,81.41,20.06
2005,163,24.33,15.3,0.05,4.08,91.34,75.27,19.22
2005,164,25.2,16.11,0.51,2.11,91.33,75.13,20.02
2005,165,23.67,17.05,0.06,1.98,91.41,85.4,20.96
2005,166,25.08,15.97,0.0,2.43,91.33,75.39,19.9
2005,167,25.26,15.66,0.1,3.44,91.31,73.86,19.56
2005,168,24.64,16.05,0.04,4.59,91.28,77.05,19.97
2005,169,23.54,15.03,0.12,5.39,91.27,76.81,18.92
2005,170,24.12,15.53,0.18,5.38,91.23,77.28,19.44
2005,171,23.75,15.31,3.01,5.05,91.26,77.68,19.22
2005,172,22.82,14.51,0.33,5.4,91.38,77.53,18.38
2005,173,22.89,13.72,1.15,6.0,91.5,73.68,17.52
2005,174,23.68,14.06,0.02,4.99,91.5,72.88,17.86
2005,175,23.76,15.19,1.36,4.63,91.44,77.2,19.09
2005,176,23.83,15.35,0.85,4.65,91.5,77.68,19.29
2005,177,23.55,15.24,0.01,4.2,91.56,78.28,19.18
2005,178,23.51,15.34,0.01,4.68,91.52,78.75,19.29
2005,179,23.3,15.12,0.06,5.44,91.43,78.47,19.04
2005,180,23.61,14.79,0.04,5.02,91.43,76.05,18.7
2005,181,23.68,15.66,1.11,4.4,91.49,79.73,19.6
2005,182,23.59,15.41,2.68,4.94,91.6,78.69,19.36
2005,183,23.7,15.11,2.06,4.91,91.62,77.37,19.07
2005,184,23.89,15.15,0.51,5.11,91.58,76.73,19.1
2005,185,23.29,15.26,0.27,5.21,91.51,79.25,19.21
2005,186,23.78,14.55,0.57,6.55,91.48,74.18,18.42
2005,187,23.47,14.25,0.26,5.93,91.54,74.57,18.11
2005,188,24.17,14.96,0.01,5.12,91.45,74.74,18.85
2005,189,23.83,15.52,3.03,4.74,91.37,78.08,19.43
2005,190,23.55,14.3,0.3,5.61,91.35,73.94,18.12
2005,191,22.7,13.8,6.99,4.31,91.42,75.46,17.55
2005,192,23.04,14.45,1.39,4.09,91.58,76.95,18.34
2005,193,23.52,15.79,1.27,3.27,91.56,80.94,19.74
2005,194,22.71,15.75,8.84,2.41,91.47,83.98,19.7
2005,195,22.27,15.74,14.39,2.0,91.53,85.98,19.7
2005,196,23.14,16.3,15.82,1.05,91.47,84.78,20.25
2005,197,22.78,16.37,24.67,1.71,91.43,86.42,20.32
2005,198,22.76,16.44,4.46,1.15,91.31,86.93,20.36
2005,199,24.16,16.9,0.76,2.19,91.38,82.92,20.79
2005,200,23.7,16.99,1.72,2.61,91.55,85.25,20.94
2005,201,23.31,16.52,1.56,2.72,91.53,85.11,20.48
2005,202,23.46,15.9,0.22,3.93,91.53,81.75,19.86
2005,203,22.58,15.48,2.12,4.22,91.45,83.43,19.43
2005,204,22.3,15.58,20.39,4.68,91.43,85.12,19.52
2005,205,21.86,15.58,11.57,5.87,91.43,87.01,19.53
2005,206,22.66,15.2,5.7,7.15,91.33,81.32,19.1
2005,207,22.41,15.42,4.54,6.56,91.26,83.6,19.33
2005,208,22.74,15.29,1.23,6.21,91.29,81.66,19.21
2005,209,22.77,15.04,2.04,6.04,91.42,80.68,18.96
2005,210,22.55,15.01,0.59,6.01,91.44,81.54,18.94
2005,211,22.91,15.61,1.43,6.07,91.27,82.56,19.53
2005,212,22.92,15.6,2.61,6.43,91.24,82.38,19.51
2005,213,22.91,15.52,1.18,6.43,91.29,82.02,19.44
2005,214,22.64,15.23,0.65,6.64,91.38,81.71,19.16
2005,215,22.32,15.19,0.8,5.32,91.46,83.27,19.12
2005,216,22.78,15.34,0.77,5.08,91.54,82.27,19.3
2005,217,21.95,15.04,0.5,5.26,91.61,84.27,19.0
2005,218,22.63,15.01,0.02,4.98,91.57,81.26,18.95
2005,219,22.62,14.85,0.08,4.94,91.49,80.53,18.78
2005,220,22.45,15.17,0.15,4.42,91.61,82.73,19.12
2005,221,23.29,15.66,0.8,4.43,91.67,81.56,19.64
2005,222,22.91,16.04,21.91,4.39,91.61,84.71,20.0
2005,223,23.24,15.72,0.91,4.75,91.56,82.05,19.7
2005,224,23.22,15.41,0.34,4.98,91.49,80.53,19.37
2005,225,22.98,15.45,1.37,4.5,91.46,81.59,19.39
2005,226,22.97,16.02,1.5,4.46,91.42,84.17,19.96
2005,227,22.45,15.93,11.63,4.26,91.39,86.15,19.88
2005,228,21.8,15.06,1.14,4.89,91.47,84.89,18.98
2005,229,22.62,14.81,0.32,5.05,91.57,80.45,18.75
2005,230,22.86,15.05,0.03,4.22,91.58,80.55,19.0
2005,231,22.46,15.49,3.33,3.88,91.62,84.2,19.46
2005,232,22.93,14.58,0.05,3.77,91.6,78.32,18.5
2005,233,23.22,15.31,3.06,3.47,91.58,80.19,19.25
2005,234,23.52,15.75,3.83,2.08,91.63,80.86,19.72
2005,235,21.89,16.26,46.54,1.2,91.68,90.52,20.25
2005,236,22.19,15.62,4.38,1.72,91.71,86.14,19.62
2005,237,22.86,15.13,1.37,2.65,91.67,80.93,19.08
2005,238,21.63,14.85,1.09,2.84,91.67,84.75,18.79
2005,239,22.34,16.16,35.5,1.74,91.57,87.93,20.12
2005,240,23.44,16.57,24.6,1.76,91.49,84.73,20.52
2005,241,23.97,16.57,8.63,1.02,91.52,82.34,20.52
2005,242,24.76,16.58,4.47,0.94,91.38,78.21,20.51
2005,243,23.03,16.75,2.95,2.45,91.27,87.18,20.66
2005,244,23.29,16.55,19.2,1.9,91.28,85.17,20.47
2005,245,23.59,16.81,27.6,1.06,91.32,84.7,20.72
2005,246,22.83,17.24,20.78,2.14,91.23,90.23,21.11
2005,247,23.0,17.88,24.71,1.98,91.04,92.28,21.66
2005,248,22.46,16.9,3.16,2.31,91.17,90.54,20.78
2005,249,22.61,16.26,2.14,1.83,91.31,86.76,20.18
2005,250,22.74,16.36,12.98,1.45,91.31,86.45,20.29
2005,251,23.49,16.8,3.6,1.96,91.24,85.34,20.67
2005,252,23.36,17.06,1.47,3.44,91.33,87.22,20.97
2005,253,22.0,16.28,9.68,3.89,91.29,89.85,20.19
2005,254,21.94,15.82,1.6,4.36,91.28,88.0,19.75
2005,255,22.3,16.27,0.19,4.4,91.27,88.36,20.19
2005,256,22.62,16.19,0.85,4.62,91.38,86.51,20.13
2005,257,22.69,16.08,0.16,4.04,91.54,85.98,20.05
2005,258,22.47,15.71,0.69,3.17,91.7,85.48,19.7
2005,259,22.45,16.14,0.03,2.53,91.79,87.55,20.14
2005,260,22.64,15.61,0.26,2.96,91.9,84.47,19.64
2005,261,22.33,15.08,0.03,4.1,91.87,83.3,19.08
2005,262,21.35,14.52,0.75,5.16,91.69,84.56,18.46
2005,263,22.06,15.35,3.77,5.29,91.42,85.29,19.29
2005,264,22.45,15.69,0.38,4.23,91.5,85.26,19.65
2005,265,22.85,15.72,0.04,3.29,91.7,83.8,19.71
2005,266,22.59,15.62,0.01,2.59,91.78,84.53,19.61
2005,267,23.06,15.46,0.68,2.24,91.81,81.91,19.46
2005,268,23.07,15.71,0.3,2.11,91.73,82.79,19.69
2005,269,22.89,15.44,0.1,2.11,91.67,82.18,19.43
2005,270,22.92,16.05,1.82,1.87,91.65,84.91,20.03
2005,271,23.09,16.38,10.14,1.61,91.63,85.67,20.36
2005,272,22.12,16.02,9.67,1.97,91.61,88.49,20.0
2005,273,22.03,15.93,15.61,1.57,91.7,88.41,19.92
2005,274,22.14,15.79,8.65,1.82,91.77,87.23,19.8
2005,275,21.91,15.57,1.21,0.97,91.77,87.16,19.58
2005,276,22.92,15.37,8.72,0.96,91.67,81.91,19.34
2005,277,22.79,16.14,38.04,1.16,91.69,85.68,20.12
2005,278,22.42,15.74,13.21,0.84,91.78,85.49,19.75
2005,279,23.04,15.83,1.15,1.48,91.73,83.07,19.82
2005,280,23.09,16.4,8.07,1.35,91.69,85.67,20.37
2005,281,23.12,16.72,33.21,1.61,91.64,87.02,20.69
2005,282,22.73,15.96,16.94,1.87,91.67,85.46,19.95
2005,283,21.92,16.09,4.01,1.43,91.62,89.75,20.07
2005,284,21.86,15.74,6.12,1.61,91.59,88.26,19.71
2005,285,22.21,16.4,7.26,1.6,91.5,89.75,20.34
2005,286,21.33,16.11,27.43,1.99,91.4,92.49,20.04
2005,287,21.29,16.2,10.88,1.25,91.35,93.27,20.13
2005,288,22.32,15.98,5.89,1.86,91.54,87.29,19.95
2005,289,22.38,15.62,11.13,0.96,91.68,85.41,19.6
2005,290,22.58,16.12,26.6,0.81,91.76,86.7,20.11
2005,291,21.56,16.7,13.57,2.14,91.7,94.66,20.67
2005,292,22.35,16.7,4.69,2.04,91.57,90.57,20.65
2005,293,21.72,16.48,1.11,1.92,91.51,92.58,20.43
2005,294,21.7,16.19,2.67,1.58,91.57,91.19,20.17
2005,295,22.25,16.31,54.65,0.81,91.6,89.26,20.28
2005,296,21.15,16.02,36.77,1.49,91.57,93.16,19.99
2005,297,21.27,16.09,6.95,1.8,91.65,93.03,20.08
2005,298,20.63,15.66,55.02,1.23,91.68,94.12,19.65
2005,299,20.65,15.3,4.98,1.24,91.61,91.94,19.26
2005,300,20.39,15.56,13.98,2.2,91.59,94.74,19.52
2005,301,20.76,15.81,3.87,2.97,91.61,94.02,19.75
2005,302,22.31,16.89,2.08,2.92,91.56,91.59,20.82
2005,303,21.78,17.19,1.6,3.01,91.46,95.77,21.09
2005,304,22.82,17.38,0.68,1.98,91.56,91.35,21.29
2005,305,21.81,16.34,7.71,2.08,91.65,91.56,20.31
2005,306,21.23,15.65,5.55,1.41,91.74,90.98,19.61
2005,307,21.64,15.25,5.22,1.39,91.8,87.1,19.23
2005,308,19.22,13.86,3.58,2.07,91.83,91.16,17.71
2005,309,20.62,14.91,1.1,2.12,91.82,90.1,18.86
2005,310,21.18,15.65,3.94,2.81,91.79,91.31,19.65
2005,311,21.02,15.55,3.18,2.95,91.7,91.48,19.52
2005,312,20.93,15.27,1.32,2.52,91.67,90.44,19.22
2005,313,20.57,15.18,0.31,2.27,91.72,91.87,19.15
2005,314,21.1,15.2,0.13,2.29,91.75,89.34,19.17
2005,315,20.87,15.44,1.28,2.74,91.74,91.61,19.42
2005,316,20.27,14.17,0.94,2.27,91.85,87.76,18.04
2005,317,17.59,10.65,0.34,1.54,91.93,80.07,13.66
2005,318,17.37,10.63,0.22,1.58,91.93,80.25,13.56
2005,319,18.01,11.45,0.0,1.37,91.84,82.2,14.74
2005,320,16.65,9.72,0.0,1.76,91.85,77.28,12.25
2005,321,16.22,9.76,0.0,1.65,91.91,80.19,12.32
2005,322,16.34,9.79,0.0,1.49,91.93,79.18,12.34
2005,323,17.02,11.14,0.0,1.55,91.94,84.45,14.27
2005,324,17.82,11.41,0.02,1.88,91.89,83.45,14.7
2005,325,17.93,12.97,2.72,2.88,91.81,91.9,16.56
2005,326,20.21,15.24,5.09,3.44,91.75,93.96,19.21
2005,327,19.93,14.89,15.48,4.02,91.79,93.49,18.85
2005,328,18.44,13.14,8.12,3.8,91.83,91.01,16.91
2005,329,20.19,14.62,4.57,3.04,91.82,90.79,18.57
2005,330,19.51,13.7,1.03,2.9,91.84,89.17,17.56
2005,331,19.25,13.25,0.54,2.52,91.88,87.86,17.03
2005,332,18.12,12.02,0.27,2.13,91.92,86.23,15.51
2005,333,17.03,10.87,0.0,2.05,91.86,83.79,13.96
2005,334,17.77,10.5,0.0,1.14,91.62,78.15,13.38
2005,335,18.81,11.41,0.03,1.28,91.59,78.97,14.65
2005,336,20.11,13.82,4.33,1.54,91.72,86.57,17.6
2005,337,20.61,15.33,3.27,3.0,91.63,92.07,19.24
2005,338,20.17,15.23,2.84,2.38,91.54,93.93,19.14
2005,339,20.33,14.27,0.08,2.64,91.69,88.21,18.17
2005,340,18.8,12.28,0.01,2.11,91.8,84.24,15.82
2005,341,19.16,13.2,0.0,2.02,91.82,87.01,16.94
2005,342,16.4,8.73,0.0,1.62,91.76,72.38,10.58
2005,343,17.39,10.26,0.86,2.03,91.71,76.51,12.87
2005,344,18.77,12.86,1.53,2.59,91.75,86.34,16.31
2005,345,19.9,14.16,1.18,3.05,91.79,89.59,18.03
2005,346,20.18,14.35,1.58,2.8,91.86,89.22,18.25
2005,347,19.35,14.08,1.5,2.77,91.89,92.0,17.99
2005,348,20.32,14.07,0.08,2.41,91.81,87.21,17.94
2005,349,18.6,11.85,0.0,2.47,91.87,82.86,15.3
2005,350,16.98,10.42,0.0,2.27,91.91,81.68,13.32
2005,351,18.24,12.57,0.89,2.61,91.83,87.48,15.99
2005,352,18.71,13.65,0.78,2.37,91.73,92.7,17.48
2005,353,19.58,13.85,0.44,2.16,91.6,89.48,17.67
2005,354,20.54,14.35,0.08,1.82,91.64,87.66,18.23
2005,355,20.98,14.49,0.04,1.58,91.75,86.04,18.42
2005,356,21.43,13.93,0.06,1.2,91.73,80.92,17.8
2005,357,20.76,13.07,0.06,0.96,91.71,79.67,16.8
2005,358,20.31,13.5,0.0,1.29,91.77,83.58,17.32
2005,359,19.61,12.8,0.0,2.14,91.92,83.81,16.51
2005,360,17.97,11.23,0.0,2.04,92.07,81.91,14.49
2005,361,15.78,8.84,0.0,1.76,92.12,76.11,10.88
2005,362,16.67,10.97,0.01,1.72,92.11,84.42,14.09
2005,363,17.25,10.31,0.01,1.5,92.09,79.53,13.19
2005,364,16.62,10.2,0.0,1.78,92.12,80.97,12.99
2005,365,17.34,11.08,0.0,2.71,92.13,84.02,14.3
2006,1,16.8,10.56,0.0,2.48,92.12,83.02,13.55
2006,2,16.74,10.8,0.0,1.94,92.01,84.44,13.89
2006,3,17.62,11.13,0.0,1.78,91.87,82.57,14.34
2006,4,18.33,11.69,0.05,1.82,91.81,82.91,14.99
2006,5,19.87,13.53,0.11,2.13,91.81,86.37,17.33
2006,6,19.29,12.21,0.0,2.68,91.81,81.9,15.75
2006,7,20.1,13.45,0.05,2.3,91.82,85.11,17.24
2006,8,20.6,14.62,1.55,2.45,91.87,89.05,18.59
2006,9,21.27,14.63,0.12,2.34,91.83,86.12,18.59
2006,10,20.06,13.05,0.01,2.66,91.84,83.4,16.79
2006,11,18.2,10.73,0.0,2.47,91.83,78.6,13.75
2006,12,18.42,11.16,0.0,1.99,91.85,79.88,14.35
2006,13,18.69,10.47,0.0,2.09,91.83,75.4,13.25
2006,14,18.53,9.84,0.0,1.87,91.86,72.0,12.27
2006,15,18.93,11.73,0.0,1.72,91.87,80.23,15.05
2006,16,20.43,12.76,0.0,1.7,91.92,79.97,16.37
2006,17,20.45,12.09,0.0,1.34,91.98,76.9,15.61
2006,18,18.91,9.97,0.0,2.02,91.98,71.39,12.6
2006,19,17.84,8.48,0.0,2.04,92.0,64.57,10.12
2006,20,18.11,8.21,0.0,2.02,92.04,62.73,9.65
2006,21,18.48,9.12,0.0,2.22,92.05,66.34,11.25
2006,22,19.16,8.45,0.0,1.1,92.02,60.75,10.13
2006,23,18.84,8.49,0.0,1.29,91.95,61.49,10.22
2006,24,18.84,9.0,0.0,1.5,91.99,64.34,11.06
2006,25,17.78,9.23,0.0,2.18,92.08,70.24,11.5
2006,26,17.01,8.45,0.02,2.18,92.2,68.41,9.99
2006,27,19.34,12.19,0.03,3.04,92.12,81.85,15.79
2006,28,18.45,9.91,0.0,2.27,91.99,73.16,12.5
2006,29,17.05,8.03,0.0,1.97,92.05,67.12,9.21
2006,30,16.59,8.4,0.0,2.06,92.11,70.68,10.0
2006,31,16.93,9.2,0.0,2.38,92.18,74.14,11.42
2006,32,17.37,9.75,0.0,2.54,92.17,75.67,12.28
2006,33,17.7,9.89,0.0,2.63,92.15,75.9,12.54
2006,34,18.47,10.62,0.0,2.59,92.19,76.53,13.62
2006,35,20.75,12.53,0.0,2.92,92.24,78.41,16.17
2006,36,20.86,10.62,0.0,2.58,92.12,68.81,13.43
2006,37,18.34,7.34,0.0,2.41,92.04,58.68,7.61
2006,38,18.2,7.16,0.0,2.19,92.01,56.94,7.53
2006,39,17.49,7.55,0.0,2.39,92.11,63.18,8.15
2006,40,17.67,7.08,0.0,1.68,92.19,59.67,7.05
2006,41,18.44,7.79,0.0,2.12,92.14,61.7,8.62
2006,42,19.0,8.3,0.0,2.86,92.03,62.37,9.58
2006,43,18.37,7.8,0.0,2.6,92.01,61.33,8.67
2006,44,18.12,7.19,0.0,2.55,92.0,59.71,7.34
2006,45,19.28,7.22,0.0,2.27,91.9,54.47,7.62
2006,46,20.62,7.21,0.0,1.63,91.8,49.73,7.64
2006,47,20.55,7.66,0.0,1.7,91.79,55.03,8.35
2006,48,21.18,8.46,0.0,2.15,91.86,57.57,9.98
2006,49,21.9,9.04,0.0,2.73,91.88,58.06,10.99
2006,50,21.99,8.87,0.0,2.2,91.85,56.81,10.66
2006,51,22.11,8.34,0.0,2.7,91.84,53.62,9.72
2006,52,21.55,8.26,0.0,2.35,91.81,55.12,9.48
2006,53,21.2,6.86,0.0,2.83,91.81,47.7,6.64
2006,54,21.13,6.36,0.0,2.84,91.77,44.41,5.59
2006,55,21.04,5.53,0.0,3.0,91.7,39.81,3.33
2006,56,21.8,5.39,0.0,2.34,91.75,36.98,2.9
2006,57,21.16,6.04,0.0,1.79,91.73,41.08,4.79
2006,58,22.81,8.69,0.0,1.43,91.69,53.04,10.32
2006,59,23.74,11.75,0.0,1.73,91.68,64.08,15.04
2006,60,25.38,12.67,0.0,1.78,91.64,63.05,16.15
2006,61,25.06,13.19,0.09,2.66,91.7,65.15,16.91
2006,62,24.25,14.91,12.05,2.91,91.81,75.35,18.87
2006,63,24.47,13.24,3.03,2.67,91.87,67.58,16.89
2006,64,24.94,13.96,14.81,1.47,91.84,68.96,17.77
2006,65,23.46,15.03,24.18,1.97,91.87,77.96,19.02
2006,66,23.14,13.67,0.37,2.3,91.88,73.69,17.51
2006,67,23.5,10.89,0.0,2.3,91.9,60.28,13.85
2006,68,22.74,14.46,5.58,2.36,91.97,78.64,18.42
2006,69,23.85,14.62,5.11,2.09,91.85,75.48,18.56
2006,70,24.56,14.68,2.58,1.34,91.76,72.49,18.6
2006,71,23.9,10.88,0.17,1.34,91.66,59.13,13.75
2006,72,24.39,13.28,0.0,1.95,91.66,67.79,16.92
2006,73,24.43,12.88,0.02,2.33,91.77,65.39,16.53
2006,74,24.99,13.29,0.01,2.31,91.78,65.09,17.01
2006,75,25.38,12.73,0.0,1.55,91.71,61.51,16.24
2006,76,24.81,13.15,0.0,1.38,91.71,65.12,16.82
2006,77,25.07,11.6,0.0,2.14,91.71,59.15,14.7
2006,78,24.92,11.74,0.0,2.78,91.76,60.28,15.0
2006,79,24.77,11.68,0.0,2.37,91.77,59.61,14.95
2006,80,24.65,10.25,0.0,2.58,91.65,55.2,12.81
2006,81,25.16,10.48,0.0,2.12,91.54,52.88,13.27
2006,82,25.69,10.23,0.22,2.31,91.48,50.48,12.91
2006,83,25.76,10.29,0.01,2.2,91.54,50.73,12.99
2006,84,25.57,10.18,0.0,1.91,91.67,51.13,12.77
2006,85,25.55,9.33,0.0,1.82,91.72,47.85,11.29
2006,86,26.17,9.59,0.0,1.89,91.6,46.42,11.85
2006,87,26.08,8.21,0.0,2.95,91.6,41.71,9.28
2006,88,25.44,9.39,0.0,2.6,91.68,50.85,11.04
2006,89,26.52,11.76,0.0,2.24,91.79,56.07,14.92
2006,90,26.39,10.83,0.0,2.06,91.81,52.03,13.48
2006,91,27.14,10.04,0.0,1.76,91.69,45.31,12.59
2006,92,27.6,10.97,0.0,1.93,91.68,46.98,14.01
2006,93,28.03,11.7,0.5,1.3,91.63,47.45,14.99
2006,94,28.35,11.82,0.01,1.44,91.63,47.34,15.14
2006,95,28.38,12.03,0.0,1.65,91.61,47.94,15.41
2006,96,29.38,11.26,0.0,1.68,91.6,43.26,14.37
2006,97,30.07,10.66,0.0,1.36,91.56,39.72,13.47
2006,98,29.75,10.85,0.0,1.44,91.48,39.94,13.78
2006,99,30.06,11.21,0.0,2.11,91.48,40.78,14.33
2006,100,30.08,11.16,0.0,2.82,91.56,40.98,14.19
2006,101,29.29,9.93,0.0,2.07,91.5,40.05,12.2
2006,102,29.87,9.7,0.0,2.45,91.38,37.87,11.65
2006,103,30.05,10.63,0.0,2.69,91.35,41.65,12.94
2006,104,29.52,11.14,0.03,3.22,91.52,42.89,14.05
2006,105,26.97,14.49,17.21,1.99,91.6,62.42,18.31
2006,106,23.12,16.34,10.65,2.17,91.47,84.6,20.29
2006,107,24.08,14.66,2.26,2.92,91.58,73.81,18.55
2006,108,25.32,12.91,0.12,2.4,91.65,61.99,16.5
2006,109,26.22,11.64,0.05,1.73,91.71,56.39,14.64
2006,110,26.77,12.92,0.09,2.3,91.79,57.98,16.52
2006,111,26.61,11.42,0.0,2.7,91.73,52.87,14.48
2006,112,26.64,9.16,0.0,2.5,91.62,44.17,11.0
2006,113,27.51,9.55,0.0,2.55,91.57,42.58,11.89
2006,114,27.93,9.36,0.0,2.67,91.54,41.53,11.42
2006,115,28.03,12.32,0.44,1.44,91.52,50.05,15.71
2006,116,29.14,13.71,0.34,1.38,91.5,52.45,17.41
2006,117,30.47,13.16,0.0,1.48,91.45,46.49,16.71
2006,118,30.95,12.43,0.0,1.59,91.35,43.27,15.83
2006,119,30.58,10.97,0.0,2.2,91.36,39.71,13.81
2006,120,30.02,10.39,0.0,2.9,91.44,40.04,12.94
2006,121,30.58,10.75,0.0,3.41,91.44,38.36,13.61
2006,122,30.2,13.09,8.8,1.8,91.45,46.18,16.62
2006,123,26.87,14.4,0.57,1.71,91.56,62.67,18.05
2006,124,26.22,14.63,0.47,1.63,91.67,65.7,18.46
2006,125,28.03,13.36,0.16,1.94,91.65,56.2,16.95
2006,126,27.01,14.59,0.17,1.33,91.64,61.78,18.44
2006,127,29.22,13.25,0.25,1.53,91.44,52.23,16.79
2006,128,29.18,12.83,2.88,2.15,91.5,49.87,16.38
2006,129,28.12,12.1,8.7,2.12,91.57,51.2,15.23
2006,130,26.63,15.49,15.78,1.79,91.53,67.16,19.4
2006,131,27.29,15.76,10.63,1.16,91.57,65.68,19.7
2006,132,27.33,15.52,19.27,1.62,91.61,65.24,19.45
2006,133,26.71,14.59,6.5,2.24,91.59,65.27,18.35
2006,134,26.83,14.86,0.02,1.66,91.6,64.87,18.7
2006,135,27.64,15.01,0.32,2.01,91.49,61.93,18.88
2006,136,26.15,16.54,16.44,2.2,91.51,72.46,20.47
2006,137,25.99,16.58,7.07,3.46,91.54,73.91,20.51
2006,138,23.97,16.54,17.05,3.27,91.47,81.72,20.47
2006,139,25.2,15.71,0.22,3.86,91.49,73.51,19.65
2006,140,25.87,14.04,0.0,3.66,91.52,65.58,17.77
2006,141,26.09,13.57,0.44,3.5,91.51,63.41,17.19
2006,142,26.71,14.56,0.02,3.26,91.49,64.92,18.38
2006,143,26.75,14.83,0.29,3.07,91.43,65.26,18.68
2006,144,25.86,14.69,0.76,4.02,91.36,67.12,18.52
2006,145,23.48,15.53,7.91,3.75,91.35,79.5,19.42
2006,146,24.06,15.06,7.09,4.8,91.49,75.39,18.96
2006,147,23.5,14.86,2.16,4.87,91.45,77.02,18.77
2006,148,24.16,15.22,2.02,4.79,91.28,75.42,19.12
2006,149,23.64,16.03,3.93,6.45,91.04,80.26,19.91
2006,150,24.6,16.36,1.05,5.2,90.97,78.42,20.22
2006,151,23.87,14.89,3.33,5.68,91.29,74.97,18.77
2006,152,23.73,15.19,4.47,5.51,91.5,77.41,19.13
2006,153,24.06,15.32,2.31,4.77,91.52,76.83,19.26
2006,154,23.59,15.49,8.98,4.42,91.5,79.56,19.42
2006,155,23.33,14.17,1.5,4.54,91.52,74.54,17.98
2006,156,23.28,14.18,0.14,4.77,91.52,74.56,18.04
2006,157,23.11,14.08,8.55,3.74,91.54,75.14,17.91
2006,158,23.47,14.14,2.36,3.86,91.54,74.44,17.99
2006,159,24.28,13.88,0.01,3.07,91.49,70.03,17.66
2006,160,25.12,14.91,0.03,3.17,91.45,70.76,18.81
2006,161,25.11,14.76,0.01,3.22,91.54,70.44,18.63
2006,162,25.24,15.35,0.0,3.1,91.57,72.01,19.3
2006,163,25.03,15.01,0.15,3.0,91.54,71.52,18.93
2006,164,23.18,14.38,2.22,2.04,91.55,74.92,18.21
2006,165,24.9,14.95,0.13,1.8,91.58,71.68,18.86
2006,166,24.48,16.18,4.52,2.15,91.57,78.31,20.15
2006,167,23.34,15.35,14.82,2.14,91.59,79.36,19.3
2006,168,24.05,15.73,5.98,1.62,91.53,78.44,19.68
2006,169,24.89,16.19,3.97,1.27,91.42,76.44,20.12
2006,170,24.68,16.98,35.18,0.97,91.28,80.7,20.87
2006,171,23.36,15.36,20.3,2.23,91.24,79.2,19.22
2006,172,22.49,16.79,1.45,1.56,91.11,89.64,20.67
2006,173,23.97,16.32,0.85,2.2,91.08,81.11,20.2
2006,174,23.42,16.32,0.84,4.13,91.1,83.22,20.21
2006,175,23.28,15.94,0.32,4.86,91.23,82.39,19.86
2006,176,23.69,15.43,1.75,5.84,91.33,78.44,19.35
2006,177,22.65,15.46,0.37,4.78,91.44,82.98,19.4
2006,178,23.52,16.01,0.2,4.54,91.39,81.75,19.95
2006,179,23.2,16.04,0.12,5.05,91.42,83.19,20.0
2006,180,23.78,15.82,1.11,4.95,91.47,79.87,19.78
2006,181,23.07,15.0,0.21,5.38,91.52,79.37,18.93
2006,182,23.86,15.14,0.07,6.31,91.48,76.87,19.08
2006,183,23.59,15.44,0.19,6.8,91.26,78.46,19.35
2006,184,23.22,15.06,0.08,7.06,91.2,78.11,18.94
2006,185,23.75,15.19,1.14,7.43,91.18,76.92,19.07
2006,186,23.57,14.78,0.12,6.69,91.44,76.17,18.68
2006,187,23.77,14.88,0.31,5.92,91.63,75.99,18.84
2006,188,23.74,15.03,0.37,5.11,91.59,76.63,18.97
2006,189,24.61,15.48,0.2,5.22,91.51,75.16,19.43
2006,190,24.01,15.38,0.25,5.02,91.51,76.86,19.34
2006,191,23.73,14.88,0.38,5.13,91.57,76.03,18.82
2006,192,23.8,14.72,0.42,5.3,91.55,75.16,18.64
2006,193,23.26,14.95,4.81,5.16,91.5,78.37,18.88
2006,194,23.19,14.87,4.21,5.47,91.44,78.41,18.77
2006,195,22.83,15.48,2.3,5.04,91.45,82.28,19.43
2006,196,23.12,15.71,14.14,5.09,91.47,82.25,19.67
2006,197,23.53,15.35,0.51,5.62,91.34,78.84,19.28
2006,198,23.61,14.77,0.61,5.94,91.25,75.95,18.65
2006,199,23.55,14.66,0.94,5.76,91.34,75.91,18.54
2006,200,24.06,14.87,0.6,5.02,91.46,74.82,18.78
2006,201,23.79,15.0,0.61,4.94,91.55,76.41,18.94
2006,202,23.53,14.94,0.06,4.87,91.5,77.02,18.86
2006,203,23.45,14.55,0.01,4.72,91.59,75.8,18.46
2006,204,22.18,13.89,0.06,4.3,91.7,77.77,17.74
2006,205,24.17,14.45,0.15,4.03,91.68,73.2,18.36
2006,206,23.88,14.88,0.47,3.63,91.58,75.8,18.8
2006,207,23.55,15.16,6.51,4.02,91.65,78.1,19.12
2006,208,22.46,14.56,3.1,4.69,91.65,79.74,18.48
2006,209,21.95,13.47,1.01,5.88,91.51,76.48,17.24
2006,210,22.56,13.51,0.06,5.45,91.46,75.0,17.25
2006,211,23.91,14.35,0.03,5.04,91.53,73.44,18.23
2006,212,23.54,14.21,0.23,5.5,91.56,73.65,18.08
2006,213,23.76,14.12,0.34,4.78,91.53,73.11,17.98
2006,214,22.91,13.87,0.05,5.24,91.49,74.78,17.68
2006,215,23.09,14.44,0.12,5.25,91.34,76.46,18.3
2006,216,23.32,14.69,0.14,5.09,91.33,76.55,18.57
2006,217,22.76,14.75,0.03,4.82,91.56,79.24,18.68
2006,218,24.16,14.4,0.68,4.48,91.71,72.9,18.3
2006,219,24.46,14.23,0.01,4.4,91.73,71.08,18.13
2006,220,22.83,13.81,0.09,4.38,91.75,75.21,17.65
2006,221,23.44,13.97,1.79,5.11,91.65,73.66,17.83
2006,222,23.37,14.57,0.28,5.49,91.5,76.04,18.47
2006,223,23.02,14.86,3.51,5.89,91.44,78.59,18.76
2006,224,22.76,15.23,4.48,5.6,91.36,81.51,19.13
2006,225,23.04,15.21,1.34,5.35,91.4,80.26,19.12
2006,226,23.27,14.44,0.83,5.72,91.38,76.09,18.31
2006,227,23.74,14.6,0.6,6.21,91.28,75.02,18.45
2006,228,23.92,14.53,0.58,6.55,91.19,73.86,18.36
2006,229,23.74,14.84,0.76,6.1,91.21,75.58,18.7
2006,230,23.65,14.87,1.11,4.77,91.41,76.28,18.77
2006,231,24.21,15.59,6.74,3.18,91.52,77.56,19.52
2006,232,23.18,15.23,2.18,2.99,91.6,79.71,19.17
2006,233,23.22,15.42,4.54,2.43,91.56,80.38,19.38
2006,234,24.53,14.84,1.15,2.8,91.52,73.51,18.74
2006,235,23.75,14.49,0.15,2.63,91.56,74.09,18.36
2006,236,24.25,13.82,0.61,2.62,91.64,70.15,17.57
2006,237,24.49,14.57,10.68,2.23,91.71,72.77,18.45
2006,238,24.07,14.49,2.77,3.4,91.71,73.63,18.35
2006,239,24.18,13.6,0.09,4.25,91.59,69.84,17.31
2006,240,23.55,13.93,0.92,4.27,91.54,72.73,17.76
2006,241,23.32,13.73,0.16,4.35,91.55,73.05,17.48
2006,242,23.71,14.27,0.23,4.09,91.56,74.02,18.13
2006,243,24.84,13.93,0.03,3.43,91.51,68.84,17.72
2006,244,24.99,13.91,1.14,3.04,91.5,68.2,17.69
2006,245,25.04,14.82,2.59,2.02,91.57,71.53,18.67
2006,246,24.45,15.94,2.12,1.86,91.56,77.41,19.89
2006,247,24.1,15.45,0.55,1.86,91.42,76.64,19.37
2006,248,25.24,13.93,0.02,2.66,91.31,67.15,17.64
2006,249,24.49,15.43,19.1,2.03,91.32,75.27,19.34
2006,250,24.57,15.52,3.06,2.57,91.39,75.86,19.44
2006,251,24.1,15.47,0.13,2.53,91.49,76.96,19.41
2006,252,24.42,13.56,5.5,2.42,91.5,69.3,17.16
2006,253,23.83,15.5,2.95,1.88,91.44,78.75,19.42
2006,254,24.46,15.51,1.72,2.23,91.36,76.34,19.42
2006,255,24.31,15.87,3.31,3.14,91.42,77.78,19.8
2006,256,23.05,16.26,1.99,3.68,91.53,84.82,20.22
2006,257,22.42,15.59,3.04,3.97,91.48,84.86,19.55
2006,258,21.94,15.33,0.75,3.83,91.48,85.7,19.28
2006,259,22.13,15.06,0.96,4.81,91.55,83.38,19.01
2006,260,22.9,14.66,0.99,4.69,91.61,78.87,18.58
2006,261,23.21,14.12,0.26,4.96,91.58,75.11,17.98
2006,262,23.38,14.51,0.49,4.62,91.52,76.12,18.41
2006,263,23.4,14.78,0.26,3.99,91.6,76.89,18.72
2006,264,23.82,14.4,0.32,4.42,91.67,74.33,18.31
2006,265,22.82,14.19,0.12,3.83,91.63,76.74,18.07
2006,266,24.1,14.61,0.2,3.11,91.65,74.21,18.52
2006,267,23.19,15.39,2.64,2.47,91.7,80.66,19.34
2006,268,22.35,15.18,3.79,3.66,91.8,83.46,19.16
2006,269,23.35,14.02,1.96,4.6,91.7,74.24,17.89
2006,270,23.99,12.33,1.32,3.48,91.53,63.56,15.72
2006,271,24.63,14.77,0.36,3.33,91.51,72.63,18.68
2006,272,24.5,14.3,0.25,3.3,91.53,70.82,18.15
2006,273,24.27,14.86,4.84,3.26,91.6,74.22,18.77
2006,274,24.59,14.79,1.03,3.43,91.62,73.5,18.69
2006,275,24.22,15.12,5.29,3.09,91.51,76.03,19.02
2006,276,24.91,15.2,0.27,2.55,91.54,73.53,19.13
2006,277,24.56,15.03,1.24,3.01,91.71,73.98,18.97
2006,278,24.43,15.01,0.43,3.35,91.69,74.35,18.95
2006,279,24.15,15.42,6.26,3.09,91.68,77.08,19.35
2006,280,23.95,15.88,4.91,2.6,91.62,80.17,19.83
2006,281,23.8,16.23,10.4,2.58,91.72,82.04,20.22
2006,282,23.92,15.34,3.49,1.7,91.79,77.88,19.31
2006,283,23.89,14.88,1.7,1.63,91.84,76.26,18.83
2006,284,24.53,14.45,0.79,1.16,91.92,71.78,18.39
2006,285,24.55,13.17,0.62,1.68,91.88,66.46,16.88
2006,286,24.25,12.59,0.18,1.84,91.93,65.23,16.2
2006,287,24.61,12.64,0.23,1.97,91.93,64.56,16.23
2006,288,24.58,13.93,1.14,2.1,91.85,69.98,17.74
2006,289,23.81,14.3,0.89,2.38,91.88,73.98,18.18
2006,290,23.87,14.39,0.61,1.87,91.94,73.78,18.31
2006,291,23.88,14.49,1.94,2.38,91.91,74.55,18.41
2006,292,23.29,14.73,1.22,2.02,91.87,77.86,18.68
2006,293,23.76,14.2,1.75,2.14,91.92,74.3,18.08
2006,294,23.72,13.98,0.43,2.51,91.99,73.32,17.86
2006,295,24.06,12.15,0.06,2.82,91.93,64.94,15.47
2006,296,23.09,12.82,1.45,2.8,91.92,71.49,16.44
2006,297,22.45,13.13,0.84,2.9,91.93,74.02,16.86
2006,298,22.03,14.63,6.4,3.05,91.94,82.73,18.59
2006,299,22.36,14.42,4.84,2.95,91.9,80.52,18.36
2006,300,22.27,14.74,3.35,3.25,91.83,82.23,18.71
2006,301,22.76,14.96,5.85,2.15,91.66,80.9,18.88
2006,302,22.71,15.62,4.36,1.03,91.6,84.02,19.59
2006,303,22.09,14.87,0.72,2.48,91.68,83.01,18.81
2006,304,23.67,15.09,0.28,1.46,91.72,78.43,19.05
2006,305,22.7,15.15,10.68,2.21,91.71,82.02,19.12
2006,306,22.05,15.62,5.95,2.78,91.67,87.14,19.6
2006,307,20.98,14.46,6.93,2.54,91.82,86.17,18.4
2006,308,21.25,14.56,11.81,1.91,91.82,85.42,18.47
2006,309,22.79,14.51,1.61,2.22,91.88,79.25,18.45
2006,310,21.48,14.9,6.92,1.8,91.9,86.14,18.9
2006,311,20.36,12.85,0.97,2.19,91.86,80.59,16.5
2006,312,21.41,13.46,0.65,1.65,91.87,79.69,17.24
2006,313,21.73,14.52,1.15,1.8,91.94,83.05,18.48
2006,314,22.17,14.46,0.5,2.64,91.97,81.15,18.42
2006,315,22.54,14.26,0.24,2.94,91.97,78.7,18.21
2006,316,22.3,13.78,0.31,3.21,91.9,77.7,17.66
2006,317,21.9,14.08,0.4,2.94,91.84,80.5,17.98
2006,318,22.42,14.4,0.65,2.57,91.8,80.23,18.33
2006,319,21.84,14.44,1.52,3.07,91.82,82.32,18.37
2006,320,22.16,14.18,0.35,3.2,91.77,79.97,18.09
2006,321,22.31,14.54,1.96,3.42,91.72,80.7,18.45
2006,322,21.74,15.09,4.05,2.93,91.74,85.88,19.06
2006,323,23.03,15.22,1.07,2.45,91.79,81.29,19.21
2006,324,22.46,14.85,1.36,2.95,91.8,81.74,18.83
2006,325,21.74,12.33,0.06,2.74,91.78,73.14,15.86
2006,326,21.18,12.39,0.31,2.17,91.8,74.99,15.95
2006,327,22.27,13.54,1.14,1.49,91.77,76.73,17.34
2006,328,22.35,11.53,0.21,1.82,91.77,67.66,14.79
2006,329,21.72,11.98,0.01,2.17,91.79,72.49,15.33
2006,330,23.38,14.29,0.32,1.59,91.72,75.91,18.17
2006,331,23.44,14.61,0.26,2.54,91.75,77.06,18.54
2006,332,23.45,13.46,0.19,2.58,91.8,72.37,17.17
2006,333,22.53,13.44,0.04,2.74,91.93,75.15,17.24
2006,334,22.29,12.37,0.0,2.68,91.96,71.53,15.94
2006,335,20.08,10.4,0.0,2.9,92.0,69.69,13.25
2006,336,19.75,10.58,0.0,2.72,91.99,72.09,13.51
2006,337,20.99,12.26,0.0,3.38,92.02,76.4,15.83
2006,338,20.67,11.86,0.0,3.17,92.15,75.27,15.3
2006,339,20.48,10.99,0.0,2.76,92.1,71.97,14.12
2006,340,19.67,10.1,0.0,2.73,92.03,69.99,12.63
2006,341,19.5,9.44,0.0,2.93,91.97,68.05,11.65
2006,342,19.98,9.92,0.0,3.06,92.0,68.96,12.48
2006,343,19.62,9.99,0.38,2.73,92.08,70.09,12.59
2006,344,21.34,13.35,1.22,3.1,91.99,79.55,17.08
2006,345,23.04,14.68,1.03,2.47,91.9,79.09,18.62
2006,346,22.69,14.0,0.21,2.89,91.92,77.1,17.9
2006,347,22.29,12.53,0.0,3.4,92.03,72.35,16.1
2006,348,20.71,11.12,0.0,3.3,92.08,71.91,14.24
2006,349,20.25,10.39,0.0,3.16,92.03,69.92,13.17
2006,350,19.31,9.53,0.0,3.53,92.06,68.88,11.85
2006,351,19.37,9.98,0.0,3.27,92.01,70.33,12.65
2006,352,19.55,9.42,0.0,2.55,91.93,67.9,11.71
2006,353,19.51,8.25,0.0,2.53,91.97,62.63,9.18
2006,354,19.28,10.2,0.0,3.2,92.02,71.39,13.01
2006,355,19.66,10.37,0.1,3.19,91.96,70.79,13.25
2006,356,20.14,10.89,0.03,3.75,91.86,72.07,13.99
2006,357,20.26,10.82,0.0,3.38,91.9,71.2,13.86
2006,358,20.43,10.91,0.0,2.9,91.87,71.31,13.94
2006,359,20.33,10.57,0.0,3.05,91.92,69.64,13.51
2006,360,19.79,10.29,0.0,2.78,91.91,70.39,13.09
2006,361,19.9,9.99,0.0,2.93,91.92,68.48,12.63
2006,362,19.81,8.38,0.0,2.54,92.0,61.84,9.47
2006,363,19.51,7.12,0.0,2.14,92.09,55.7,6.5
2006,364,18.65,7.64,0.0,2.21,92.09,60.39,8.37
2006,365,18.66,7.67,0.0,1.98,92.08,61.19,8.2
2007,1,19.33,7.83,0.0,2.23,92.1,58.57,8.6
2007,2,19.33,7.6,0.0,2.43,92.12,57.69,8.43
2007,3,19.33,7.67,0.0,2.32,92.07,58.51,8.41
2007,4,20.28,7.34,0.0,1.94,92.0,54.42,7.45
2007,5,20.37,8.14,0.0,2.43,91.93,60.2,8.98
2007,6,20.19,8.94,0.0,3.18,91.95,63.16,10.7
2007,7,20.13,8.76,0.0,3.23,91.98,61.77,10.49
2007,8,20.25,8.44,0.0,3.24,91.99,59.91,9.85
2007,9,21.34,10.41,0.0,3.48,92.07,66.24,13.27
2007,10,21.55,9.26,0.0,2.95,92.08,60.26,11.08
2007,11,22.03,10.43,0.0,2.74,91.96,64.29,13.25
2007,12,22.33,9.73,0.0,3.0,92.0,59.34,12.0
2007,13,20.93,7.12,0.0,2.83,92.01,52.35,6.6
2007,14,21.22,6.97,0.0,2.52,91.96,52.79,5.44
2007,15,22.1,8.79,0.0,2.03,91.93,57.92,9.95
2007,16,23.0,8.89,0.0,2.11,91.93,54.59,10.12
2007,17,22.34,7.77,0.0,2.61,92.0,51.5,8.2
2007,18,21.53,6.78,0.0,2.75,92.07,49.02,5.69
2007,19,21.23,6.82,0.0,2.44,92.07,49.89,5.73
2007,20,21.99,8.77,0.0,2.56,92.03,57.17,10.29
2007,21,21.72,7.29,0.0,2.79,92.07,51.61,6.89
2007,22,21.2,7.01,0.0,2.06,92.13,48.93,6.74
2007,23,22.23,5.76,0.0,2.66,92.15,39.06,3.9
2007,24,22.43,8.32,0.0,2.93,92.12,54.58,9.17
2007,25,22.28,9.33,0.0,3.35,92.04,58.4,11.28
2007,26,23.1,8.26,0.0,2.88,92.0,52.54,8.72
2007,27,23.51,11.32,0.53,3.3,92.06,63.64,14.45
2007,28,23.6,10.39,0.19,3.78,92.07,59.57,12.79
2007,29,23.2,10.57,0.0,3.79,92.04,59.8,13.43
2007,30,23.05,9.02,0.0,3.33,92.11,54.98,10.5
2007,31,22.57,6.87,0.0,3.18,92.16,47.52,5.44
2007,32,22.5,6.04,0.0,2.87,92.09,43.52,3.69
2007,33,22.09,6.5,0.0,2.97,92.07,44.63,5.26
2007,34,22.27,7.11,0.0,1.98,92.1,49.04,6.05
2007,35,22.45,7.25,0.0,1.99,91.97,47.15,6.87
2007,36,22.65,6.99,0.0,2.0,91.89,46.02,6.47
2007,37,22.39,6.44,0.0,2.21,91.9,43.74,5.17
2007,38,22.56,6.54,0.0,2.15,91.89,43.26,5.7
2007,39,22.55,7.22,0.0,2.8,91.95,46.91,7.27
2007,40,21.78,6.8,0.0,3.73,91.93,45.3,6.44
2007,41,22.27,8.65,0.0,3.32,91.88,55.04,10.03
2007,42,23.66,10.06,0.0,1.91,91.92,56.36,12.68
2007,43,24.96,11.41,0.0,2.11,91.87,57.43,14.57
2007,44,24.94,10.16,0.19,2.31,91.73,49.82,12.8
2007,45,24.04,8.8,0.01,1.83,91.83,48.52,10.25
2007,46,24.29,7.31,0.0,1.46,91.87,38.88,7.77
2007,47,23.95,6.8,0.0,1.78,91.78,37.95,6.69
2007,48,24.13,10.73,0.92,1.71,91.78,56.86,13.43
2007,49,23.83,12.52,0.65,2.97,91.8,65.36,16.01
2007,50,24.05,11.45,0.0,4.11,91.88,60.84,14.58
2007,51,23.55,9.08,0.0,3.69,91.92,51.73,10.79
2007,52,22.69,7.86,0.0,2.96,91.96,49.78,8.21
2007,53,22.48,7.23,0.0,2.66,91.8,48.07,6.74
2007,54,22.55,6.02,0.0,3.0,91.66,43.07,3.26
2007,55,22.69,6.41,0.0,2.31,91.74,44.43,4.92
2007,56,24.96,8.63,0.0,1.41,91.72,46.88,10.19
2007,57,26.46,9.39,0.01,1.76,91.63,47.12,11.34
2007,58,26.45,9.69,0.01,2.87,91.66,46.69,11.79
2007,59,25.75,8.66,0.0,2.82,91.73,44.94,9.76
2007,60,25.93,9.19,0.0,1.94,91.71,46.81,11.19
2007,61,27.09,9.64,0.0,1.71,91.68,41.5,11.93
2007,62,27.51,10.11,0.0,2.51,91.69,43.89,12.61
2007,63,26.7,10.71,0.0,3.0,91.77,49.78,13.47
2007,64,26.52,9.64,0.0,2.53,91.89,46.44,11.84
2007,65,26.49,8.06,0.0,2.1,91.74,40.54,8.8
2007,66,25.8,8.69,0.11,2.08,91.61,44.09,10.21
2007,67,26.22,8.68,0.0,2.35,91.64,41.3,10.4
2007,68,26.31,9.56,0.0,3.27,91.69,45.04,11.85
2007,69,26.34,10.0,0.0,3.27,91.78,47.93,12.45
2007,70,26.26,9.77,0.0,3.42,91.78,47.95,12.0
2007,71,25.61,7.84,0.0,3.15,91.84,41.77,8.13
2007,72,25.6,7.24,0.0,2.04,91.78,39.95,7.05
2007,73,26.62,10.67,0.0,2.76,91.75,50.8,13.34
2007,74,27.27,9.51,0.0,2.5,91.69,45.26,11.4
2007,75,27.17,9.47,0.0,2.96,91.74,46.27,11.04
2007,76,27.2,8.88,0.0,2.8,91.76,43.39,9.75
2007,77,26.75,7.79,0.0,2.48,91.66,39.88,8.0
2007,78,27.23,6.92,0.0,2.31,91.72,33.27,6.69
2007,79,27.35,6.9,0.0,2.46,91.81,33.59,6.47
2007,80,27.75,7.11,0.0,1.84,91.78,31.01,7.52
2007,81,28.5,7.78,0.0,2.99,91.82,32.72,8.75
2007,82,27.86,8.43,0.0,2.79,91.86,38.93,9.68
2007,83,28.62,7.63,0.0,1.76,91.86,32.97,8.29
2007,84,29.52,7.91,0.44,2.26,91.64,30.2,9.15
2007,85,30.11,8.43,0.36,2.48,91.62,31.16,10.04
2007,86,29.81,8.37,0.0,2.81,91.73,31.02,9.93
2007,87,29.13,8.9,0.0,2.36,91.79,35.71,10.66
2007,88,28.19,7.35,0.0,2.97,91.72,33.08,7.39
2007,89,27.52,7.46,0.0,3.0,91.73,36.28,7.18
2007,90,27.14,7.93,0.0,2.45,91.76,39.8,8.05
2007,91,29.54,11.41,0.0,2.45,91.77,46.87,14.25
2007,92,29.87,9.41,0.0,3.45,91.64,38.54,10.58
2007,93,28.41,8.47,0.0,2.86,91.59,35.56,9.84
2007,94,29.06,7.57,0.0,3.26,91.58,31.64,8.19
2007,95,28.77,8.84,0.0,3.77,91.68,39.23,10.1
2007,96,27.99,8.74,0.0,3.14,91.74,40.17,9.98
2007,97,27.06,9.12,0.0,2.59,91.72,43.39,10.27
2007,98,27.83,9.85,0.0,3.04,91.68,45.74,11.23
2007,99,28.65,10.62,0.0,3.52,91.7,46.09,12.61
2007,100,29.04,11.27,0.0,3.47,91.71,47.44,13.84
2007,101,29.43,11.29,0.5,2.31,91.59,45.14,14.14
2007,102,27.42,13.93,9.34,2.25,91.56,58.8,17.7
2007,103,27.36,13.47,4.84,2.27,91.6,58.74,17.04
2007,104,27.31,12.21,1.29,2.58,91.65,54.44,15.44
2007,105,27.24,11.29,0.05,3.14,91.68,52.03,14.04
2007,106,27.45,9.94,0.03,2.63,91.63,46.57,11.87
2007,107,27.38,12.28,0.49,1.53,91.65,53.14,15.68
2007,108,28.2,12.73,4.43,1.01,91.63,51.47,16.26
2007,109,26.29,15.79,21.17,1.17,91.68,69.62,19.73
2007,110,27.04,15.45,5.08,1.03,91.7,67.07,19.33
2007,111,25.2,16.46,55.32,1.54,91.75,76.25,20.45
2007,112,25.25,15.34,2.58,1.41,91.77,71.52,19.33
2007,113,26.07,13.35,0.4,1.72,91.68,60.85,17.04
2007,114,26.02,13.77,0.14,1.35,91.57,63.11,17.55
2007,115,27.61,13.48,0.0,1.86,91.51,57.83,17.12
2007,116,27.72,12.67,0.02,2.55,91.61,54.12,16.24
2007,117,27.79,13.37,0.0,2.72,91.7,57.19,17.01
2007,118,27.55,14.44,0.0,1.78,91.62,61.29,18.22
2007,119,28.8,13.31,0.0,1.62,91.56,52.71,16.91
2007,120,28.62,13.17,0.24,1.71,91.61,52.66,16.77
2007,121,27.94,14.04,7.38,1.83,91.68,57.73,17.77
2007,122,27.82,15.97,3.24,1.1,91.52,65.0,19.86
2007,123,26.04,16.45,4.55,1.68,91.4,73.14,20.35
2007,124,26.37,15.85,0.09,2.37,91.39,70.42,19.73
2007,125,26.92,15.54,0.11,1.71,91.43,66.75,19.44
2007,126,27.07,16.0,19.95,1.29,91.4,68.21,19.9
2007,127,24.22,15.42,4.04,1.61,91.51,75.21,19.23
2007,128,23.46,16.1,1.01,2.24,91.53,81.63,20.03
2007,129,25.58,15.59,0.43,3.03,91.6,72.42,19.52
2007,130,27.14,14.6,0.0,3.59,91.53,64.08,18.44
2007,131,27.0,15.26,0.0,3.22,91.41,66.13,19.16
2007,132,24.44,16.2,0.0,3.67,91.5,77.61,20.15
2007,133,27.25,13.98,0.0,3.64,91.4,61.78,17.69
2007,134,27.29,14.53,0.19,4.43,91.42,63.1,18.36
2007,135,27.46,14.2,0.01,3.75,91.43,60.51,18.0
2007,136,28.23,12.79,0.0,2.63,91.47,54.09,16.21
2007,137,28.26,13.19,0.0,2.06,91.48,54.14,16.77
2007,138,26.96,14.19,0.0,2.79,91.57,61.22,17.96
2007,139,28.12,14.44,0.0,2.02,91.57,59.99,18.19
2007,140,28.16,14.75,0.0,2.64,91.52,59.84,18.6
2007,141,28.02,14.24,0.0,2.21,91.42,58.83,17.94
2007,142,27.8,15.43,0.08,1.91,91.4,62.84,19.32
2007,143,26.79,15.83,4.18,1.47,91.54,67.39,19.74
2007,144,25.1,16.17,13.22,2.07,91.56,75.81,20.12
2007,145,23.63,16.53,24.96,2.05,91.56,83.29,20.49
2007,146,24.81,16.21,7.67,2.69,91.61,77.64,20.17
2007,147,24.01,16.17,9.99,1.7,91.65,80.21,20.14
2007,148,23.32,15.84,1.52,2.62,91.67,81.92,19.81
2007,149,23.78,15.35,1.63,1.96,91.65,77.77,19.3
2007,150,24.8,15.42,1.58,2.13,91.54,74.44,19.35
2007,151,26.14,14.8,0.03,2.38,91.51,67.71,18.65
2007,152,26.79,14.93,0.0,2.55,91.46,66.11,18.79
2007,153,26.69,15.4,1.33,2.07,91.46,67.5,19.32
2007,154,24.89,15.69,10.1,2.24,91.49,74.69,19.62
2007,155,26.16,15.43,0.49,1.49,91.51,68.81,19.33
2007,156,25.84,16.22,12.27,1.14,91.49,72.69,20.15
2007,157,25.88,15.94,3.46,1.73,91.46,71.58,19.87
2007,158,24.78,16.68,1.87,1.76,91.43,79.04,20.61
2007,159,25.25,15.46,0.84,2.51,91.42,72.62,19.36
2007,160,26.21,15.6,0.04,2.46,91.43,69.84,19.47
2007,161,24.91,16.55,0.03,3.14,91.38,77.79,20.47
2007,162,24.55,16.27,2.23,2.66,91.28,78.32,20.18
2007,163,25.22,15.91,1.31,2.27,91.14,74.21,19.79
2007,164,25.53,16.41,0.28,1.79,91.11,74.71,20.28
2007,165,24.44,16.47,0.18,2.59,91.13,79.17,20.34
2007,166,24.82,15.85,0.83,2.11,91.14,75.43,19.72
2007,167,23.81,15.91,0.52,3.4,91.18,79.68,19.81
2007,168,24.45,15.57,0.56,3.49,91.22,75.94,19.47
2007,169,23.91,16.18,0.6,3.86,91.24,80.43,20.08
2007,170,22.82,15.42,0.18,4.31,91.17,81.62,19.31
2007,171,22.45,14.12,0.17,5.57,91.06,76.29,17.88
2007,172,22.07,14.41,4.42,4.96,90.83,79.81,18.16
2007,173,22.62,16.32,13.81,7.0,90.66,86.13,20.12
2007,174,23.63,15.4,0.89,7.59,91.08,77.71,19.27
2007,175,23.97,15.39,1.05,5.16,91.54,77.18,19.34
2007,176,24.11,14.87,0.04,4.64,91.59,74.74,18.79
2007,177,23.34,15.41,1.95,4.46,91.49,79.8,19.35
2007,178,23.1,14.73,0.8,5.03,91.45,77.85,18.61
2007,179,22.89,14.92,2.26,5.67,91.38,79.4,18.81
2007,180,23.12,14.24,1.19,6.69,91.37,75.75,18.06
2007,181,22.7,14.51,0.34,6.25,91.37,77.89,18.38
2007,182,23.68,15.39,2.59,6.41,91.29,78.2,19.29
2007,183,23.58,14.97,0.4,6.08,91.42,76.82,18.87
2007,184,23.89,14.74,0.12,6.43,91.48,74.54,18.64
2007,185,23.5,14.85,4.13,5.44,91.57,76.77,18.77
2007,186,23.24,14.39,0.16,5.16,91.51,75.93,18.24
2007,187,23.99,15.17,0.21,5.39,91.41,76.29,19.08
2007,188,23.74,15.05,0.01,5.27,91.42,76.47,18.95
2007,189,23.41,14.85,0.08,5.46,91.48,76.98,18.75
2007,190,24.29,15.17,0.14,5.26,91.43,75.05,19.1
2007,191,23.68,15.87,0.79,4.33,91.37,80.32,19.8
2007,192,23.9,15.88,0.4,4.08,91.43,79.5,19.82
2007,193,23.84,15.75,0.97,4.66,91.46,79.16,19.69
2007,194,23.6,16.09,4.22,4.84,91.38,81.74,20.03
2007,195,24.28,15.53,0.06,5.32,91.25,76.42,19.44
2007,196,23.76,15.54,0.19,5.64,91.28,78.43,19.45
2007,197,23.65,15.72,1.08,4.9,91.31,79.58,19.64
2007,198,23.32,15.64,7.22,4.34,91.38,80.97,19.57
2007,199,24.21,15.27,0.67,3.18,91.39,75.92,19.19
2007,200,23.16,15.88,52.55,2.03,91.44,82.78,19.81
2007,201,22.47,16.55,10.85,2.38,91.41,88.86,20.48
2007,202,22.7,15.22,27.36,2.93,91.4,81.67,19.14
2007,203,22.24,15.29,11.07,2.23,91.34,84.03,19.2
2007,204,22.51,15.24,1.03,1.86,91.36,82.29,19.14
2007,205,22.88,15.88,5.99,2.5,91.35,83.87,19.81
2007,206,22.24,15.89,1.73,3.04,91.36,86.79,19.82
2007,207,23.1,15.95,1.1,1.8,91.38,83.39,19.87
2007,208,22.93,16.29,1.25,2.57,91.36,85.52,20.23
2007,209,22.56,16.29,19.69,2.92,91.41,87.41,20.23
2007,210,22.37,15.23,4.2,3.15,91.47,83.4,19.17
2007,211,22.07,15.43,15.84,2.95,91.49,85.58,19.37
2007,212,22.43,15.61,18.28,3.21,91.42,84.83,19.54
2007,213,21.23,15.25,8.51,3.98,91.45,88.47,19.18
2007,214,22.17,15.28,11.68,4.03,91.48,84.63,19.22
2007,215,21.66,14.97,1.52,4.25,91.58,85.31,18.92
2007,216,22.17,15.6,5.59,4.8,91.46,85.83,19.53
2007,217,22.1,15.08,4.7,5.56,91.38,83.54,19.0
2007,218,21.33,15.21,0.78,5.39,91.38,87.71,19.13
2007,219,22.22,15.41,0.43,5.5,91.4,84.79,19.35
2007,220,22.69,15.35,0.81,5.66,91.36,82.4,19.27
2007,221,22.95,15.75,2.0,5.14,91.3,83.03,19.67
2007,222,22.66,15.63,0.43,4.58,91.37,83.76,19.57
2007,223,22.48,15.44,2.44,4.27,91.47,83.75,19.38
2007,224,21.92,14.63,0.05,4.27,91.57,82.59,18.55
2007,225,21.97,14.35,0.0,3.86,91.59,81.17,18.24
2007,226,22.45,14.61,0.0,3.24,91.6,80.48,18.54
2007,227,22.97,15.03,0.03,2.21,91.57,79.86,18.95
2007,228,23.24,15.93,0.61,1.68,91.51,82.5,19.88
2007,229,23.27,16.13,0.36,2.14,91.53,83.57,20.09
2007,230,22.42,15.45,0.47,2.79,91.61,84.2,19.42
2007,231,23.1,14.86,0.4,2.91,91.59,79.06,18.79
2007,232,22.12,15.29,4.96,3.2,91.6,84.76,19.23
2007,233,22.65,15.51,16.13,3.34,91.51,83.67,19.46
2007,234,22.3,14.85,23.52,2.91,91.46,82.15,18.76
2007,235,21.74,15.26,20.73,2.63,91.48,86.3,19.2
2007,236,22.41,15.84,8.24,2.29,91.45,86.06,19.78
2007,237,22.79,16.52,17.85,1.93,91.38,87.41,20.45
2007,238,22.95,16.46,5.14,2.89,91.33,86.34,20.38
2007,239,23.0,16.44,0.34,2.28,91.37,85.97,20.36
2007,240,23.07,16.77,0.37,2.9,91.36,87.09,20.68
2007,241,22.72,16.77,23.69,3.05,91.38,88.79,20.68
2007,242,22.35,15.98,9.53,3.27,91.38,86.88,19.92
2007,243,21.98,15.45,7.11,3.54,91.41,86.08,19.38
2007,244,22.54,15.44,1.15,3.77,91.38,83.63,19.37
2007,245,22.07,15.78,2.36,3.34,91.39,87.35,19.72
2007,246,22.12,15.14,0.21,3.86,91.49,84.13,19.08
2007,247,22.21,15.74,0.08,3.53,91.45,86.36,19.66
2007,248,22.75,16.38,8.58,3.78,91.38,87.03,20.31
2007,249,22.01,15.78,0.33,3.71,91.45,87.55,19.73
2007,250,22.27,15.91,0.05,2.92,91.47,86.93,19.85
2007,251,22.72,16.05,4.14,2.0,91.44,85.61,19.99
2007,252,22.97,16.77,12.85,2.03,91.44,87.67,20.7
2007,253,23.6,16.24,0.94,1.28,91.47,82.58,20.19
2007,254,23.64,16.58,1.1,1.62,91.43,83.9,20.52
2007,255,23.85,16.69,34.68,0.93,91.37,83.16,20.6
2007,256,22.16,16.97,56.62,1.76,91.42,92.49,20.89
2007,257,22.41,15.96,34.37,1.69,91.48,86.79,19.92
2007,258,21.36,15.84,14.5,2.61,91.36,91.01,19.78
2007,259,22.28,16.03,7.7,2.09,91.29,87.49,19.94
2007,260,22.0,16.38,10.79,2.83,91.35,90.47,20.3
2007,261,20.95,15.39,5.95,4.13,91.3,90.57,19.31
2007,262,20.85,14.9,9.14,4.28,91.26,88.08,18.7
2007,263,22.05,15.69,0.84,3.9,91.33,86.86,19.6
2007,264,21.83,15.2,0.02,3.97,91.34,85.65,19.12
2007,265,21.75,15.58,0.08,3.57,91.3,87.73,19.5
2007,266,21.97,15.56,0.13,4.18,91.27,86.66,19.48
2007,267,22.69,16.49,0.58,4.72,91.23,87.49,20.38
2007,268,22.62,16.66,1.95,3.75,91.44,88.84,20.6
2007,269,22.21,15.94,0.26,2.17,91.59,87.46,19.9
2007,270,22.53,16.42,0.91,1.91,91.62,88.39,20.4
2007,271,22.1,15.85,0.09,2.68,91.6,87.62,19.82
2007,272,22.41,16.29,9.61,2.9,91.68,88.28,20.28
2007,273,21.53,15.11,0.78,2.47,91.7,86.61,19.04
2007,274,22.04,16.06,1.67,2.63,91.55,88.97,20.02
2007,275,22.29,15.95,1.71,2.16,91.49,87.26,19.91
2007,276,22.42,15.76,0.15,2.46,91.47,85.73,19.72
2007,277,22.8,16.12,0.06,2.11,91.43,85.7,20.07
2007,278,21.67,15.2,0.04,2.53,91.43,86.16,19.13
2007,279,22.09,15.55,0.08,2.68,91.38,86.05,19.48
2007,280,22.04,15.33,0.03,2.77,91.43,85.23,19.25
2007,281,22.08,14.8,0.0,2.38,91.52,82.34,18.71
2007,282,22.26,14.77,0.0,1.66,91.55,81.67,18.7
2007,283,22.38,13.45,0.0,1.43,91.55,74.44,17.21
2007,284,21.76,13.67,0.05,1.83,91.68,78.43,17.47
2007,285,22.23,14.39,0.0,1.65,91.83,80.16,18.32
2007,286,21.65,13.95,0.21,1.84,91.81,80.48,17.83
2007,287,21.37,13.32,0.06,1.42,91.72,78.17,17.07
2007,288,22.03,13.46,0.69,1.01,91.75,75.88,17.22
2007,289,22.2,14.59,0.08,1.13,91.76,80.97,18.51
2007,290,21.99,15.58,12.88,1.9,91.73,86.82,19.57
2007,291,21.93,15.8,7.56,1.73,91.77,88.48,19.8
2007,292,21.34,15.5,9.77,1.93,91.87,89.89,19.53
2007,293,21.48,15.53,29.29,1.57,91.81,89.28,19.54
2007,294,21.79,15.82,12.19,1.91,91.71,89.27,19.81
2007,295,21.3,15.63,6.7,2.23,91.66,90.56,19.62
2007,296,20.27,14.42,10.18,2.76,91.64,89.1,18.32
2007,297,20.66,14.8,12.62,3.98,91.64,89.15,18.71
2007,298,21.53,15.68,4.22,3.28,91.63,89.68,19.66
2007,299,21.18,15.69,6.34,2.37,91.61,91.4,19.66
2007,300,21.26,15.68,3.91,1.49,91.58,90.8,19.63
2007,301,21.02,15.51,13.2,0.97,91.5,91.1,19.47
2007,302,20.53,15.09,7.0,1.33,91.35,91.26,19.0
2007,303,20.68,15.15,6.11,1.44,91.38,91.0,19.06
2007,304,21.33,15.19,3.03,1.5,91.55,88.02,19.14
2007,305,21.92,15.75,1.26,0.96,91.64,88.05,19.71
2007,306,21.68,15.65,6.26,1.94,91.6,88.91,19.62
2007,307,21.61,15.72,7.48,2.08,91.54,89.5,19.67
2007,308,21.07,15.63,1.22,1.92,91.75,91.74,19.63
2007,309,20.89,14.22,0.04,1.51,91.86,84.56,18.11
2007,310,22.2,13.94,10.03,0.79,91.77,77.22,17.76
2007,311,21.98,14.43,0.89,1.3,91.72,80.93,18.33
2007,312,19.86,12.61,0.0,1.56,91.66,81.19,16.18
2007,313,20.04,12.84,0.0,1.21,91.7,81.3,16.51
2007,314,19.25,12.44,0.04,1.63,91.72,82.68,16.03
2007,315,18.52,12.17,0.03,2.04,91.79,84.17,15.7
2007,316,19.03,12.54,0.0,2.1,91.8,84.06,16.18
2007,317,17.96,10.83,0.0,1.92,91.75,78.69,13.86
2007,318,16.82,9.72,0.0,1.78,91.67,76.02,12.17
2007,319,16.84,8.82,0.0,1.65,91.78,70.29,10.76
2007,320,17.16,9.13,0.0,1.62,91.93,69.82,11.24
2007,321,16.18,9.4,0.0,1.75,91.79,76.92,11.69
2007,322,17.14,10.76,0.04,1.52,91.84,81.25,13.77
2007,323,20.51,14.75,1.15,2.46,91.95,89.14,18.69
2007,324,21.16,15.25,1.02,2.58,92.01,89.73,19.29
2007,325,21.33,14.86,0.03,2.62,91.96,86.82,18.84
2007,326,20.85,14.2,0.0,2.53,91.96,85.62,18.14
2007,327,18.74,11.43,0.0,2.0,91.91,79.57,14.71
2007,328,16.4,8.33,0.0,1.91,91.92,68.83,9.94
2007,329,15.6,7.68,0.0,1.6,91.97,65.94,8.64
2007,330,17.3,11.62,0.0,2.19,92.03,85.23,14.78
2007,331,20.11,12.9,0.0,1.97,91.97,82.01,16.61
2007,332,20.3,13.74,0.0,1.87,91.88,85.31,17.6
2007,333,20.22,13.53,0.01,2.03,91.86,84.83,17.37
2007,334,18.25,11.22,0.01,2.47,92.0,80.88,14.46
2007,335,18.05,11.25,0.0,2.2,92.07,81.84,14.53
2007,336,18.3,11.92,0.12,2.36,91.99,84.31,15.33
2007,337,19.71,13.01,0.13,2.69,91.99,84.77,16.76
2007,338,19.04,12.27,0.07,3.35,92.01,83.42,15.87
2007,339,18.76,12.53,0.35,3.98,92.02,86.04,16.15
2007,340,19.78,13.38,2.11,3.86,92.0,86.24,17.22
2007,341,19.98,13.59,0.78,2.94,91.95,86.51,17.43
2007,342,19.89,13.12,0.14,2.6,91.87,84.31,16.89
2007,343,20.38,13.26,0.0,1.89,91.84,83.06,17.04
2007,344,19.89,12.84,0.0,1.78,91.81,82.47,16.54
2007,345,18.67,11.27,0.0,1.94,91.8,79.63,14.5
2007,346,18.51,11.98,0.0,1.85,91.74,83.24,15.42
2007,347,19.03,12.58,0.28,2.59,91.68,85.09,16.18
2007,348,19.61,13.29,0.96,2.75,91.64,86.26,17.05
2007,349,19.86,13.17,0.11,3.13,91.66,84.55,16.9
2007,350,19.75,12.57,0.0,4.09,91.79,81.76,16.21
2007,351,19.23,12.34,0.5,3.76,91.82,82.93,15.93
2007,352,18.7,13.03,6.28,4.59,91.76,88.9,16.77
2007,353,19.43,14.39,20.97,3.86,91.67,93.13,18.27
2007,354,20.22,14.58,10.32,4.06,91.87,90.42,18.55
2007,355,20.36,13.89,1.05,2.49,92.04,86.26,17.79
2007,356,19.65,12.65,0.0,2.16,92.03,82.54,16.32
2007,357,18.37,10.47,0.0,1.83,91.98,75.34,13.36
2007,358,17.45,7.72,0.0,2.09,91.87,60.01,8.75
2007,359,18.2,7.77,0.0,1.76,91.86,56.91,8.76
2007,360,18.57,9.17,0.0,1.84,91.92,65.08,11.2
2007,361,18.78,10.6,0.0,1.66,91.97,75.2,13.58
2007,362,19.35,11.64,0.0,1.5,91.83,77.88,15.01
2007,363,20.21,11.91,0.0,1.77,91.74,76.14,15.34
2007,364,19.66,12.0,0.0,1.88,91.82,79.09,15.49
2007,365,19.13,11.74,0.0,2.05,91.87,79.95,15.15
2008,1,18.69,11.05,0.0,2.32,91.92,78.31,14.2
2008,2,17.84,10.18,0.0,2.36,91.97,76.93,12.95
2008,3,17.41,9.3,0.02,2.42,92.03,73.79,11.55
2008,4,18.54,12.68,3.01,3.43,92.06,86.84,16.18
2008,5,19.78,12.19,0.55,3.11,92.08,80.05,15.75
2008,6,18.21,10.42,0.02,2.99,92.13,77.17,13.35
2008,7,17.43,9.58,0.0,2.99,92.12,75.19,12.05
2008,8,17.91,9.74,0.0,2.78,92.07,74.36,12.3
2008,9,18.4,9.85,0.0,2.31,92.01,73.43,12.42
2008,10,19.05,9.02,0.0,2.06,91.93,67.16,10.82
2008,11,18.93,9.08,0.0,2.36,91.93,67.86,10.94
2008,12,18.72,9.22,0.0,2.51,91.98,69.3,11.32
2008,13,18.68,8.95,0.0,2.39,91.98,67.26,10.86
2008,14,18.9,8.55,0.0,1.84,91.98,65.0,9.91
2008,15,18.45,7.97,0.0,2.22,92.03,63.22,9.03
2008,16,18.27,8.21,0.0,2.43,92.13,64.15,9.65
2008,17,18.58,8.72,0.0,2.23,92.09,66.59,10.5
2008,18,18.65,8.24,0.0,1.7,91.84,63.68,9.41
2008,19,18.51,8.63,0.0,1.54,91.69,66.69,10.25
2008,20,19.51,8.96,0.0,1.43,91.72,66.07,10.81
2008,21,20.33,9.8,0.0,1.92,91.68,67.24,12.21
2008,22,20.72,10.82,0.0,1.78,91.64,70.04,13.77
2008,23,21.07,10.91,0.0,1.9,91.61,69.67,13.93
2008,24,21.67,11.41,0.0,1.31,91.61,69.29,14.66
2008,25,21.95,11.07,0.0,1.47,91.58,65.66,14.14
2008,26,22.54,11.44,0.0,1.04,91.56,65.09,14.68
2008,27,22.64,11.22,0.0,1.16,91.62,63.52,14.33
2008,28,22.71,12.8,0.0,2.12,91.79,71.23,16.44
2008,29,23.17,12.39,0.0,1.29,91.74,68.12,15.89
2008,30,21.95,10.43,0.0,1.88,91.65,63.17,12.95
2008,31,21.67,10.55,0.0,1.08,91.62,64.24,13.43
2008,32,22.64,12.36,0.0,1.78,91.65,69.25,15.83
2008,33,23.2,13.16,0.0,1.49,91.7,71.22,16.86
2008,34,22.67,12.76,0.08,2.3,91.64,71.45,16.37
2008,35,23.04,12.78,0.1,2.47,91.64,70.19,16.39
2008,36,23.08,12.95,0.0,2.36,91.67,70.36,16.62
2008,37,23.09,11.54,0.0,2.44,91.69,64.34,14.81
2008,38,23.46,12.76,0.0,1.84,91.62,68.44,16.37
2008,39,24.11,14.41,0.64,2.01,91.61,72.95,18.28
2008,40,22.59,15.56,6.46,1.27,91.65,83.83,19.54
2008,41,23.0,15.72,7.7,1.15,91.64,83.57,19.7
2008,42,22.56,15.3,0.99,1.52,91.72,82.93,19.28
2008,43,23.28,14.65,2.18,2.82,91.74,77.41,18.58
2008,44,23.81,12.68,0.8,2.41,91.83,67.67,16.24
2008,45,23.25,12.99,0.07,2.69,91.97,70.16,16.72
2008,46,23.19,13.53,0.27,3.36,92.01,72.77,17.39
2008,47,23.64,11.3,0.01,2.51,92.02,62.27,14.39
2008,48,22.68,10.76,0.0,2.21,91.98,62.71,13.58
2008,49,21.96,8.78,0.0,2.09,91.94,56.53,10.52
2008,50,22.26,9.06,0.0,1.82,91.95,57.05,11.03
2008,51,22.77,10.23,0.0,1.96,91.96,61.19,12.89
2008,52,23.24,10.35,0.0,2.04,92.0,59.57,13.09
2008,53,23.43,10.51,0.0,2.62,91.97,59.48,13.32
2008,54,23.02,9.67,0.0,2.49,91.9,57.76,11.73
2008,55,22.47,8.76,0.0,2.73,91.84,55.52,10.05
2008,56,22.43,8.07,0.0,2.35,91.78,51.88,9.12
2008,57,22.84,7.53,0.0,3.22,91.76,45.89,8.11
2008,58,22.99,7.68,0.0,3.31,91.92,47.65,8.33
2008,59,22.01,7.08,0.0,3.51,91.96,45.26,7.29
2008,60,22.4,6.98,0.0,2.63,91.83,46.74,6.61
2008,61,23.15,7.85,0.09,1.88,91.73,48.35,8.4
2008,62,24.03,8.87,0.04,2.41,91.79,51.06,9.72
2008,63,22.61,6.38,0.0,2.69,91.83,43.68,4.31
2008,64,22.42,4.95,0.0,2.95,91.73,32.98,1.93
2008,65,23.21,5.23,0.0,3.45,91.78,32.88,2.59
2008,66,23.33,6.61,0.0,3.38,91.89,41.56,5.96
2008,67,22.6,5.43,0.0,3.54,91.93,37.03,2.68
2008,68,22.87,4.48,0.0,3.46,91.84,28.85,0.56
2008,69,22.46,4.07,0.0,3.23,91.79,27.14,-0.81
2008,70,24.47,5.58,0.0,3.3,91.76,30.93,3.75
2008,71,23.88,7.04,0.01,3.52,91.71,39.94,7.0
2008,72,23.35,11.72,2.12,3.52,91.66,62.99,14.96
2008,73,24.02,13.46,2.29,3.54,91.62,69.67,17.16
2008,74,23.63,14.56,5.38,3.28,91.7,75.27,18.48
2008,75,23.58,13.93,12.3,1.88,91.68,73.13,17.72
2008,76,24.52,12.59,1.11,2.62,91.6,65.02,16.08
2008,77,25.06,11.47,0.02,3.16,91.54,57.43,14.64
2008,78,24.75,12.24,0.39,3.3,91.51,62.73,15.52
2008,79,24.65,12.41,0.58,3.54,91.5,64.21,15.83
2008,80,23.06,13.49,8.32,3.29,91.49,73.49,17.19
2008,81,21.67,13.97,15.92,4.14,91.51,80.33,17.81
2008,82,22.56,14.72,6.95,4.75,91.49,80.29,18.63
2008,83,22.6,15.7,3.79,3.22,91.59,84.54,19.66
2008,84,23.78,14.84,4.91,2.36,91.63,76.13,18.76
2008,85,25.31,13.83,1.26,1.6,91.62,67.4,17.55
2008,86,24.72,14.74,13.79,0.79,91.67,72.29,18.62
2008,87,24.87,14.91,0.24,1.31,91.61,71.84,18.83
2008,88,25.7,14.8,1.5,1.09,91.58,68.38,18.68
2008,89,25.9,14.23,0.22,0.92,91.65,65.56,17.99
2008,90,26.08,14.03,2.65,1.07,91.64,63.4,17.84
2008,91,25.72,14.23,2.76,1.27,91.57,66.35,18.06
2008,92,25.28,14.27,0.87,1.32,91.61,67.66,18.11
2008,93,25.57,14.17,4.85,1.93,91.71,66.74,17.99
2008,94,24.14,14.47,0.32,1.22,91.79,72.49,18.36
2008,95,25.37,13.72,1.2,1.76,91.61,64.98,17.49
2008,96,25.12,13.89,0.13,2.56,91.73,67.24,17.73
2008,97,25.26,12.65,0.0,3.41,91.92,61.81,16.21
2008,98,25.1,11.1,0.0,3.46,91.83,57.37,13.94
2008,99,24.5,9.74,0.03,3.32,91.73,53.62,11.79
2008,100,23.78,9.69,0.06,2.52,91.69,53.96,11.77
2008,101,25.15,10.68,0.0,3.06,91.67,55.0,13.52
2008,102,25.34,9.37,0.0,2.59,91.55,49.3,11.26
2008,103,25.59,10.75,0.0,2.43,91.53,55.6,13.12
2008,104,26.29,11.27,0.0,2.62,91.49,55.95,13.97
2008,105,26.48,10.82,0.0,2.63,91.45,52.75,13.39
2008,106,27.08,11.88,0.0,2.77,91.54,55.24,14.94
2008,107,25.23,11.76,0.0,2.11,91.62,57.87,14.98
2008,108,27.14,10.42,0.0,2.8,91.51,49.52,12.94
2008,109,27.16,9.51,0.01,2.22,91.49,45.06,11.53
2008,110,28.57,10.77,0.0,1.95,91.49,44.28,13.49
2008,111,28.96,8.95,0.11,2.28,91.48,36.79,10.74
2008,112,28.87,8.87,0.0,1.97,91.43,38.11,10.43
2008,113,29.88,10.31,0.03,2.27,91.45,41.45,12.7
2008,114,29.61,9.47,3.11,3.17,91.53,37.17,11.64
2008,115,28.17,9.19,0.17,3.39,91.59,39.49,11.06
2008,116,27.31,9.85,0.1,3.6,91.59,47.25,11.78
2008,117,27.56,10.48,0.1,3.1,91.53,49.49,12.71
2008,118,29.14,11.03,0.36,2.57,91.31,46.09,13.83
2008,119,28.37,13.46,0.09,3.42,91.23,52.69,17.11
2008,120,29.08,13.19,0.0,3.11,91.2,52.37,16.66
2008,121,27.29,14.47,8.44,2.29,91.45,60.74,18.24
2008,122,27.88,14.3,0.91,2.65,91.47,59.73,18.09
2008,123,28.03,14.12,0.29,3.04,91.39,58.44,17.89
2008,124,28.55,11.34,0.03,3.6,91.37,48.84,13.9
2008,125,28.03,10.32,0.01,3.15,91.43,46.7,12.48
2008,126,28.22,10.78,0.0,3.13,91.49,47.68,13.39
2008,127,28.74,11.48,0.0,3.12,91.42,47.06,14.57
2008,128,29.28,11.31,0.2,2.71,91.4,44.02,14.29
2008,129,27.85,12.82,1.88,2.7,91.5,53.0,16.38
2008,130,27.73,13.09,0.46,3.62,91.51,55.04,16.64
2008,131,28.61,12.33,0.03,3.82,91.49,50.43,15.6
2008,132,28.6,12.5,0.5,3.58,91.5,49.8,15.87
2008,133,29.23,11.42,0.28,3.22,91.49,45.72,14.24
2008,134,28.64,10.42,0.1,3.49,91.57,44.96,12.62
2008,135,28.43,11.04,0.22,3.97,91.62,47.99,13.75
2008,136,28.07,11.72,0.0,4.09,91.63,49.63,14.92
2008,137,27.62,11.9,0.0,4.08,91.64,50.6,15.22
2008,138,28.05,11.97,0.0,3.76,91.55,49.39,15.24
2008,139,28.9,12.71,0.0,3.32,91.43,51.18,16.17
2008,140,27.79,13.47,0.64,2.92,91.53,54.81,17.18
2008,141,27.77,13.86,1.49,2.92,91.53,57.08,17.61
2008,142,26.29,15.15,15.3,2.78,91.56,67.04,19.03
2008,143,25.59,15.27,9.55,2.47,91.51,71.09,19.14
2008,144,25.87,14.91,9.72,2.42,91.5,69.21,18.68
2008,145,23.59,15.69,9.75,2.15,91.5,80.03,19.63
2008,146,26.12,15.23,4.3,1.88,91.39,69.21,19.06
2008,147,24.68,15.74,0.18,2.17,91.51,75.32,19.67
2008,148,25.67,14.7,1.91,2.26,91.53,68.69,18.53
2008,149,24.87,15.88,3.66,2.0,91.44,75.39,19.82
2008,150,26.19,14.99,2.04,3.07,91.4,68.08,18.85
2008,151,24.75,15.52,0.29,2.99,91.48,74.7,19.46
2008,152,23.39,16.66,50.93,3.11,91.49,84.9,20.6
2008,153,23.76,15.69,30.51,1.84,91.46,79.35,19.61
2008,154,24.43,15.78,2.13,1.88,91.42,77.03,19.72
2008,155,24.9,15.97,5.2,2.27,91.46,75.88,19.92
2008,156,24.63,15.11,0.45,3.46,91.62,73.62,19.06
2008,157,24.07,14.98,0.08,3.67,91.54,75.2,18.91
2008,158,24.12,16.15,0.38,3.93,91.38,79.83,20.09
2008,159,23.7,15.79,0.53,3.42,91.37,80.11,19.73
2008,160,23.13,15.66,0.96,3.53,91.35,81.62,19.59
2008,161,22.98,14.91,0.85,4.4,91.47,78.93,18.83
2008,162,21.99,13.11,0.36,4.47,91.56,74.54,16.78
2008,163,23.84,15.11,1.23,4.12,91.49,77.03,19.04
2008,164,23.48,14.58,0.18,4.81,91.46,75.73,18.45
2008,165,22.46,13.32,0.02,4.93,91.5,73.63,17.04
2008,166,23.7,14.44,0.1,5.1,91.41,74.56,18.29
2008,167,23.55,15.01,0.02,5.07,91.36,77.12,18.9
2008,168,24.22,14.97,0.01,4.88,91.32,74.52,18.86
2008,169,23.69,14.2,0.0,4.88,91.4,73.16,18.0
2008,170,23.84,14.77,0.25,4.03,91.4,75.33,18.66
2008,171,24.3,15.48,0.14,3.86,91.46,76.52,19.41
2008,172,24.72,15.36,0.17,3.13,91.54,74.29,19.29
2008,173,24.51,15.26,0.85,3.59,91.58,74.85,19.19
2008,174,23.54,14.12,2.75,3.87,91.54,73.81,17.96
2008,175,24.37,14.53,0.05,4.03,91.45,72.57,18.39
2008,176,24.75,14.08,0.0,4.83,91.37,69.11,17.84
2008,177,24.58,14.59,0.32,4.64,91.4,71.67,18.46
2008,178,24.19,14.87,0.1,4.67,91.46,73.89,18.78
2008,179,24.41,15.21,0.05,4.43,91.43,74.6,19.11
2008,180,24.45,14.92,0.55,4.78,91.43,73.69,18.8
2008,181,24.44,14.29,0.05,5.49,91.47,71.21,18.12
2008,182,24.03,14.24,0.06,5.58,91.51,72.2,18.09
2008,183,23.2,14.16,5.36,4.86,91.61,74.85,18.01
2008,184,23.18,14.21,8.17,4.82,91.65,75.72,18.09
2008,185,23.04,14.09,7.44,3.54,91.61,75.54,17.93
2008,186,24.1,14.18,0.0,3.68,91.6,72.54,18.0
2008,187,24.42,15.04,0.0,3.81,91.52,74.44,18.96
2008,188,23.76,15.32,0.04,4.18,91.51,77.62,19.26
2008,189,23.46,14.43,5.5,5.25,91.47,75.32,18.29
2008,190,23.3,13.71,0.51,5.39,91.39,72.94,17.49
2008,191,23.71,13.15,2.96,5.07,91.4,69.74,16.75
2008,192,23.3,14.25,0.14,4.29,91.51,75.41,18.11
2008,193,24.02,14.0,0.0,4.59,91.47,71.72,17.79
2008,194,24.42,14.3,0.0,4.37,91.36,71.16,18.12
2008,195,24.78,14.54,0.0,2.97,91.44,70.77,18.39
2008,196,24.46,15.88,24.52,1.66,91.55,77.17,19.82
2008,197,23.88,16.36,53.38,1.33,91.47,81.28,20.3
2008,198,23.19,16.01,0.83,2.02,91.32,82.76,19.94
2008,199,23.3,16.17,0.1,2.16,91.26,83.21,20.08
2008,200,22.73,16.42,2.32,2.16,91.29,86.87,20.33
2008,201,22.6,16.05,1.12,2.44,91.25,85.79,19.96
2008,202,22.58,15.68,50.08,1.62,91.31,83.77,19.59
2008,203,22.28,16.04,18.37,1.86,91.36,87.22,19.98
2008,204,21.47,15.69,6.87,1.38,91.28,89.39,19.62
2008,205,23.54,16.13,0.61,2.04,91.22,82.19,20.04
2008,206,22.66,15.42,7.37,2.29,91.27,82.52,19.32
2008,207,21.82,15.25,5.65,4.37,91.27,85.6,19.15
2008,208,22.57,15.03,1.99,4.98,91.23,81.52,18.92
2008,209,22.48,15.71,11.99,4.96,91.22,84.81,19.63
2008,210,22.54,15.69,0.4,5.55,91.17,84.35,19.59
2008,211,22.59,15.22,1.02,5.35,91.25,82.22,19.12
2008,212,22.42,15.25,5.47,5.38,91.28,83.03,19.15
2008,213,22.97,15.69,2.1,4.52,91.34,82.72,19.62
2008,214,22.87,15.71,1.97,4.04,91.41,83.37,19.65
2008,215,22.55,15.64,0.08,3.31,91.43,84.42,19.58
2008,216,22.87,15.92,1.89,3.39,91.38,84.21,19.86
2008,217,22.75,15.91,2.5,3.51,91.36,84.65,19.84
2008,218,23.13,15.49,0.9,4.16,91.43,81.35,19.44
2008,219,22.8,15.26,0.45,4.31,91.47,81.62,19.2
2008,220,22.88,15.12,0.55,4.36,91.4,80.67,19.04
2008,221,22.2,15.43,0.75,5.07,91.38,84.88,19.37
2008,222,21.8,14.7,0.34,5.97,91.31,82.97,18.57
2008,223,21.13,14.48,0.59,5.75,91.29,84.71,18.34
2008,224,21.5,15.15,1.01,5.14,91.22,86.47,19.04
2008,225,22.8,15.61,3.68,4.48,91.36,82.98,19.52
2008,226,22.3,15.22,3.55,4.25,91.5,83.68,19.16
2008,227,22.16,15.81,41.82,3.58,91.47,87.08,19.75
2008,228,22.6,15.58,1.72,3.72,91.35,83.95,19.5
2008,229,22.27,15.39,2.13,3.49,91.37,84.29,19.31
2008,230,22.6,15.64,9.51,2.93,91.54,84.19,19.59
2008,231,21.94,15.76,26.66,2.1,91.58,87.69,19.71
2008,232,22.33,15.44,11.13,2.32,91.61,84.55,19.4
2008,233,22.94,15.28,0.87,2.57,91.68,81.59,19.25
2008,234,22.54,14.94,1.21,3.42,91.64,81.66,18.89
2008,235,22.73,14.71,0.93,3.16,91.55,79.68,18.63
2008,236,22.66,14.87,0.46,2.97,91.5,80.58,18.79
2008,237,23.38,15.44,0.1,1.91,91.47,79.81,19.37
2008,238,21.74,16.23,15.88,1.3,91.45,90.98,20.19
2008,239,21.95,16.08,51.69,1.62,91.5,89.24,20.04
2008,240,22.54,16.61,43.16,1.75,91.45,88.9,20.53
2008,241,23.65,16.82,12.09,1.38,91.41,84.89,20.75
2008,242,23.27,16.72,2.81,1.31,91.38,86.02,20.64
2008,243,23.24,16.02,5.96,1.3,91.42,83.39,19.97
2008,244,23.03,16.13,16.59,1.04,91.47,84.77,20.09
2008,245,23.3,16.58,39.18,0.82,91.45,85.38,20.51
2008,246,22.7,16.09,19.75,1.35,91.49,85.35,20.04
2008,247,22.38,16.63,8.18,1.27,91.47,89.7,20.57
2008,248,23.42,15.97,2.39,0.99,91.54,82.33,19.93
2008,249,23.01,16.43,3.36,1.0,91.57,85.86,20.4
2008,250,22.74,16.69,8.45,1.57,91.54,88.51,20.64
2008,251,21.85,15.99,1.17,2.91,91.52,89.43,19.95
2008,252,21.09,15.57,17.9,3.3,91.47,90.83,19.48
2008,253,21.79,16.06,1.42,3.9,91.41,89.95,20.0
2008,254,21.96,16.13,1.95,3.78,91.25,89.25,20.03
2008,255,21.87,15.69,0.32,4.83,91.13,87.43,19.57
2008,256,20.83,14.46,0.06,4.52,91.28,86.29,18.31
2008,257,21.67,15.39,0.02,3.93,91.47,87.44,19.33
2008,258,22.32,15.93,1.27,3.64,91.63,86.97,19.89
2008,259,21.57,15.06,0.14,3.39,91.66,86.41,19.02
2008,260,21.65,14.84,0.01,4.08,91.59,85.08,18.78
2008,261,21.65,15.1,0.0,3.87,91.58,86.21,19.05
2008,262,21.92,15.12,0.0,3.43,91.58,85.18,19.07
2008,263,22.59,15.98,1.36,3.14,91.54,86.04,19.91
2008,264,22.09,15.67,1.41,2.12,91.65,86.86,19.65
2008,265,22.53,15.59,0.24,2.02,91.63,84.61,19.57
2008,266,22.42,15.19,0.0,2.44,91.61,83.25,19.14
2008,267,22.27,15.51,0.0,1.89,91.61,84.98,19.49
2008,268,21.67,16.2,1.23,2.12,91.64,91.35,20.18
2008,269,22.78,15.85,0.13,1.93,91.76,84.69,19.85
2008,270,22.7,15.5,0.0,2.22,91.74,83.24,19.5
2008,271,22.56,14.71,0.08,1.36,91.72,80.39,18.66
2008,272,21.7,13.19,0.09,1.93,91.75,76.41,16.94
2008,273,22.52,13.96,0.12,1.0,91.72,76.7,17.81
2008,274,22.65,14.55,0.02,1.27,91.66,78.78,18.47
2008,275,23.63,14.83,0.0,0.9,91.59,74.93,18.75
2008,276,23.67,15.0,7.32,1.21,91.56,76.13,18.93
2008,277,23.03,15.18,7.73,0.97,91.64,79.6,19.14
2008,278,22.96,15.51,2.6,1.28,91.64,81.6,19.47
2008,279,23.06,16.14,4.92,1.55,91.73,84.63,20.14
2008,280,23.58,16.26,18.49,0.78,91.72,82.91,20.25
2008,281,23.45,16.14,9.4,0.72,91.73,82.55,20.13
2008,282,22.42,16.26,0.93,1.4,91.67,87.78,20.24
2008,283,23.27,16.28,0.04,1.42,91.76,84.36,20.28
2008,284,22.96,16.01,0.5,1.69,91.88,84.61,20.04
2008,285,22.4,15.14,2.17,2.23,91.9,83.52,19.15
2008,286,21.55,15.29,3.15,2.6,91.85,87.88,19.3
2008,287,21.96,15.35,1.57,2.81,91.71,86.17,19.34
2008,288,21.51,14.94,3.95,2.66,91.72,86.1,18.88
2008,289,21.82,15.9,10.93,2.52,91.75,89.38,19.9
2008,290,21.76,15.55,5.32,2.46,91.7,88.05,19.55
2008,291,22.13,15.74,1.85,2.53,91.59,87.22,19.71
2008,292,22.16,15.72,3.63,2.73,91.66,87.01,19.71
2008,293,22.24,15.65,4.57,2.45,91.68,86.38,19.65
2008,294,22.23,15.94,8.99,2.25,91.54,87.51,19.88
2008,295,21.62,16.44,4.61,3.15,91.44,92.71,20.37
2008,296,21.57,16.09,7.17,2.7,91.45,91.28,20.03
2008,297,21.26,15.63,16.35,1.96,91.51,90.52,19.58
2008,298,21.9,16.46,25.67,1.5,91.56,91.56,20.41
2008,299,22.56,16.09,9.09,1.18,91.59,86.45,20.06
2008,300,22.12,15.28,1.23,1.17,91.56,84.36,19.17
2008,301,20.6,10.39,0.0,1.36,91.7,64.18,13.22
2008,302,19.51,9.97,0.0,1.38,91.8,65.72,12.6
2008,303,18.96,9.89,0.0,1.23,91.82,67.96,12.48
2008,304,19.3,11.28,0.0,1.5,91.9,75.75,14.51
2008,305,19.43,10.14,0.0,1.5,91.93,67.37,12.86
2008,306,18.35,9.29,0.0,1.45,91.88,67.2,11.56
2008,307,19.13,9.36,0.0,1.72,91.82,63.5,11.65
2008,308,19.77,9.45,0.0,1.42,91.84,60.91,11.77
2008,309,19.2,9.91,0.0,1.56,91.77,66.43,12.47
2008,310,18.9,10.46,0.0,1.44,91.71,72.2,13.33
2008,311,18.1,10.54,0.0,1.51,91.69,76.52,13.46
2008,312,18.57,11.13,0.0,1.6,91.8,78.08,14.32
2008,313,19.01,11.63,0.0,1.28,91.86,78.71,14.99
2008,314,19.63,12.2,0.0,1.28,91.82,79.24,15.75
2008,315,21.21,14.93,0.06,2.22,91.78,86.72,18.88
2008,316,20.23,12.73,0.03,2.12,91.78,80.72,16.39
2008,317,19.16,11.58,0.0,2.13,91.67,78.54,14.9
2008,318,19.49,12.62,0.02,1.6,91.58,81.75,16.16
2008,319,20.25,12.6,0.01,1.82,91.52,78.65,16.13
2008,320,19.13,11.51,2.73,2.07,91.35,76.61,14.6
2008,321,20.33,14.6,1.42,1.96,91.32,89.29,18.44
2008,322,21.51,15.03,0.67,2.2,91.47,86.56,18.95
2008,323,22.33,15.54,0.43,2.02,91.61,85.41,19.49
2008,324,21.89,15.37,0.34,2.52,91.78,86.54,19.36
2008,325,21.57,15.22,0.25,2.19,91.9,87.39,19.24
2008,326,20.73,13.56,0.43,2.24,91.89,83.4,17.4
2008,327,20.12,14.18,8.07,3.46,91.88,88.99,18.11
2008,328,19.98,14.16,12.88,2.83,91.94,89.49,18.1
2008,329,20.92,14.52,1.84,2.96,91.9,86.97,18.48
2008,330,20.38,13.63,1.15,3.38,91.85,84.83,17.49
2008,331,19.47,13.83,7.15,4.37,91.71,89.73,17.68
2008,332,18.11,13.35,23.4,4.86,91.43,93.49,17.06
2008,333,20.96,16.1,13.03,4.18,91.58,94.55,20.07
2008,334,21.59,15.54,1.63,2.79,91.96,89.04,19.57
2008,335,21.02,14.84,1.58,2.58,92.02,88.28,18.85
2008,336,21.09,14.96,0.18,1.8,91.95,88.6,18.96
2008,337,21.37,14.71,0.0,1.81,91.82,85.86,18.69
2008,338,20.24,12.96,0.0,1.79,91.77,81.82,16.67
2008,339,19.08,12.31,0.0,1.93,91.83,83.34,15.89
2008,340,18.99,12.17,0.0,2.24,92.02,82.61,15.72
2008,341,18.08,11.83,0.0,2.08,92.02,85.01,15.29
2008,342,19.15,12.53,0.0,1.99,91.9,84.11,16.11
2008,343,19.54,12.76,0.37,2.42,91.93,84.03,16.42
2008,344,20.49,14.31,0.5,2.62,91.93,87.98,18.24
2008,345,20.96,14.06,0.12,1.75,91.93,84.59,17.98
2008,346,19.47,11.63,0.02,1.69,91.91,78.62,14.98
2008,347,18.39,11.44,0.0,1.78,91.84,80.68,14.74
2008,348,18.97,12.41,0.04,2.52,91.95,84.08,16.01
2008,349,18.74,11.87,0.11,2.89,91.97,82.92,15.34
2008,350,18.87,12.18,0.32,2.88,91.93,83.78,15.71
2008,351,18.8,12.31,0.13,2.65,91.9,84.88,15.89
2008,352,19.05,12.22,0.0,3.15,91.96,83.32,15.8
2008,353,18.35,11.75,0.0,3.21,91.92,83.49,15.17
2008,354,18.46,11.73,0.0,2.49,91.89,82.88,15.13
2008,355,18.08,11.3,0.0,1.96,91.96,82.31,14.59
2008,356,17.79,10.32,0.0,1.78,91.92,76.5,13.15
2008,357,17.24,9.85,0.0,1.98,91.97,76.4,12.46
2008,358,17.37,10.29,0.0,2.3,92.0,78.37,13.11
2008,359,19.0,11.76,0.0,2.5,91.99,80.85,15.19
2008,360,18.9,10.86,0.0,2.38,91.98,76.87,13.93
2008,361,18.51,10.36,0.0,1.77,91.99,74.3,13.19
2008,362,18.01,9.1,0.0,1.72,91.95,69.75,11.25
2008,363,17.37,8.02,0.0,1.6,91.9,65.59,9.28
2008,364,16.72,7.47,0.0,1.9,91.92,62.94,8.3
2008,365,16.32,8.3,0.0,1.9,91.97,70.8,9.75
2008,366,16.8,8.72,0.0,1.86,91.93,72.08,10.55
2009,1,17.36,8.63,0.0,1.8,91.9,69.84,10.32
2009,2,17.91,9.32,0.0,1.94,91.97,72.04,11.54
2009,3,18.23,10.08,0.0,2.21,92.05,75.06,12.82
2009,4,18.42,10.09,0.0,2.1,91.97,74.18,12.85
2009,5,18.33,9.41,0.0,1.91,91.84,70.79,11.72
2009,6,18.29,9.5,0.0,1.61,91.83,70.92,11.88
2009,7,18.44,10.05,0.35,2.36,91.92,74.21,12.61
2009,8,20.33,12.85,0.21,3.0,92.05,81.37,16.6
2009,9,20.55,11.41,0.0,3.06,92.13,73.61,14.72
2009,10,19.94,11.02,0.0,3.41,92.11,73.82,14.2
2009,11,20.31,11.42,0.0,3.0,92.13,74.39,14.75
2009,12,19.36,9.63,0.0,3.29,92.27,68.75,12.03
2009,13,18.39,9.73,0.0,3.89,92.33,72.2,12.34
2009,14,18.59,9.98,0.03,3.78,92.32,72.85,12.74
2009,15,18.8,10.28,0.2,3.84,92.26,74.26,13.15
2009,16,18.9,10.08,0.15,3.14,92.23,72.47,12.85
2009,17,18.55,9.21,0.0,3.03,92.12,69.44,11.41
2009,18,18.49,8.63,0.0,2.31,92.04,66.37,10.31
2009,19,17.97,8.1,0.0,2.59,91.96,65.01,9.38
2009,20,18.13,8.81,0.0,2.84,91.99,68.18,10.68
2009,21,19.24,8.55,0.0,2.04,91.97,64.36,10.06
2009,22,20.33,9.19,0.0,1.94,91.87,64.25,11.1
2009,23,19.79,8.44,0.0,2.02,91.79,62.73,9.55
2009,24,20.15,8.87,0.0,2.54,91.78,63.52,10.4
2009,25,19.94,8.91,0.0,2.31,91.84,64.75,10.58
2009,26,20.91,9.71,0.0,2.13,91.87,65.66,11.88
2009,27,21.91,11.52,0.04,1.78,91.88,69.3,14.74
2009,28,23.09,11.93,0.0,1.96,91.82,67.74,15.25
2009,29,22.82,10.83,0.0,2.16,91.88,63.07,13.55
2009,30,21.12,7.69,0.0,2.26,91.89,53.71,8.22
2009,31,20.97,7.81,0.0,2.47,91.86,54.16,8.72
2009,32,21.42,7.67,0.0,2.37,91.93,52.66,8.35
2009,33,21.35,8.62,0.0,2.26,91.99,58.34,10.22
2009,34,21.76,9.47,0.0,2.38,91.97,60.44,11.73
2009,35,22.07,9.85,0.0,2.21,92.0,61.68,12.28
2009,36,22.18,9.74,0.0,2.58,91.99,60.1,12.15
2009,37,21.82,8.82,0.0,2.54,91.95,56.24,10.72
2009,38,21.51,9.15,0.0,2.97,91.89,59.87,11.14
2009,39,21.65,9.65,0.0,2.72,92.02,61.72,12.03
2009,40,21.36,9.03,0.0,2.95,92.05,59.8,10.92
2009,41,21.2,8.7,0.0,2.17,91.95,58.36,10.38
2009,42,21.47,8.1,0.0,1.75,91.84,54.89,9.18
2009,43,21.83,7.86,0.0,1.56,91.8,52.08,8.8
2009,44,22.18,7.96,0.0,1.52,91.75,49.56,9.11
2009,45,22.18,7.96,0.0,1.9,91.73,50.3,9.03
2009,46,22.58,7.97,0.0,2.54,91.69,49.97,8.97
2009,47,22.08,7.25,0.0,3.07,91.78,47.64,7.47
2009,48,21.38,7.38,0.0,3.35,91.85,51.57,7.66
2009,49,21.76,8.38,0.0,2.79,91.76,55.07,9.83
2009,50,22.83,7.56,0.0,3.17,91.67,47.67,8.03
2009,51,22.69,8.48,0.0,3.28,91.82,53.6,9.54
2009,52,24.47,10.81,0.0,3.31,91.83,57.75,13.8
2009,53,26.02,10.54,0.0,3.39,91.63,52.2,13.25
2009,54,26.05,10.18,0.0,2.6,91.68,51.11,12.66
2009,55,26.11,8.72,0.0,1.75,91.74,44.44,10.14
2009,56,26.68,8.56,0.0,1.8,91.65,41.49,10.09
2009,57,26.99,8.13,0.0,2.22,91.63,38.65,9.29
2009,58,26.03,6.87,0.0,2.79,91.75,36.23,6.39
2009,59,25.95,5.56,0.0,2.5,91.73,29.52,3.64
2009,60,26.72,5.6,0.0,2.21,91.68,27.02,4.08
2009,61,26.73,6.28,0.0,2.32,91.7,31.3,5.4
2009,62,26.14,6.24,0.0,2.3,91.72,33.47,4.86
2009,63,26.16,6.45,0.0,1.57,91.69,32.77,5.76
2009,64,26.3,4.83,0.0,2.39,91.69,24.46,1.64
2009,65,26.62,4.78,0.0,1.74,91.71,22.53,1.93
2009,66,27.12,5.74,0.0,2.62,91.66,27.24,4.34
2009,67,25.78,6.02,0.0,3.14,91.66,32.09,4.42
2009,68,24.97,6.91,0.1,3.96,91.79,39.76,6.32
2009,69,23.42,10.1,2.39,4.11,91.88,53.76,12.72
2009,70,24.53,13.03,0.23,3.41,91.82,66.09,16.74
2009,71,23.85,12.87,1.34,1.75,91.87,65.42,16.55
2009,72,25.53,9.35,0.02,2.86,91.88,46.41,11.46
2009,73,25.56,9.83,0.11,2.34,91.86,47.59,12.3
2009,74,24.6,11.45,6.02,1.54,91.8,58.07,14.54
2009,75,24.41,9.71,5.53,1.69,91.74,51.08,12.04
2009,76,24.66,8.75,0.0,1.99,91.71,47.84,10.34
2009,77,25.08,9.18,0.0,1.98,91.72,49.05,11.01
2009,78,25.55,7.58,0.0,2.67,91.7,39.95,8.13
2009,79,25.66,7.16,0.0,2.0,91.71,36.04,7.57
2009,80,27.04,8.76,0.0,1.32,91.67,38.85,10.59
2009,81,28.03,9.87,0.01,2.24,91.63,39.98,12.39
2009,82,27.73,9.16,0.32,3.01,91.75,39.39,11.15
2009,83,26.61,9.83,0.21,2.18,91.84,45.42,12.11
2009,84,26.67,9.19,0.0,2.16,91.79,43.74,11.09
2009,85,27.34,9.51,0.0,1.41,91.69,42.81,11.73
2009,86,28.77,9.6,0.0,1.6,91.69,37.8,11.98
2009,87,28.68,9.12,0.0,2.69,91.68,38.15,10.93
2009,88,28.15,9.77,0.0,3.13,91.67,43.6,11.88
2009,89,28.22,8.54,0.0,3.08,91.62,38.11,9.83
2009,90,28.23,7.5,0.0,3.34,91.54,33.42,7.97
2009,91,28.67,7.79,0.0,3.09,91.56,34.4,8.49
2009,92,28.93,8.33,0.0,3.27,91.63,35.9,9.5
2009,93,28.8,8.0,0.0,3.3,91.65,35.16,8.81
2009,94,28.74,7.9,0.0,3.34,91.69,34.4,8.55
2009,95,28.02,8.22,0.0,2.69,91.72,39.37,8.62
2009,96,28.99,9.95,0.0,2.29,91.6,42.21,12.13
2009,97,29.61,9.84,0.0,3.49,91.5,38.4,11.96
2009,98,28.56,9.14,0.0,2.68,91.52,39.54,10.58
2009,99,28.31,9.86,0.01,2.97,91.53,42.07,12.07
2009,100,27.26,9.51,0.69,3.49,91.57,45.52,10.9
2009,101,27.67,9.09,0.5,2.82,91.51,42.81,10.59
2009,102,28.32,9.37,0.0,2.59,91.44,40.18,11.46
2009,103,29.28,8.95,0.0,2.81,91.34,36.7,10.45
2009,104,28.73,9.99,0.0,2.43,91.34,40.84,12.14
2009,105,29.96,10.2,0.0,1.55,91.38,37.6,12.87
2009,106,30.31,11.22,0.0,1.25,91.27,40.03,14.2
2009,107,29.87,12.07,0.12,1.63,91.27,43.47,15.4
2009,108,31.08,11.89,0.03,2.11,91.47,41.35,15.14
2009,109,30.69,12.46,6.31,1.97,91.61,44.17,15.92
2009,110,26.31,15.49,5.65,1.98,91.66,66.97,19.46
2009,111,25.98,15.3,1.4,1.91,91.54,67.86,19.23
2009,112,26.12,15.44,15.89,1.95,91.6,68.78,19.36
2009,113,27.92,14.14,3.87,1.8,91.63,59.42,17.85
2009,114,27.99,13.85,3.06,1.05,91.6,57.05,17.56
2009,115,27.78,14.18,1.95,0.78,91.64,58.8,17.96
2009,116,27.82,13.23,0.03,1.23,91.68,55.11,16.87
2009,117,28.21,12.77,0.0,1.91,91.67,53.61,16.15
2009,118,28.4,12.13,0.0,2.27,91.67,50.08,15.42
2009,119,28.35,10.68,0.0,1.5,91.69,44.98,13.42
2009,120,27.79,11.41,0.27,1.36,91.65,47.87,14.45
2009,121,28.18,13.78,0.3,1.83,91.66,57.03,17.38
2009,122,30.62,11.45,0.02,1.28,91.65,41.01,14.61
2009,123,31.21,12.33,0.12,1.33,91.64,42.23,15.75
2009,124,29.77,12.54,0.69,2.4,91.57,45.8,16.06
2009,125,28.79,12.76,0.15,2.14,91.66,50.53,16.27
2009,126,29.05,12.03,0.08,2.73,91.64,46.25,15.41
2009,127,29.44,12.03,1.35,1.56,91.51,44.55,15.41
2009,128,27.25,14.71,12.95,1.78,91.51,60.64,18.57
2009,129,24.39,15.17,1.36,1.57,91.56,73.45,19.1
2009,130,27.8,13.54,0.05,2.31,91.39,57.18,17.14
2009,131,28.56,12.02,0.0,3.02,91.35,50.81,15.12
2009,132,29.59,11.61,0.0,2.02,91.32,44.75,14.71
2009,133,29.74,10.88,0.0,2.89,91.26,42.49,13.46
2009,134,29.08,12.35,0.0,3.73,91.21,49.71,15.61
2009,135,28.21,14.05,3.7,2.6,91.35,56.01,17.75
2009,136,27.2,14.66,0.21,1.31,91.47,62.39,18.43
2009,137,26.87,14.97,12.18,1.44,91.48,63.23,18.85
2009,138,26.37,16.08,2.94,2.78,91.48,70.66,19.98
2009,139,25.84,15.52,6.62,2.71,91.47,70.06,19.42
2009,140,25.55,15.45,0.68,2.3,91.39,71.18,19.34
2009,141,24.01,16.24,40.36,2.19,91.38,80.0,20.18
2009,142,25.03,15.89,0.86,2.63,91.33,74.98,19.82
2009,143,25.68,16.57,1.57,3.63,91.18,75.38,20.45
2009,144,25.65,16.34,0.16,3.46,91.11,74.26,20.21
2009,145,24.13,15.47,0.01,4.04,91.14,76.06,19.35
2009,146,24.55,14.96,0.37,3.27,91.17,72.38,18.81
2009,147,25.23,14.22,2.77,2.43,91.33,68.06,17.95
2009,148,25.68,15.45,6.38,1.71,91.36,71.14,19.32
2009,149,24.76,16.3,0.32,3.04,91.46,77.56,20.25
2009,150,26.28,14.8,0.45,2.35,91.35,67.44,18.61
2009,151,23.72,16.89,60.55,2.2,91.44,84.4,20.81
2009,152,23.97,15.8,0.32,2.48,91.52,79.48,19.75
2009,153,25.04,15.18,0.0,3.19,91.57,72.69,19.12
2009,154,25.61,15.1,0.0,4.06,91.61,70.59,19.03
2009,155,24.99,15.98,3.7,4.39,91.49,75.7,19.94
2009,156,24.67,16.31,1.26,5.59,91.38,78.46,20.23
2009,157,22.77,14.15,1.35,5.74,91.36,75.5,17.93
2009,158,23.23,13.35,0.5,5.86,91.38,71.45,17.05
2009,159,23.33,13.89,0.19,5.15,91.47,73.12,17.71
2009,160,24.25,14.45,0.0,3.65,91.54,72.05,18.29
2009,161,24.15,16.93,62.39,3.04,91.51,83.12,20.86
2009,162,23.1,16.41,2.75,2.97,91.57,85.43,20.38
2009,163,23.65,14.8,1.52,3.18,91.64,76.41,18.74
2009,164,23.68,15.57,4.25,2.5,91.69,79.54,19.54
2009,165,22.27,16.0,1.39,2.47,91.65,87.36,19.98
2009,166,22.75,15.51,10.85,3.39,91.58,82.95,19.49
2009,167,23.49,15.81,0.15,3.08,91.43,81.17,19.74
2009,168,23.3,15.91,0.74,3.56,91.38,82.22,19.84
2009,169,23.45,16.42,0.13,2.17,91.32,83.77,20.34
2009,170,23.17,15.92,0.03,2.07,91.35,82.64,19.86
2009,171,22.79,16.31,0.59,2.74,91.4,86.18,20.25
2009,172,22.88,15.27,0.01,3.74,91.53,81.12,19.23
2009,173,22.85,15.65,0.27,3.93,91.5,83.07,19.6
2009,174,23.97,15.03,0.0,4.23,91.42,75.92,18.94
2009,175,23.29,14.62,0.03,4.91,91.43,76.37,18.52
2009,176,22.13,13.95,0.11,4.74,91.44,77.92,17.78
2009,177,21.96,13.63,1.94,4.91,91.37,76.86,17.39
2009,178,22.4,13.36,0.73,4.94,91.34,74.08,17.06
2009,179,23.15,13.97,0.06,4.57,91.29,74.19,17.75
2009,180,23.67,15.36,0.14,4.09,91.31,78.25,19.25
2009,181,23.39,14.49,0.46,4.77,91.42,75.63,18.37
2009,182,22.79,15.32,1.23,4.51,91.48,81.49,19.27
2009,183,22.4,15.44,0.88,4.68,91.4,83.98,19.38
2009,184,22.84,14.86,0.66,5.93,91.3,79.02,18.76
2009,185,23.05,15.39,0.64,4.87,91.22,80.82,19.29
2009,186,22.06,14.53,1.72,4.91,91.23,80.84,18.38
2009,187,22.97,14.48,0.13,6.28,91.24,76.95,18.32
2009,188,22.23,14.55,0.09,5.21,91.36,80.26,18.43
2009,189,22.73,14.57,0.47,5.6,91.38,78.59,18.45
2009,190,22.34,13.56,1.51,6.6,91.47,75.35,17.28
2009,191,22.55,12.45,0.59,5.67,91.5,70.18,15.89
2009,192,23.59,13.31,0.05,5.91,91.58,70.78,16.98
2009,193,23.27,14.5,0.09,5.75,91.48,75.9,18.38
2009,194,23.14,15.07,0.06,6.3,91.39,78.89,18.99
2009,195,22.94,14.61,0.42,7.46,91.39,77.46,18.49
2009,196,23.2,14.51,2.35,7.31,91.33,76.11,18.36
2009,197,22.81,15.41,1.48,6.8,91.34,81.53,19.34
2009,198,23.18,15.12,0.85,6.01,91.31,79.1,19.01
2009,199,23.29,14.61,0.69,5.93,91.5,76.48,18.49
2009,200,22.69,14.51,0.38,5.22,91.62,78.47,18.42
2009,201,23.1,14.59,0.02,5.69,91.51,77.3,18.49
2009,202,23.27,14.51,0.0,6.4,91.52,75.89,18.4
2009,203,23.73,14.13,0.06,6.19,91.44,72.87,17.96
2009,204,22.91,13.89,0.02,5.48,91.56,74.45,17.71
2009,205,23.85,13.74,0.0,4.9,91.65,71.08,17.53
2009,206,24.0,14.73,0.02,3.87,91.65,74.65,18.64
2009,207,24.57,14.53,0.0,4.65,91.57,71.62,18.41
2009,208,23.51,14.66,0.22,5.01,91.55,75.85,18.57
2009,209,23.72,14.89,0.12,5.08,91.56,76.32,18.82
2009,210,23.68,14.85,6.32,4.92,91.65,76.48,18.79
2009,211,23.39,13.76,1.43,4.48,91.73,72.68,17.55
2009,212,23.62,15.4,9.25,4.23,91.63,79.12,19.34
2009,213,23.74,15.22,2.87,4.47,91.57,77.67,19.16
2009,214,24.67,14.91,0.02,4.73,91.53,73.12,18.83
2009,215,24.59,15.06,0.0,4.55,91.52,73.59,19.0
2009,216,24.54,14.81,1.05,5.08,91.5,72.95,18.73
2009,217,24.42,14.53,0.36,5.03,91.49,72.45,18.41
2009,218,24.45,14.93,9.49,4.63,91.45,73.67,18.83
2009,219,23.54,14.88,3.01,4.59,91.49,76.78,18.79
2009,220,23.54,15.26,5.11,4.2,91.41,78.49,19.18
2009,221,24.43,15.35,0.64,4.21,91.35,75.45,19.27
2009,222,24.42,15.41,0.7,4.54,91.33,75.55,19.33
2009,223,24.17,15.24,0.22,4.05,91.45,75.81,19.16
2009,224,25.11,15.05,0.01,3.8,91.45,71.8,18.96
2009,225,24.65,15.4,0.49,3.42,91.45,74.73,19.33
2009,226,24.19,15.09,1.47,2.79,91.49,74.9,18.98
2009,227,22.78,14.37,1.07,3.61,91.54,77.2,18.22
2009,228,23.33,14.61,22.75,2.91,91.42,76.58,18.44
2009,229,22.96,16.29,37.74,3.33,91.44,85.61,20.24
2009,230,23.44,16.47,5.62,2.28,91.43,84.14,20.42
2009,231,23.43,15.72,2.66,3.0,91.55,81.01,19.68
2009,232,23.18,15.02,0.69,2.14,91.63,79.17,18.96
2009,233,22.79,15.61,16.2,2.21,91.56,83.33,19.57
2009,234,22.24,14.99,4.68,3.44,91.51,82.75,18.93
2009,235,22.91,15.71,0.59,2.71,91.43,83.05,19.64
2009,236,22.76,15.77,2.13,4.71,91.49,84.05,19.73
2009,237,22.12,15.07,2.42,4.61,91.51,83.42,18.99
2009,238,22.38,14.64,2.34,4.41,91.6,80.68,18.56
2009,239,22.37,14.67,0.81,4.17,91.54,80.86,18.58
2009,240,22.95,14.95,2.99,3.98,91.55,80.1,18.88
2009,241,22.94,14.99,0.12,3.68,91.57,80.09,18.93
2009,242,23.69,15.38,1.14,3.33,91.59,78.77,19.34
2009,243,22.86,15.95,4.5,3.33,91.58,84.63,19.92
2009,244,22.85,15.33,4.64,4.06,91.53,81.89,19.27
2009,245,22.51,14.3,2.54,4.19,91.42,78.67,18.16
2009,246,22.59,15.34,1.49,4.03,91.41,82.92,19.27
2009,247,22.86,15.74,1.93,4.97,91.47,83.43,19.7
2009,248,22.85,15.95,0.58,5.54,91.4,84.27,19.9
2009,249,23.1,15.08,4.35,4.82,91.35,79.72,18.97
2009,250,23.15,15.31,3.57,4.08,91.37,80.67,19.23
2009,251,23.12,14.83,0.49,3.79,91.46,78.67,18.74
2009,252,23.47,14.5,0.02,3.29,91.53,76.18,18.39
2009,253,23.67,14.24,0.02,2.78,91.51,74.39,18.09
2009,254,24.52,15.05,2.29,1.57,91.55,74.29,18.94
2009,255,23.49,16.24,4.83,2.01,91.7,82.99,20.23
2009,256,24.77,17.58,40.17,1.22,91.68,83.18,21.49
2009,257,23.61,17.37,4.29,2.56,91.67,87.62,21.32
2009,258,23.44,16.33,12.79,2.29,91.54,83.55,20.29
2009,259,23.51,16.14,6.48,1.25,91.5,82.63,20.09
2009,260,23.64,16.5,9.26,1.65,91.56,83.59,20.47
2009,261,23.16,16.1,28.67,2.0,91.67,83.82,20.08
2009,262,22.66,15.53,21.08,1.42,91.68,83.2,19.51
2009,263,23.15,16.03,6.95,1.13,91.66,83.79,20.01
2009,264,23.37,16.53,2.25,1.1,91.57,84.88,20.49
2009,265,23.03,16.88,2.94,0.98,91.59,87.88,20.83
2009,266,22.75,16.78,47.83,1.72,91.67,88.91,20.75
2009,267,22.71,16.27,32.79,2.52,91.75,87.12,20.28
2009,268,22.63,15.83,1.15,1.97,91.7,85.12,19.82
2009,269,22.82,15.83,2.21,2.26,91.6,84.3,19.8
2009,270,23.19,16.22,1.92,2.52,91.44,84.33,20.17
2009,271,22.75,16.35,4.45,3.07,91.36,86.77,20.28
2009,272,21.12,15.69,11.04,3.76,91.36,91.21,19.61
2009,273,21.61,15.35,4.27,4.24,91.3,87.17,19.24
2009,274,21.19,16.26,8.6,4.21,91.08,93.54,20.11
2009,275,22.48,16.75,3.48,4.74,91.1,89.55,20.59
2009,276,21.83,15.49,0.32,4.97,91.31,86.77,19.41
2009,277,21.62,14.91,0.06,4.53,91.53,85.27,18.84
2009,278,21.39,14.95,0.01,3.98,91.63,86.61,18.9
2009,279,22.22,15.31,0.0,3.47,91.61,84.68,19.27
2009,280,22.59,15.35,0.0,2.59,91.6,83.3,19.31
2009,281,22.44,15.3,0.0,2.22,91.59,83.47,19.26
2009,282,22.33,15.17,0.0,1.44,91.6,83.46,19.12
2009,283,23.08,15.86,7.81,0.97,91.7,83.4,19.85
2009,284,23.1,16.11,1.97,1.58,91.78,84.53,20.12
2009,285,22.6,15.91,3.83,2.54,91.81,85.79,19.92
2009,286,22.55,15.6,1.74,1.76,91.87,84.64,19.62
2009,287,22.23,14.61,0.1,1.51,91.88,81.21,18.57
2009,288,21.59,14.0,0.0,1.67,91.85,80.61,17.87
2009,289,21.92,12.83,0.0,1.24,91.84,72.83,16.46
2009,290,22.34,13.52,0.0,1.26,91.77,75.19,17.32
2009,291,22.39,13.38,0.0,1.34,91.71,73.71,17.13
2009,292,22.46,13.51,0.0,1.46,91.83,74.34,17.31
2009,293,22.86,14.26,0.0,1.5,91.88,76.22,18.17
2009,294,22.22,13.03,0.0,1.86,91.94,73.37,16.78
2009,295,21.1,12.26,0.0,1.83,92.0,74.1,15.84
2009,296,20.37,10.92,0.0,1.56,91.92,69.5,14.05
2009,297,20.51,11.43,0.0,1.35,91.79,71.14,14.66
2009,298,20.55,11.85,0.0,1.61,91.8,73.2,15.24
2009,299,20.6,12.1,0.0,1.76,91.83,75.09,15.58
2009,300,21.62,14.08,0.21,1.88,91.81,81.33,17.94
2009,301,21.71,14.54,2.08,2.85,91.8,83.39,18.49
2009,302,21.22,14.56,0.5,3.14,91.91,85.71,18.53
2009,303,21.47,13.09,0.34,3.07,91.96,77.33,16.86
2009,304,21.61,13.85,0.42,2.49,91.85,80.49,17.74
2009,305,21.71,13.24,0.03,2.54,91.8,77.02,16.99
2009,306,21.07,13.05,0.03,3.22,91.81,78.82,16.78
2009,307,21.87,14.78,3.14,3.41,91.78,84.02,18.75
2009,308,22.07,15.19,6.94,3.1,91.78,85.19,19.16
2009,309,21.89,15.03,1.47,2.86,91.72,85.02,19.01
2009,310,21.83,14.78,2.19,2.67,91.63,84.07,18.72
2009,311,21.57,15.62,4.23,3.18,91.46,88.95,19.58
2009,312,21.07,15.38,8.65,3.65,91.49,90.17,19.32
2009,313,20.66,15.15,8.43,3.94,91.43,90.76,19.04
2009,314,20.35,15.19,3.37,2.79,91.25,92.39,19.06
2009,315,21.27,14.87,0.86,1.88,91.26,86.53,18.73
2009,316,22.15,15.49,0.09,0.81,91.48,85.87,19.42
2009,317,22.76,15.89,0.14,2.36,91.7,85.2,19.89
2009,318,21.21,15.06,4.06,2.24,91.72,88.15,19.03
2009,319,21.41,15.09,0.82,2.43,91.53,87.16,19.02
2009,320,22.13,15.07,0.8,1.44,91.57,84.08,19.02
2009,321,21.39,15.79,1.63,1.35,91.7,91.01,19.78
2009,322,21.53,15.1,5.49,1.3,91.83,86.99,19.1
2009,323,22.13,15.5,2.27,1.28,91.91,86.11,19.5
2009,324,22.28,15.61,1.08,2.22,92.01,86.36,19.66
2009,325,21.84,14.68,0.15,1.71,92.05,83.81,18.68
2009,326,22.36,14.69,0.68,1.99,91.98,81.78,18.68
2009,327,21.5,14.37,6.15,1.87,92.03,84.09,18.34
2009,328,22.05,14.64,0.78,1.25,92.02,82.89,18.63
2009,329,22.32,14.54,0.0,2.08,91.99,81.12,18.52
2009,330,21.69,13.63,0.0,2.08,91.91,79.2,17.48
2009,331,20.94,12.34,0.0,2.28,91.95,76.31,15.89
2009,332,20.48,11.82,0.0,2.5,92.05,75.51,15.24
2009,333,20.46,11.44,0.0,2.13,92.04,74.04,14.73
2009,334,20.99,12.08,0.0,1.98,92.01,74.36,15.61
2009,335,21.11,13.02,0.07,2.29,91.99,78.5,16.75
2009,336,21.49,13.64,1.1,2.79,91.97,80.22,17.5
2009,337,21.69,14.56,0.63,2.76,91.96,83.79,18.54
2009,338,21.77,14.61,0.09,2.56,91.95,83.32,18.6
2009,339,19.97,11.71,0.0,2.24,91.9,76.25,15.05
2009,340,18.22,10.36,0.0,2.03,91.83,76.17,13.2
2009,341,18.73,9.82,0.0,1.74,91.85,71.9,12.3
2009,342,19.7,10.37,0.0,2.48,91.87,71.98,13.12
2009,343,19.89,10.68,0.0,3.0,91.91,72.52,13.65
2009,344,19.22,10.55,0.0,2.94,91.86,74.16,13.46
2009,345,19.47,10.5,0.0,2.79,91.77,72.82,13.4
2009,346,20.55,12.78,0.17,3.2,91.76,79.54,16.4
2009,347,22.24,13.9,0.06,3.15,91.82,78.35,17.78
2009,348,22.38,13.79,0.01,3.09,91.95,77.77,17.67
2009,349,21.82,14.58,3.43,2.99,91.97,83.53,18.53
2009,350,20.7,12.38,1.38,3.17,92.04,77.52,15.94
2009,351,21.67,13.76,0.62,2.43,92.01,80.3,17.66
2009,352,22.24,13.18,0.0,2.02,92.05,74.97,16.97
2009,353,22.39,12.63,0.0,3.17,92.13,71.95,16.28
2009,354,21.55,12.2,0.33,3.51,92.17,73.59,15.75
2009,355,21.35,13.17,0.32,3.54,92.1,78.53,16.98
2009,356,21.95,13.08,0.01,3.38,92.03,75.28,16.86
2009,357,21.62,12.49,0.0,3.5,92.01,73.35,16.13
2009,358,21.25,12.23,0.0,3.27,91.99,73.67,15.78
2009,359,21.07,10.99,0.0,2.82,91.96,68.71,14.03
2009,360,22.15,12.3,0.04,2.21,91.84,71.33,15.86
2009,361,19.69,13.3,10.0,1.93,91.87,85.61,17.1
2009,362,19.99,12.37,1.67,1.81,91.85,79.59,15.94
2009,363,20.44,12.71,0.25,1.6,91.83,79.5,16.39
2009,364,21.86,12.23,0.05,1.75,91.82,72.13,15.75
2009,365,22.68,12.98,0.11,1.18,91.81,72.8,16.68
2010,1,21.99,12.46,0.0,2.89,91.87,72.15,16.06
2010,2,20.94,10.36,0.0,2.69,92.02,66.76,13.08
2010,3,19.99,10.43,0.0,1.95,92.02,70.37,13.22
2010,4,20.34,9.24,0.0,1.83,91.87,64.02,11.25
2010,5,20.77,9.4,0.0,1.95,91.71,63.2,11.61
2010,6,20.63,10.2,0.0,2.57,91.74,67.19,12.89
2010,7,20.84,10.72,0.0,2.52,91.82,68.88,13.69
2010,8,21.88,11.48,0.03,2.3,91.85,69.21,14.64
2010,9,22.93,13.87,0.15,2.71,91.81,75.17,17.74
2010,10,23.11,13.82,2.88,2.81,91.89,74.92,17.67
2010,11,23.24,13.89,0.22,2.72,92.0,75.16,17.76
2010,12,24.05,14.12,0.05,1.29,92.03,72.78,18.03
2010,13,23.7,14.73,2.08,1.73,92.05,76.0,18.72
2010,14,23.72,13.46,0.15,2.63,92.13,71.18,17.25
2010,15,22.43,12.14,0.0,3.34,92.25,69.47,15.6
2010,16,20.69,10.23,0.0,3.07,92.34,66.68,13.0
2010,17,21.52,10.42,0.0,2.82,92.34,65.98,13.22
2010,18,22.21,11.76,0.0,2.24,92.23,69.34,15.17
2010,19,22.6,11.99,0.0,2.35,92.07,68.47,15.44
2010,20,22.07,10.18,0.0,2.49,92.12,61.36,12.78
2010,21,20.19,8.28,0.0,2.4,92.05,59.0,9.34
2010,22,19.44,8.0,0.0,2.33,92.02,60.35,8.99
2010,23,19.28,8.01,0.0,2.7,92.03,60.74,8.96
2010,24,19.71,8.34,0.0,2.31,91.93,61.25,9.62
2010,25,20.63,9.86,0.0,2.43,91.94,65.32,12.36
2010,26,21.46,10.36,0.0,2.54,92.02,65.09,13.16
2010,27,22.1,11.21,0.0,2.55,92.02,66.61,14.4
2010,28,22.38,11.08,0.0,3.24,92.06,64.79,14.2
2010,29,22.35,10.27,0.0,2.8,92.06,61.52,13.01
2010,30,22.19,9.34,0.0,2.3,92.05,58.4,11.46
2010,31,22.73,9.83,0.0,1.66,92.05,58.68,12.31
2010,32,22.17,9.52,0.0,2.34,92.01,58.47,11.71
2010,33,21.9,8.64,0.0,2.9,91.94,56.01,10.05
2010,34,21.8,7.81,0.0,2.81,91.94,53.02,8.4
2010,35,20.94,7.35,0.0,2.76,92.0,51.67,7.51
2010,36,21.42,7.46,0.0,2.93,92.03,53.26,7.33
2010,37,20.97,7.54,0.0,3.63,92.08,53.38,7.74
2010,38,21.48,9.4,0.0,3.32,92.07,60.69,11.64
2010,39,22.24,8.08,0.0,2.51,91.9,52.27,8.95
2010,40,23.18,8.23,0.0,1.41,91.78,51.25,9.47
2010,41,24.13,9.6,0.0,2.82,91.82,53.26,11.99
2010,42,24.81,10.5,0.0,2.7,91.96,54.66,13.3
2010,43,25.38,11.01,0.0,2.43,91.97,55.48,14.03
2010,44,25.89,10.18,0.0,2.82,91.84,51.44,12.64
2010,45,25.17,9.33,0.0,2.03,91.78,48.33,11.32
2010,46,25.49,9.32,0.0,3.2,91.74,50.65,10.9
2010,47,25.06,8.28,0.0,2.97,91.86,47.49,8.67
2010,48,25.7,9.05,0.0,2.48,91.9,50.34,10.29
2010,49,25.59,7.86,0.0,2.25,91.96,43.55,7.39
2010,50,26.04,7.05,0.0,2.69,91.99,34.73,7.23
2010,51,25.88,7.87,0.0,2.56,91.98,42.46,8.38
2010,52,26.05,9.39,0.0,2.33,91.98,48.65,11.29
2010,53,26.19,9.1,0.0,2.38,91.94,45.96,10.88
2010,54,26.55,9.56,0.0,2.21,91.84,46.72,11.71
2010,55,27.68,10.35,0.0,1.37,91.74,43.17,13.18
2010,56,27.82,10.26,0.0,2.24,91.75,42.24,13.03
2010,57,27.29,9.84,0.0,1.9,91.87,41.63,12.4
2010,58,27.63,8.56,0.0,2.25,91.83,38.31,10.07
2010,59,26.55,8.2,0.0,2.93,91.89,41.52,8.85
2010,60,25.86,6.55,0.0,2.71,91.96,35.53,5.45
2010,61,25.73,6.57,0.0,2.96,91.91,35.87,5.51
2010,62,25.89,5.53,0.0,1.65,91.8,29.2,3.72
2010,63,26.56,6.52,0.0,1.7,91.76,31.14,6.31
2010,64,27.61,7.44,0.0,1.91,91.76,32.93,8.22
2010,65,28.94,8.36,0.0,1.19,91.81,33.49,9.95
2010,66,29.56,9.02,0.0,2.18,91.85,34.67,10.99
2010,67,28.85,9.59,0.0,3.44,91.86,40.62,11.56
2010,68,27.89,8.04,0.0,3.46,91.95,37.61,8.77
2010,69,27.14,9.18,0.0,3.66,92.03,43.84,11.03
2010,70,27.03,10.05,0.0,4.11,92.12,46.81,12.6
2010,71,26.19,9.24,0.0,3.84,92.18,47.92,10.92
2010,72,27.28,8.01,0.0,2.9,92.03,40.14,8.48
2010,73,26.98,8.72,0.0,1.84,91.92,40.64,10.12
2010,74,29.25,9.25,0.0,2.22,91.82,36.77,11.44
2010,75,29.49,9.28,0.02,3.04,91.85,35.29,11.46
2010,76,27.02,8.16,0.0,3.08,92.0,36.07,9.39
2010,77,26.22,7.61,0.0,3.75,92.09,38.43,8.07
2010,78,26.26,7.48,0.0,2.96,91.99,38.4,7.93
2010,79,27.57,7.31,0.0,2.9,91.86,35.41,7.28
2010,80,27.98,6.2,0.0,2.93,91.72,27.33,5.45
2010,81,27.72,5.1,0.0,2.67,91.57,23.77,2.43
2010,82,27.74,6.06,0.0,2.82,91.45,28.62,4.71
2010,83,27.84,6.81,0.0,2.98,91.54,32.71,6.0
2010,84,27.94,6.98,0.0,3.41,91.58,33.92,6.34
2010,85,28.01,9.03,0.0,2.96,91.6,42.22,9.89
2010,86,29.15,11.66,0.02,3.07,91.67,48.45,14.47
2010,87,29.83,12.04,0.04,3.33,91.71,48.11,14.95
2010,88,30.11,10.87,0.01,2.42,91.75,42.54,13.16
2010,89,30.51,10.58,1.87,2.31,91.73,40.1,12.92
2010,90,27.17,12.95,1.48,1.16,91.77,53.28,16.58
2010,91,28.86,8.59,0.0,2.91,91.69,36.18,9.88
2010,92,30.07,7.68,0.0,1.57,91.63,28.29,8.6
2010,93,31.1,11.3,0.0,2.96,91.65,40.05,14.29
2010,94,30.53,10.47,0.0,3.64,91.75,38.69,12.99
2010,95,29.24,9.37,0.0,2.94,91.72,39.05,11.19
2010,96,28.7,11.92,0.0,3.0,91.73,48.98,15.05
2010,97,30.25,9.87,0.0,3.08,91.79,37.64,12.11
2010,98,29.59,10.97,0.03,2.92,91.91,41.44,14.03
2010,99,30.62,9.39,0.0,1.79,91.77,35.53,11.27
2010,100,30.62,9.42,0.0,0.9,91.57,33.59,11.48
2010,101,30.28,8.53,0.0,1.68,91.5,30.44,10.15
2010,102,28.78,12.77,13.29,1.47,91.56,49.79,16.01
2010,103,27.36,15.68,6.8,1.49,91.62,65.02,19.58
2010,104,26.75,15.86,19.39,0.55,91.64,66.91,19.79
2010,105,27.66,15.15,0.38,1.65,91.7,62.76,19.08
2010,106,27.75,12.91,0.0,1.77,91.72,54.77,16.5
2010,107,28.47,13.86,0.5,2.18,91.75,56.36,17.6
2010,108,26.5,15.94,0.64,1.7,91.78,68.89,19.91
2010,109,25.54,16.18,0.96,1.43,91.72,73.74,20.16
2010,110,25.95,15.21,0.47,1.94,91.57,68.14,19.15
2010,111,25.72,15.93,11.52,1.83,91.59,72.31,19.88
2010,112,27.71,14.64,0.73,0.89,91.6,60.91,18.47
2010,113,27.75,14.11,0.57,1.57,91.68,58.0,17.93
2010,114,27.52,15.32,9.38,1.05,91.67,63.5,19.15
2010,115,27.22,14.89,1.92,1.26,91.59,63.33,18.69
2010,116,27.82,12.95,0.37,3.21,91.79,55.44,16.43
2010,117,27.09,14.39,5.0,2.18,91.89,62.4,18.21
2010,118,27.41,14.38,2.76,1.36,91.78,61.47,18.14
2010,119,26.91,15.02,0.33,1.48,91.7,64.71,18.9
2010,120,25.0,15.34,18.3,1.86,91.82,71.99,19.3
2010,121,24.96,13.39,0.86,1.22,91.86,65.62,16.96
2010,122,25.47,13.73,1.83,0.92,91.71,63.38,17.49
2010,123,26.23,14.94,0.45,1.08,91.54,66.7,18.84
2010,124,26.38,15.5,3.42,1.66,91.42,68.22,19.4
2010,125,27.82,14.77,0.75,1.36,91.34,61.33,18.58
2010,126,28.39,15.36,0.89,1.84,91.32,61.54,19.2
2010,127,29.18,14.86,0.18,2.63,91.31,58.19,18.58
2010,128,28.83,14.51,1.72,2.12,91.37,58.4,18.14
2010,129,28.08,15.32,0.1,1.5,91.36,61.77,19.16
2010,130,28.63,15.97,0.0,1.54,91.37,62.64,19.79
2010,131,28.06,15.85,0.6,2.33,91.4,63.77,19.73
2010,132,28.55,15.97,0.03,1.62,91.42,63.05,19.82
2010,133,29.95,15.5,0.09,1.14,91.4,57.18,19.32
2010,134,28.41,16.58,1.91,1.51,91.4,64.38,20.47
2010,135,28.9,15.95,0.26,1.62,91.4,62.18,19.73
2010,136,27.57,16.31,14.52,1.62,91.39,66.7,20.17
2010,137,26.95,16.87,8.3,2.15,91.42,71.05,20.75
2010,138,26.28,17.04,3.99,1.48,91.31,73.94,20.9
2010,139,24.38,18.05,8.4,3.71,91.25,86.19,21.86
2010,140,24.71,16.98,5.23,5.02,91.18,80.85,20.84
2010,141,25.35,16.49,1.38,5.49,91.32,76.1,20.37
2010,142,25.93,16.45,5.06,4.14,91.39,73.99,20.38
2010,143,25.06,16.69,2.48,3.16,91.42,78.2,20.61
2010,144,26.29,16.52,0.03,3.82,91.39,73.01,20.43
2010,145,26.01,16.13,0.0,3.82,91.43,72.37,20.04
2010,146,25.11,16.73,0.0,4.24,91.5,77.8,20.68
2010,147,27.19,14.4,0.0,4.26,91.48,63.88,18.15
2010,148,27.29,14.86,5.6,3.81,91.54,65.25,18.63
2010,149,26.84,16.0,1.98,4.04,91.52,69.71,19.93
2010,150,24.84,15.64,8.89,4.29,91.59,74.64,19.59
2010,151,24.96,16.02,5.93,3.83,91.6,76.08,20.0
2010,152,26.57,15.81,2.61,3.2,91.57,69.83,19.74
2010,153,26.76,16.18,4.45,2.85,91.67,70.46,20.13
2010,154,25.68,16.03,15.31,2.96,91.76,73.09,19.98
2010,155,25.37,16.67,16.18,2.66,91.8,76.3,20.64
2010,156,24.39,15.3,1.98,3.2,91.71,75.53,19.16
2010,157,21.9,14.76,2.04,4.7,91.65,82.59,18.68
2010,158,22.9,14.76,0.22,4.27,91.61,78.63,18.69
2010,159,23.16,14.57,0.06,3.63,91.56,76.55,18.48
2010,160,24.03,16.22,6.77,2.84,91.39,80.53,20.15
2010,161,23.92,16.26,8.38,2.08,91.25,80.81,20.16
2010,162,24.63,15.55,2.86,1.08,91.15,75.37,19.42
2010,163,23.71,16.76,13.04,3.75,91.15,83.71,20.64
2010,164,24.27,16.47,0.97,4.57,91.23,80.58,20.38
2010,165,23.78,15.37,4.39,5.39,91.5,77.85,19.29
2010,166,23.56,15.05,3.34,5.18,91.53,77.76,18.99
2010,167,23.37,15.37,0.25,3.87,91.59,79.85,19.33
2010,168,24.01,15.43,0.91,4.65,91.54,77.6,19.36
2010,169,23.43,14.92,2.28,4.69,91.51,77.52,18.81
2010,170,24.61,15.58,0.45,3.98,91.46,75.74,19.52
2010,171,24.02,16.02,3.92,3.0,91.54,79.66,19.99
2010,172,24.07,15.61,4.54,2.47,91.57,77.84,19.55
2010,173,24.16,16.08,0.46,3.68,91.47,79.35,20.0
2010,174,24.49,15.18,0.35,5.06,91.42,74.3,19.1
2010,175,22.66,14.83,0.47,5.49,91.36,79.81,18.73
2010,176,23.26,14.34,0.02,5.68,91.25,75.08,18.18
2010,177,24.53,15.61,0.4,5.27,91.27,76.02,19.51
2010,178,24.92,15.78,0.16,4.36,91.32,75.22,19.69
2010,179,25.52,15.54,0.02,4.14,91.36,72.32,19.45
2010,180,25.31,15.97,0.02,4.05,91.36,74.54,19.89
2010,181,23.89,15.32,0.0,5.29,91.35,76.65,19.22
2010,182,21.87,13.95,0.3,5.2,91.35,78.56,17.77
2010,183,22.49,13.3,0.1,5.6,91.31,73.4,17.01
2010,184,22.82,14.03,0.51,5.74,91.31,75.44,17.85
2010,185,22.96,14.48,0.04,4.38,91.39,77.4,18.33
2010,186,21.83,13.86,1.02,4.65,91.52,78.58,17.67
2010,187,22.18,14.67,2.94,4.19,91.51,81.39,18.58
2010,188,22.12,14.31,4.72,3.42,91.62,80.05,18.19
2010,189,22.54,14.54,7.69,1.94,91.72,79.26,18.45
2010,190,21.55,14.61,3.08,1.57,91.66,83.61,18.51
2010,191,24.24,15.61,10.94,0.88,91.58,77.23,19.55
2010,192,24.37,16.46,3.26,1.19,91.6,79.77,20.42
2010,193,23.44,16.37,4.2,2.31,91.61,83.75,20.34
2010,194,23.39,14.77,0.8,3.08,91.61,77.03,18.67
2010,195,23.85,14.15,0.71,3.75,91.55,72.92,17.99
2010,196,23.79,15.29,0.85,3.87,91.38,77.35,19.21
2010,197,23.02,15.7,9.88,3.34,91.19,82.29,19.58
2010,198,22.47,14.83,3.45,4.3,91.3,80.66,18.72
2010,199,23.23,14.69,2.3,4.21,91.4,77.13,18.59
2010,200,23.55,15.75,2.16,4.33,91.28,80.59,19.66
2010,201,22.94,15.07,1.6,5.72,91.28,79.74,18.95
2010,202,22.71,15.26,5.35,5.08,91.38,81.76,19.18
2010,203,22.65,14.77,0.91,4.46,91.47,80.07,18.69
2010,204,23.33,14.61,0.1,4.57,91.5,76.66,18.51
2010,205,22.46,14.52,0.16,4.78,91.48,79.41,18.4
2010,206,22.21,14.9,1.04,4.86,91.31,82.21,18.79
2010,207,23.31,14.68,0.71,5.94,91.39,76.64,18.56
2010,208,23.74,15.14,2.94,5.09,91.47,77.29,19.07
2010,209,23.49,15.5,7.45,5.14,91.38,80.02,19.42
2010,210,22.17,15.42,26.75,5.33,91.35,84.98,19.36
2010,211,22.61,14.81,1.41,5.16,91.41,80.33,18.72
2010,212,22.79,14.86,0.54,4.8,91.54,79.85,18.78
2010,213,23.73,14.96,0.14,4.7,91.62,76.72,18.91
2010,214,23.38,15.21,0.82,4.23,91.56,79.01,19.15
2010,215,23.1,15.51,0.41,4.68,91.41,81.44,19.45
2010,216,22.89,15.68,0.28,4.46,91.37,82.85,19.62
2010,217,23.63,15.5,0.54,3.91,91.51,79.29,19.46
2010,218,23.94,14.93,0.05,4.31,91.58,75.97,18.85
2010,219,24.13,15.57,0.78,3.54,91.53,77.86,19.53
2010,220,23.74,15.71,0.58,3.63,91.52,79.9,19.66
2010,221,24.23,15.41,1.3,3.95,91.51,76.48,19.35
2010,222,24.23,14.65,0.17,4.08,91.48,73.71,18.52
2010,223,24.46,15.41,0.01,4.1,91.41,75.46,19.34
2010,224,23.17,16.23,3.61,3.51,91.28,83.98,20.15
2010,225,24.22,15.48,5.03,3.17,91.31,76.69,19.39
2010,226,24.41,15.83,5.14,2.39,91.33,77.51,19.72
2010,227,22.97,16.32,3.17,1.9,91.35,85.33,20.25
2010,228,23.15,16.62,10.9,2.7,91.35,86.13,20.53
2010,229,22.91,15.01,5.82,3.76,91.36,79.82,18.9
2010,230,22.46,14.71,1.32,4.15,91.39,80.32,18.61
2010,231,22.95,14.93,0.94,3.16,91.46,79.47,18.83
2010,232,22.1,16.09,25.38,2.33,91.5,88.51,20.05
2010,233,22.38,16.47,26.23,1.85,91.4,89.0,20.42
2010,234,22.24,16.16,9.97,2.26,91.38,88.27,20.11
2010,235,22.55,16.37,8.02,3.16,91.34,87.68,20.3
2010,236,22.26,16.43,13.89,3.84,91.19,89.18,20.33
2010,237,21.72,15.19,5.53,4.07,91.21,85.67,19.08
2010,238,22.4,15.7,13.55,3.28,91.34,85.26,19.62
2010,239,22.82,16.2,1.25,3.4,91.4,85.81,20.13
2010,240,23.61,16.69,0.23,3.37,91.42,84.4,20.61
2010,241,22.66,16.44,1.11,3.48,91.48,87.6,20.39
2010,242,21.54,15.74,10.83,4.31,91.43,89.43,19.67
2010,243,21.75,14.35,0.54,4.93,91.52,81.58,18.2
2010,244,22.85,14.92,0.0,3.9,91.59,80.23,18.85
2010,245,22.83,15.34,0.14,3.55,91.68,82.05,19.31
2010,246,22.43,15.39,0.46,3.86,91.53,83.86,19.35
2010,247,22.59,15.12,0.63,3.65,91.48,82.3,19.06
2010,248,22.41,15.24,0.08,3.65,91.66,83.42,19.22
2010,249,22.92,15.0,0.22,4.11,91.61,80.38,18.95
2010,250,22.08,15.23,0.68,3.99,91.47,84.7,19.17
2010,251,22.86,15.33,0.65,4.36,91.46,81.82,19.26
2010,252,22.66,15.76,5.76,3.0,91.55,84.68,19.73
2010,253,22.76,15.85,13.31,2.69,91.54,84.76,19.82
2010,254,22.37,15.11,3.87,2.69,91.57,83.17,19.05
2010,255,22.42,15.55,5.51,2.59,91.59,84.82,19.53
2010,256,22.32,14.9,8.86,2.9,91.51,82.37,18.83
2010,257,22.0,14.97,14.58,3.27,91.43,84.0,18.89
2010,258,20.98,14.9,1.01,3.3,91.43,87.84,18.78
2010,259,22.21,15.05,1.11,3.59,91.42,83.09,18.92
2010,260,21.6,14.84,2.29,3.28,91.39,84.79,18.74
2010,261,21.9,14.91,0.6,2.9,91.31,84.01,18.8
2010,262,22.88,15.5,0.04,2.06,91.3,82.32,19.39
2010,263,23.36,15.23,3.07,1.44,91.43,78.64,19.15
2010,264,23.03,16.33,4.17,0.79,91.58,85.35,20.3
2010,265,23.07,16.08,1.37,0.93,91.61,84.31,20.06
2010,266,23.21,16.01,0.64,1.12,91.55,83.41,19.98
2010,267,23.65,15.85,39.13,0.65,91.5,80.75,19.78
2010,268,23.31,16.52,22.11,0.73,91.54,85.05,20.48
2010,269,23.38,16.62,6.22,1.51,91.58,85.37,20.59
2010,270,23.18,16.47,2.48,2.71,91.59,85.61,20.44
2010,271,22.6,16.22,0.1,2.73,91.67,87.17,20.21
2010,272,22.17,15.33,1.01,2.04,91.7,85.17,19.32
2010,273,22.93,15.02,0.76,1.75,91.55,80.41,18.95
2010,274,22.5,15.76,0.38,1.73,91.44,85.42,19.71
2010,275,22.71,16.23,7.79,1.74,91.41,86.62,20.18
2010,276,22.61,16.14,6.31,1.73,91.48,86.75,20.1
2010,277,23.29,15.94,14.88,0.89,91.42,82.3,19.89
2010,278,24.31,16.44,3.01,0.67,91.28,80.11,20.34
2010,279,23.0,17.12,15.31,2.13,91.25,89.06,21.01
2010,280,23.26,15.86,0.37,2.11,91.26,82.3,19.78
2010,281,23.17,16.61,0.03,1.15,91.34,86.08,20.53
2010,282,23.09,16.27,0.02,1.86,91.39,84.87,20.22
2010,283,23.0,16.26,2.29,1.64,91.44,85.35,20.21
2010,284,22.61,16.15,5.0,2.0,91.6,86.64,20.13
2010,285,22.39,15.09,0.13,1.95,91.76,82.75,19.07
2010,286,22.19,15.79,3.09,1.44,91.71,86.92,19.78
2010,287,22.17,15.74,12.81,1.6,91.61,86.86,19.71
2010,288,22.11,15.78,5.57,2.84,91.53,87.38,19.75
2010,289,22.41,15.75,3.35,3.44,91.43,85.6,19.7
2010,290,21.63,14.79,0.44,2.98,91.44,84.73,18.7
2010,291,22.08,14.86,0.01,2.26,91.53,82.95,18.76
2010,292,22.91,15.84,12.29,1.33,91.62,83.69,19.8
2010,293,21.93,16.73,2.71,1.46,91.65,92.8,20.71
2010,294,22.54,15.97,3.55,1.49,91.51,86.12,19.93
2010,295,22.6,16.56,1.58,2.64,91.4,88.62,20.49
2010,296,21.76,15.86,1.0,2.42,91.48,89.23,19.81
2010,297,22.86,16.09,1.34,2.37,91.49,85.35,20.06
2010,298,22.27,15.81,0.43,2.14,91.57,86.85,19.79
2010,299,22.67,16.05,4.39,1.14,91.67,86.05,20.03
2010,300,22.74,16.37,2.43,1.28,91.77,87.35,20.38
2010,301,21.81,15.93,3.71,1.52,91.77,89.59,19.94
2010,302,21.5,15.19,2.78,1.92,91.72,87.46,19.17
2010,303,20.97,15.45,2.45,2.27,91.71,91.27,19.44
2010,304,20.95,15.18,3.69,2.48,91.64,89.84,19.15
2010,305,21.52,15.41,9.16,1.92,91.39,88.02,19.34
2010,306,21.79,15.48,23.1,1.39,91.5,86.89,19.43
2010,307,21.57,15.52,4.14,1.29,91.74,88.66,19.51
2010,308,21.94,15.66,7.31,1.62,91.81,87.94,19.68
2010,309,22.1,15.72,3.05,1.36,91.75,87.34,19.72
2010,310,21.23,15.26,0.83,1.18,91.59,89.0,19.22
2010,311,20.15,14.91,40.3,3.53,91.3,91.96,18.79
2010,312,21.27,15.38,4.78,3.93,91.27,89.17,19.29
2010,313,21.59,16.07,5.02,1.8,91.87,91.52,20.09
2010,314,22.19,15.86,1.5,1.58,91.95,87.79,19.9
2010,315,21.64,15.76,2.34,1.67,91.84,89.71,19.78
2010,316,21.82,15.49,0.75,1.36,91.61,87.13,19.43
2010,317,22.56,16.01,0.19,1.36,91.58,86.45,19.99
2010,318,22.25,15.7,0.0,1.83,91.82,86.51,19.72
2010,319,22.11,15.3,2.31,1.44,91.87,85.45,19.3
2010,320,21.44,15.59,9.32,2.32,91.67,89.61,19.58
2010,321,21.5,15.88,6.82,4.03,91.54,90.65,19.85
2010,322,20.96,14.81,9.22,2.97,91.81,88.24,18.79
2010,323,20.75,14.44,0.51,2.11,91.81,87.48,18.39
2010,324,21.16,13.74,0.41,1.39,91.62,81.77,17.54
2010,325,21.57,15.18,1.57,1.33,91.56,87.05,19.13
2010,326,21.06,14.38,2.32,1.45,91.56,84.89,18.24
2010,327,21.67,14.86,0.41,1.66,91.59,84.95,18.79
2010,328,21.13,14.51,0.29,2.27,91.71,85.81,18.45
2010,329,20.94,14.75,0.18,2.01,91.76,88.03,18.72
2010,330,20.38,14.1,1.66,2.45,91.69,87.04,17.98
2010,331,18.44,13.14,0.62,2.14,91.64,90.7,16.87
2010,332,20.66,14.45,0.25,2.77,91.71,87.57,18.38
2010,333,20.75,13.98,0.01,2.7,91.73,84.82,17.86
2010,334,20.75,14.13,0.35,3.29,91.64,85.51,18.0
2010,335,20.77,14.87,2.85,2.83,91.63,89.23,18.81
2010,336,20.9,14.96,2.79,2.79,91.64,89.13,18.92
2010,337,20.42,14.03,0.25,2.59,91.68,86.64,17.91
2010,338,19.8,13.13,0.0,2.6,91.56,84.58,16.85
2010,339,17.37,11.52,0.62,3.08,91.38,85.4,14.77
2010,340,17.88,11.45,0.97,3.04,91.38,81.19,14.51
2010,341,19.26,13.84,0.89,2.7,91.33,90.37,17.57
2010,342,20.94,14.85,0.18,1.98,91.38,87.77,18.76
2010,343,21.1,15.46,0.03,1.16,91.45,90.43,19.4
2010,344,20.98,14.27,2.2,2.04,91.54,84.99,18.15
2010,345,20.75,13.59,0.35,1.57,91.54,82.92,17.36
2010,346,20.58,13.31,1.1,1.59,91.45,81.43,17.03
2010,347,20.21,13.21,0.45,0.92,91.56,83.09,16.88
2010,348,20.93,14.59,0.24,1.71,91.64,87.2,18.52
2010,349,21.36,15.07,1.27,2.14,91.62,87.53,19.02
2010,350,21.08,14.53,0.73,2.85,91.67,86.05,18.46
2010,351,20.93,14.05,0.11,2.13,91.72,84.38,17.93
2010,352,20.18,13.23,0.0,2.38,91.74,83.17,16.98
2010,353,17.73,11.06,0.6,2.85,91.86,81.71,14.14
2010,354,19.6,13.41,1.2,3.29,91.94,87.18,17.22
2010,355,19.08,11.31,0.04,2.54,91.84,77.61,14.54
2010,356,16.82,8.61,0.0,1.46,91.67,70.89,10.37
2010,357,16.79,9.12,0.0,1.43,91.69,74.44,11.1
2010,358,17.31,9.88,0.0,1.7,91.75,77.49,12.45
2010,359,18.03,10.24,0.0,1.82,91.72,76.94,12.96
2010,360,18.49,10.7,0.0,1.89,91.76,77.47,13.7
2010,361,18.19,10.58,0.0,2.16,91.78,77.5,13.53
2010,362,18.68,11.18,0.0,2.53,91.77,78.84,14.28
2010,363,19.19,12.55,0.0,2.55,91.77,84.14,16.17
2010,364,19.91,12.33,0.0,2.37,91.75,80.28,15.89
2010,365,19.84,11.82,0.0,1.63,91.66,77.66,15.23
2011,1,21.34,12.8,0.0,1.53,91.57,76.75,16.44
2011,2,21.72,13.68,0.03,1.95,91.57,79.39,17.48
2011,3,20.83,13.17,0.0,2.72,91.7,80.42,16.92
2011,4,20.13,13.05,0.25,2.76,91.76,83.0,16.78
2011,5,20.08,13.03,0.03,2.69,91.69,82.76,16.75
2011,6,19.99,11.61,0.0,2.78,91.71,75.47,14.95
2011,7,20.27,11.16,0.0,2.48,91.68,73.03,14.3
2011,8,21.42,12.53,0.0,2.22,91.57,75.47,16.11
2011,9,21.15,11.56,0.0,1.88,91.6,71.58,14.83
2011,10,19.84,8.92,0.0,2.0,91.69,61.38,10.9
2011,11,18.81,6.46,0.0,2.04,91.72,49.78,6.01
2011,12,17.91,8.24,0.0,1.87,91.69,66.54,9.39
2011,13,19.08,8.56,0.0,1.68,91.75,65.26,9.76
2011,14,19.08,9.03,0.0,2.67,91.81,67.38,10.92
2011,15,19.17,9.79,0.0,2.7,91.9,70.8,12.26
2011,16,20.92,10.95,0.0,1.92,91.81,71.1,13.94
2011,17,21.45,11.36,0.0,1.3,91.75,70.18,14.58
2011,18,20.47,9.2,0.0,1.86,91.78,62.98,11.19
2011,19,19.5,8.19,0.0,1.82,91.75,61.68,9.43
2011,20,20.17,8.48,0.0,2.04,91.81,61.78,9.81
2011,21,20.05,9.23,0.0,2.55,91.83,65.08,11.22
2011,22,20.2,9.98,0.0,2.85,91.93,68.71,12.48
2011,23,19.91,10.07,0.0,3.02,92.02,69.59,12.69
2011,24,19.4,9.72,0.0,3.1,91.99,69.68,12.18
2011,25,19.4,9.64,0.0,3.2,91.95,69.29,12.06
2011,26,19.89,10.37,0.0,3.41,92.01,71.19,13.23
2011,27,20.11,9.51,0.0,3.13,92.08,66.59,11.77
2011,28,20.36,9.14,0.0,2.54,91.97,64.23,10.99
2011,29,20.64,9.63,0.0,3.12,91.92,64.99,11.89
2011,30,20.76,9.2,0.0,3.21,91.91,62.5,11.01
2011,31,20.24,8.8,0.0,3.19,91.92,61.97,10.51
2011,32,19.76,6.85,0.0,3.16,91.94,51.92,6.39
2011,33,19.17,8.34,0.0,3.18,91.96,62.19,9.84
2011,34,20.45,9.48,0.0,3.32,91.92,64.61,11.79
2011,35,20.35,8.34,0.0,2.4,91.93,59.46,9.44
2011,36,19.96,7.89,0.0,2.76,91.8,58.24,8.72
2011,37,19.58,7.11,0.0,2.6,91.79,56.34,6.56
2011,38,20.05,7.09,0.0,2.0,91.74,55.5,6.27
2011,39,20.17,6.57,0.0,2.03,91.55,51.52,5.27
2011,40,20.07,5.84,0.0,2.15,91.51,47.5,3.26
2011,41,19.99,5.43,0.0,2.64,91.71,42.16,2.94
2011,42,20.03,6.25,0.0,3.3,91.83,47.13,5.05
2011,43,20.04,6.69,0.0,2.65,91.81,50.92,5.92
2011,44,20.11,6.12,0.0,2.97,91.7,46.68,4.53
2011,45,20.08,6.99,0.0,2.67,91.64,53.83,6.35
2011,46,22.01,9.32,0.0,1.58,91.66,59.31,11.4
2011,47,23.25,10.71,0.0,1.25,91.72,59.88,13.67
2011,48,24.24,11.38,0.0,1.06,91.72,58.86,14.61
2011,49,24.7,11.68,0.0,1.77,91.67,60.17,14.93
2011,50,25.51,12.28,0.0,2.24,91.78,58.94,15.75
2011,51,25.68,12.79,0.0,2.89,91.84,60.27,16.41
2011,52,24.73,12.92,7.35,2.19,91.82,64.3,16.57
2011,53,23.84,13.76,0.64,2.44,91.81,71.65,17.56
2011,54,22.8,13.1,0.14,2.28,91.91,71.37,16.76
2011,55,23.51,12.44,0.33,2.48,91.83,66.37,15.97
2011,56,24.24,12.85,3.52,1.6,91.63,66.92,16.4
2011,57,23.68,12.82,1.71,1.98,91.67,67.91,16.43
2011,58,24.02,10.4,0.01,3.05,91.8,57.45,12.99
2011,59,23.14,8.69,0.0,3.28,91.86,52.38,10.23
2011,60,22.66,9.24,0.0,3.59,91.83,55.78,11.34
2011,61,23.28,8.52,0.0,3.23,91.76,51.77,9.86
2011,62,23.18,6.44,0.0,2.98,91.78,40.87,5.54
2011,63,23.85,5.2,0.0,2.17,91.7,34.01,1.8
2011,64,24.45,6.03,0.0,2.34,91.72,39.23,3.3
2011,65,24.44,4.78,0.0,3.02,91.87,29.89,1.08
2011,66,25.15,5.06,0.0,3.3,91.94,27.76,2.48
2011,67,26.33,6.44,0.0,2.7,91.82,31.74,6.08
2011,68,26.63,7.3,0.0,1.76,91.77,34.08,7.93
2011,69,26.21,6.24,0.0,2.43,91.76,31.52,5.44
2011,70,26.1,6.25,0.0,2.4,91.65,32.15,5.44
2011,71,25.81,8.06,0.0,3.1,91.65,42.4,8.83
2011,72,25.92,8.6,0.0,2.95,91.74,46.64,8.81
2011,73,25.76,9.03,0.0,3.02,91.69,48.68,10.14
2011,74,26.17,9.19,0.0,3.2,91.61,47.42,10.78
2011,75,25.91,8.62,0.0,3.59,91.53,44.74,9.77
2011,76,24.87,6.9,0.0,3.76,91.65,38.76,6.39
2011,77,23.61,6.44,0.0,3.44,91.62,42.48,4.77
2011,78,24.73,5.49,0.0,2.67,91.52,36.39,1.5
2011,79,26.33,7.58,0.0,1.86,91.51,41.89,6.74
2011,80,27.83,9.12,0.0,2.32,91.59,41.28,10.64
2011,81,28.71,10.4,0.0,2.17,91.63,45.02,12.46
2011,82,28.21,8.15,0.0,2.68,91.63,36.28,9.13
2011,83,27.7,7.08,0.0,2.01,91.66,32.32,7.25
2011,84,28.1,9.37,0.34,2.33,91.67,41.66,11.36
2011,85,28.26,9.17,0.04,2.53,91.72,40.85,10.74
2011,86,28.23,10.59,0.01,2.52,91.72,45.39,13.12
2011,87,28.52,9.28,0.0,2.77,91.67,38.87,10.98
2011,88,28.5,8.69,0.0,2.47,91.71,38.06,9.86
2011,89,28.65,7.35,0.0,2.41,91.75,31.75,7.68
2011,90,28.94,8.01,0.0,1.91,91.73,32.74,9.19
2011,91,29.72,9.05,0.0,2.05,91.69,33.57,10.95
2011,92,30.6,9.57,0.0,1.72,91.64,34.2,11.9
2011,93,29.47,9.23,0.0,1.23,91.68,35.04,11.19
2011,94,29.14,8.31,0.0,1.74,91.65,34.38,9.5
2011,95,29.27,9.8,0.08,1.68,91.68,36.57,12.35
2011,96,29.33,9.62,0.01,2.79,91.72,36.53,11.96
2011,97,27.75,8.58,0.0,3.34,91.79,38.25,10.13
2011,98,28.13,9.17,0.0,2.54,91.8,40.31,11.07
2011,99,28.89,10.24,0.0,2.93,91.8,43.33,12.55
2011,100,28.4,11.0,0.01,3.62,91.85,47.81,13.6
2011,101,28.71,10.59,0.0,3.24,91.75,45.36,13.05
2011,102,28.73,9.42,0.0,2.84,91.7,41.1,11.19
2011,103,29.27,9.78,0.0,3.01,91.69,39.57,11.83
2011,104,28.85,10.51,0.09,2.27,91.58,42.33,12.95
2011,105,27.75,11.93,4.5,1.48,91.54,47.55,15.32
2011,106,27.9,11.63,0.02,2.3,91.64,48.54,14.7
2011,107,28.14,9.84,0.0,2.7,91.7,44.89,11.7
2011,108,27.94,9.72,0.19,1.66,91.57,41.04,11.97
2011,109,27.33,12.58,5.5,1.74,91.47,53.85,15.99
2011,110,25.3,14.27,0.42,1.18,91.56,66.68,18.08
2011,111,25.06,12.79,18.43,1.83,91.58,62.49,16.23
2011,112,24.06,15.08,36.89,2.35,91.57,76.42,18.98
2011,113,22.91,14.94,29.76,1.48,91.55,79.64,18.85
2011,114,24.57,14.93,1.2,1.47,91.5,73.4,18.82
2011,115,25.02,15.03,2.58,1.48,91.47,72.2,18.92
2011,116,25.58,14.43,0.74,2.0,91.49,68.38,18.2
2011,117,26.26,13.23,0.06,2.26,91.43,62.93,16.56
2011,118,26.28,15.13,4.37,1.48,91.32,68.98,18.92
2011,119,27.33,14.97,0.14,2.17,91.31,64.3,18.76
2011,120,26.75,15.2,0.03,1.72,91.42,66.54,19.06
2011,121,26.47,14.63,0.02,1.32,91.52,65.46,18.44
2011,122,26.36,15.55,4.29,1.35,91.59,68.8,19.46
2011,123,26.49,15.42,1.4,2.56,91.5,67.89,19.34
2011,124,27.8,15.17,0.05,2.69,91.49,63.1,19.01
2011,125,27.96,13.82,0.37,3.02,91.5,58.37,17.36
2011,126,28.0,13.32,0.1,2.7,91.49,56.8,16.8
2011,127,26.98,13.24,0.0,3.53,91.49,59.22,16.8
2011,128,27.16,13.16,0.0,2.45,91.39,58.01,16.73
2011,129,27.19,13.43,0.0,2.5,91.44,59.23,17.05
2011,130,27.51,14.08,0.08,2.03,91.52,60.12,17.82
2011,131,26.74,14.65,0.09,1.88,91.56,63.64,18.52
2011,132,27.15,14.54,0.14,2.55,91.55,62.04,18.37
2011,133,27.43,14.94,7.4,1.75,91.52,63.15,18.76
2011,134,27.04,15.19,2.86,1.98,91.51,65.45,19.03
2011,135,27.93,14.25,0.08,1.31,91.58,59.46,17.98
2011,136,28.55,14.27,0.19,1.42,91.64,57.48,18.0
2011,137,27.9,14.37,1.65,1.34,91.68,59.1,18.21
2011,138,26.36,16.15,9.69,1.48,91.67,70.73,20.1
2011,139,26.68,15.94,5.58,1.68,91.6,68.89,19.88
2011,140,26.2,15.66,0.49,2.1,91.49,70.66,19.57
2011,141,24.09,15.83,0.02,2.95,91.49,77.94,19.78
2011,142,26.52,14.3,0.0,2.17,91.5,63.84,18.08
2011,143,27.38,14.86,0.01,2.07,91.55,62.86,18.73
2011,144,26.96,15.78,5.3,1.74,91.52,67.05,19.69
2011,145,25.07,16.49,7.26,2.19,91.48,76.58,20.43
2011,146,26.67,14.6,2.06,1.41,91.49,65.04,18.42
2011,147,26.11,14.95,0.03,2.09,91.5,66.36,18.84
2011,148,24.9,15.86,0.0,2.56,91.5,74.99,19.8
2011,149,26.45,15.6,0.0,2.75,91.47,68.95,19.51
2011,150,25.4,17.12,11.01,2.86,91.47,78.32,21.03
2011,151,25.74,15.37,1.94,3.07,91.37,70.49,19.28
2011,152,23.43,15.65,2.98,2.86,91.33,79.86,19.58
2011,153,23.89,15.88,1.96,3.0,91.39,79.5,19.81
2011,154,24.03,15.56,0.2,3.87,91.45,77.66,19.49
2011,155,24.65,15.53,1.97,4.48,91.4,75.14,19.46
2011,156,24.77,15.22,0.06,4.88,91.41,73.68,19.13
2011,157,24.68,14.55,3.9,4.96,91.43,71.31,18.32
2011,158,24.31,12.94,0.32,4.71,91.47,66.4,16.46
2011,159,24.62,13.22,1.8,4.74,91.45,66.86,16.83
2011,160,24.91,14.66,0.0,4.73,91.38,71.23,18.52
2011,161,24.66,15.22,0.0,5.1,91.41,73.75,19.12
2011,162,25.76,14.46,0.0,5.06,91.45,67.02,18.3
2011,163,24.76,15.49,0.0,4.63,91.53,74.26,19.43
2011,164,24.98,14.72,0.2,5.57,91.6,70.82,18.6
2011,165,24.66,13.78,0.05,5.62,91.59,68.14,17.52
2011,166,22.24,13.19,0.13,5.53,91.66,73.4,16.91
2011,167,23.3,13.15,0.54,6.16,91.61,69.97,16.84
2011,168,22.25,13.08,0.27,6.35,91.53,73.35,16.74
2011,169,23.73,13.45,0.01,6.75,91.42,69.8,17.1
2011,170,25.21,14.48,0.0,5.82,91.3,69.25,18.3
2011,171,25.12,14.24,0.0,5.23,91.38,68.5,18.06
2011,172,25.33,13.81,0.0,5.44,91.46,66.26,17.56
2011,173,25.36,14.41,0.11,5.59,91.35,68.06,18.27
2011,174,25.71,14.83,0.72,4.85,91.29,68.97,18.7
2011,175,25.43,15.53,0.86,4.52,91.29,72.05,19.44
2011,176,24.57,15.72,5.58,4.87,91.28,76.1,19.63
2011,177,23.82,15.45,1.91,5.25,91.33,77.9,19.34
2011,178,23.46,14.39,0.2,5.89,91.36,74.68,18.22
2011,179,23.01,13.28,0.03,5.69,91.36,71.34,16.96
2011,180,24.25,14.23,0.0,4.76,91.43,71.74,18.05
2011,181,25.07,14.43,1.74,3.28,91.47,69.9,18.22
2011,182,24.42,15.26,8.62,3.47,91.48,75.11,19.17
2011,183,23.26,14.53,5.12,4.06,91.47,76.52,18.41
2011,184,23.07,13.53,1.11,4.13,91.51,72.51,17.28
2011,185,23.2,13.33,3.59,4.97,91.56,71.8,17.05
2011,186,22.52,12.53,3.38,4.96,91.46,70.12,16.03
2011,187,22.62,12.69,3.68,4.77,91.32,70.56,16.22
2011,188,22.16,13.65,0.05,4.16,91.4,75.93,17.39
2011,189,22.6,14.01,0.0,3.53,91.66,76.31,17.87
2011,190,23.76,14.2,1.01,4.03,91.67,73.2,18.07
2011,191,24.7,13.11,1.34,4.04,91.57,65.46,16.78
2011,192,24.98,14.72,0.15,4.34,91.42,70.65,18.58
2011,193,24.02,14.75,0.07,5.59,91.2,73.86,18.6
2011,194,22.39,13.21,0.23,6.19,91.21,72.83,16.87
2011,195,22.42,12.67,1.54,6.67,91.28,70.61,16.25
2011,196,23.48,13.74,0.34,6.71,91.28,72.14,17.49
2011,197,23.38,14.97,4.87,5.98,91.23,77.4,18.85
2011,198,23.37,14.92,0.45,6.31,91.24,76.92,18.8
2011,199,22.35,14.62,0.22,5.65,91.37,79.66,18.51
2011,200,23.91,14.63,0.03,5.41,91.42,74.16,18.52
2011,201,23.48,14.51,0.16,6.02,91.43,75.03,18.39
2011,202,23.79,13.81,0.2,5.93,91.46,70.92,17.6
2011,203,24.28,14.05,0.01,5.37,91.45,70.16,17.89
2011,204,23.47,14.22,0.0,5.42,91.39,73.75,18.06
2011,205,24.41,14.71,6.23,5.22,91.27,72.71,18.56
2011,206,23.86,14.81,4.85,3.62,91.33,75.56,18.67
2011,207,23.27,14.92,12.55,3.22,91.46,78.07,18.82
2011,208,23.11,14.57,1.21,4.63,91.46,77.38,18.43
2011,209,22.75,14.88,3.03,4.28,91.41,79.9,18.77
2011,210,22.74,13.99,0.56,4.68,91.36,75.59,17.81
2011,211,22.5,14.86,0.43,4.51,91.35,80.6,18.74
2011,212,24.12,13.98,0.76,5.36,91.33,71.42,17.75
2011,213,23.76,13.65,0.08,5.32,91.4,70.95,17.4
2011,214,23.76,14.44,2.09,5.62,91.42,73.98,18.32
2011,215,23.22,15.19,3.02,5.02,91.4,79.42,19.07
2011,216,23.87,14.76,0.84,5.26,91.46,74.89,18.66
2011,217,23.46,14.83,8.29,5.07,91.44,76.99,18.73
2011,218,23.12,14.72,5.23,5.76,91.37,77.68,18.58
2011,219,23.43,15.05,6.01,5.08,91.34,78.08,18.94
2011,220,22.72,15.01,5.9,4.47,91.35,80.56,18.92
2011,221,23.76,14.59,1.09,4.34,91.41,74.94,18.45
2011,222,23.85,14.48,0.77,3.98,91.48,74.22,18.32
2011,223,23.45,15.09,5.41,4.11,91.47,78.33,19.02
2011,224,23.21,14.94,0.77,4.23,91.31,78.23,18.83
2011,225,24.16,14.7,0.03,3.85,91.24,73.74,18.55
2011,226,24.11,14.45,0.0,2.9,91.47,72.82,18.3
2011,227,24.19,15.44,16.79,2.21,91.56,76.95,19.36
2011,228,22.89,15.75,21.63,2.96,91.52,83.37,19.7
2011,229,22.69,15.22,5.45,2.19,91.43,81.9,19.13
2011,230,23.19,15.26,3.13,3.38,91.42,80.05,19.18
2011,231,22.51,15.36,0.66,3.2,91.41,83.08,19.29
2011,232,22.7,16.03,10.12,2.93,91.4,85.43,19.96
2011,233,22.49,14.89,3.32,3.09,91.42,81.2,18.8
2011,234,23.01,14.43,0.66,2.54,91.47,76.95,18.29
2011,235,23.52,15.3,10.61,2.91,91.45,78.76,19.19
2011,236,21.65,15.07,2.0,3.24,91.42,85.35,18.98
2011,237,22.44,15.07,2.05,3.42,91.49,82.25,18.98
2011,238,22.89,14.56,3.07,3.91,91.54,78.43,18.46
2011,239,22.81,14.48,1.0,4.56,91.52,78.13,18.38
2011,240,23.04,14.63,0.03,4.82,91.47,77.79,18.52
2011,241,22.92,14.84,0.51,5.38,91.44,79.21,18.75
2011,242,22.31,13.46,0.84,5.32,91.46,75.31,17.19
2011,243,22.81,15.03,1.68,5.25,91.33,80.42,18.91
2011,244,22.71,15.68,2.66,4.74,91.3,83.61,19.59
2011,245,23.04,15.48,1.31,4.7,91.37,81.5,19.41
2011,246,22.87,14.86,1.01,4.8,91.39,79.57,18.76
2011,247,23.47,15.35,6.28,4.16,91.45,79.36,19.29
2011,248,23.41,15.12,0.76,3.69,91.54,78.86,19.06
2011,249,23.45,15.2,0.99,4.19,91.57,78.71,19.16
2011,250,22.62,14.7,0.06,4.17,91.56,79.69,18.62
2011,251,23.01,15.26,2.33,3.55,91.52,80.83,19.21
2011,252,23.85,15.4,1.17,3.64,91.55,78.35,19.35
2011,253,23.95,15.3,1.2,3.24,91.55,77.38,19.25
2011,254,24.18,15.07,1.54,3.67,91.42,75.75,18.97
2011,255,24.06,15.08,4.87,3.47,91.34,76.22,18.98
2011,256,22.92,14.17,6.74,3.54,91.36,76.57,17.97
2011,257,23.18,14.39,1.3,3.49,91.38,76.69,18.24
2011,258,22.85,15.52,3.46,3.71,91.34,82.51,19.4
2011,259,23.45,14.88,1.28,3.52,91.49,77.54,18.8
2011,260,24.15,14.51,0.08,3.57,91.56,73.65,18.38
2011,261,22.69,14.87,0.07,3.18,91.66,80.12,18.81
2011,262,23.39,15.57,20.06,3.02,91.7,80.69,19.53
2011,263,22.37,15.33,7.56,2.87,91.78,84.12,19.32
2011,264,22.92,14.3,0.08,3.85,91.67,77.32,18.21
2011,265,22.45,13.56,0.0,3.31,91.62,75.58,17.33
2011,266,23.01,12.44,0.0,3.09,91.57,69.41,15.91
2011,267,23.01,12.06,0.0,2.92,91.64,67.88,15.43
2011,268,23.86,12.7,0.0,1.95,91.7,67.94,16.27
2011,269,24.44,13.75,0.0,1.97,91.76,69.63,17.57
2011,270,24.56,13.75,0.02,2.05,91.65,69.09,17.55
2011,271,24.2,14.39,0.66,2.35,91.62,72.24,18.28
2011,272,24.32,13.8,0.16,2.19,91.6,69.71,17.58
2011,273,23.83,15.4,29.02,1.44,91.64,77.87,19.34
2011,274,23.58,15.52,12.4,0.89,91.64,79.72,19.49
2011,275,23.4,15.79,3.95,0.73,91.64,81.65,19.77
2011,276,23.92,16.11,4.02,1.21,91.61,80.77,20.08
2011,277,22.83,13.38,1.17,2.32,91.61,73.63,17.02
2011,278,22.75,12.43,0.08,1.3,91.7,70.05,15.99
2011,279,23.34,13.92,0.5,1.46,91.81,73.96,17.77
2011,280,24.2,14.9,0.64,1.27,91.76,74.62,18.85
2011,281,24.39,15.67,5.4,1.08,91.72,76.78,19.64
2011,282,23.99,16.31,8.13,1.23,91.72,81.46,20.29
2011,283,23.5,16.44,7.35,0.7,91.73,83.75,20.42
2011,284,22.81,15.79,3.35,0.51,91.75,84.05,19.78
2011,285,22.45,15.34,5.59,0.99,91.73,83.55,19.33
2011,286,23.46,15.34,0.99,1.14,91.62,79.6,19.31
2011,287,23.48,15.42,0.27,1.49,91.62,80.11,19.39
2011,288,23.34,15.3,1.14,1.35,91.6,80.15,19.26
2011,289,23.26,14.5,6.52,1.19,91.55,76.58,18.36
2011,290,23.37,15.22,1.33,1.49,91.58,79.51,19.17
2011,291,23.86,14.6,0.01,1.72,91.63,75.02,18.51
2011,292,23.79,14.55,0.01,1.36,91.56,74.99,18.45
2011,293,24.21,14.41,0.01,0.93,91.55,72.81,18.27
2011,294,24.19,14.92,0.01,1.53,91.56,74.31,18.85
2011,295,24.06,14.36,0.0,2.52,91.56,73.21,18.2
2011,296,23.13,14.76,4.78,2.69,91.67,78.34,18.68
2011,297,22.85,15.12,3.99,2.85,91.67,81.52,19.08
2011,298,21.29,14.35,7.15,3.25,91.66,84.07,18.25
2011,299,21.26,14.29,4.6,3.97,91.67,84.12,18.2
2011,300,21.88,14.49,2.34,3.08,91.73,82.56,18.43
2011,301,21.39,13.77,0.92,3.25,91.73,81.08,17.61
2011,302,20.61,13.78,10.86,2.87,91.74,84.48,17.63
2011,303,21.32,14.25,2.81,3.07,91.61,83.83,18.14
2011,304,21.76,14.45,0.66,3.23,91.63,82.85,18.35
2011,305,22.08,15.09,6.23,3.24,91.66,84.31,19.02
2011,306,22.03,15.03,2.91,2.3,91.6,84.38,18.98
2011,307,21.68,15.41,4.22,2.22,91.59,87.81,19.36
2011,308,22.31,15.6,4.19,2.61,91.67,85.88,19.59
2011,309,22.89,16.11,3.85,2.72,91.78,85.73,20.12
2011,310,23.0,15.12,0.42,2.42,91.82,80.74,19.12
2011,311,20.89,10.01,0.01,2.0,91.89,65.15,12.4
2011,312,19.65,9.28,0.0,2.14,91.91,64.88,11.53
2011,313,19.74,10.06,0.0,2.13,91.84,68.97,12.76
2011,314,19.53,9.83,0.0,2.02,91.85,69.54,12.27
2011,315,19.76,10.77,0.0,1.88,91.85,72.88,13.7
2011,316,20.5,9.91,0.0,1.53,91.83,65.88,12.25
2011,317,20.43,10.62,0.0,2.0,91.82,70.27,13.49
2011,318,20.98,10.55,0.0,2.48,91.89,68.95,13.19
2011,319,20.86,10.85,0.0,2.68,91.93,70.21,13.84
2011,320,20.88,10.43,0.0,2.73,91.86,67.83,13.21
2011,321,21.56,12.91,0.15,3.38,91.81,76.19,16.56
2011,322,22.03,12.91,0.04,3.17,91.85,74.57,16.63
2011,323,20.39,9.12,0.0,2.99,91.86,63.07,10.84
2011,324,19.62,9.5,0.0,3.42,91.94,67.8,11.71
2011,325,19.94,9.98,0.0,3.22,91.96,69.17,12.51
2011,326,20.26,9.53,0.0,3.07,91.87,65.63,11.76
2011,327,20.58,11.23,0.0,3.28,91.8,72.4,14.36
2011,328,22.13,13.06,0.17,3.91,91.79,74.79,16.78
2011,329,22.09,14.67,5.37,4.32,91.71,82.4,18.6
2011,330,21.26,15.04,6.93,4.74,91.54,87.55,18.98
2011,331,22.23,15.64,2.97,4.31,91.57,86.2,19.61
2011,332,22.23,15.35,1.73,3.41,91.6,84.92,19.32
2011,333,22.89,14.36,0.29,2.7,91.66,78.16,18.26
2011,334,22.68,13.46,0.0,2.6,91.73,74.75,17.23
2011,335,22.79,13.09,0.0,1.9,91.73,73.14,16.75
2011,336,22.01,12.77,0.0,1.27,91.68,73.9,16.38
2011,337,22.08,11.68,0.0,1.75,91.53,69.3,14.99
2011,338,21.58,11.24,0.0,1.7,91.64,69.52,14.31
2011,339,21.35,10.44,0.0,1.99,91.76,66.89,13.1
2011,340,20.88,10.28,0.0,2.33,91.78,67.14,12.93
2011,341,20.49,10.78,0.0,2.98,91.81,70.7,13.73
2011,342,20.18,11.35,0.04,3.09,91.8,74.42,14.56
2011,343,22.25,13.97,0.9,3.34,91.75,79.1,17.85
2011,344,22.91,13.75,0.13,2.84,91.81,75.33,17.59
2011,345,22.79,12.86,0.0,2.74,91.81,72.08,16.5
2011,346,21.89,11.63,0.0,2.57,91.85,69.6,14.91
2011,347,21.0,10.42,0.0,3.01,91.89,67.21,13.12
2011,348,21.01,10.13,0.0,2.95,91.92,66.03,12.77
2011,349,21.1,11.93,0.07,3.34,91.91,73.43,15.38
2011,350,20.34,10.16,0.01,3.54,91.96,67.62,12.82
2011,351,18.92,9.02,0.0,3.01,91.97,67.33,10.99
2011,352,18.78,8.65,0.0,3.21,91.96,65.99,10.23
2011,353,19.45,8.77,0.0,2.48,91.96,64.14,10.37
2011,354,19.42,8.97,0.0,3.18,91.87,65.32,10.75
2011,355,19.47,9.14,0.0,3.07,91.85,66.2,11.01
2011,356,18.84,8.61,0.0,3.02,91.85,64.91,10.21
2011,357,19.59,9.33,0.0,2.84,91.78,65.65,11.51
2011,358,19.44,7.53,0.0,2.87,91.73,58.3,7.48
2011,359,18.93,7.37,0.0,2.66,91.77,58.72,7.6
2011,360,18.85,6.38,0.0,1.95,91.8,51.17,5.64
2011,361,19.96,5.99,0.0,1.89,91.75,43.63,4.88
2011,362,20.74,5.45,0.0,1.95,91.76,36.82,3.59
2011,363,21.28,10.78,1.14,3.46,91.72,62.49,13.19
2011,364,20.46,13.24,7.42,5.43,91.71,81.97,16.98
2011,365,20.58,11.71,0.56,4.46,91.87,74.07,15.03
2012,1,21.98,12.65,0.0,2.9,91.84,74.4,16.24
2012,2,22.79,12.59,0.0,2.37,91.85,71.17,16.11
2012,3,23.43,12.7,0.0,2.0,91.84,69.94,16.23
2012,4,23.92,12.68,0.0,2.24,91.87,68.12,16.15
2012,5,23.49,11.99,0.0,2.57,92.01,66.5,15.23
2012,6,22.18,9.12,0.0,2.21,92.1,59.03,10.49
2012,7,21.81,8.69,0.0,2.34,92.13,58.61,9.72
2012,8,21.42,6.99,0.0,2.39,92.1,51.23,5.5
2012,9,22.43,9.75,0.0,1.73,91.96,61.08,11.68
2012,10,23.16,11.31,0.0,2.26,91.89,63.59,14.5
2012,11,22.91,11.65,0.23,2.32,91.94,65.58,14.93
2012,12,22.58,11.52,0.07,2.34,91.95,66.29,14.75
2012,13,22.04,10.88,0.0,3.1,92.02,64.12,13.92
2012,14,20.85,7.83,0.0,3.2,91.94,52.47,8.5
2012,15,19.38,6.08,0.0,2.61,91.81,49.85,4.06
2012,16,19.11,5.53,0.0,1.83,91.71,48.69,2.5
2012,17,19.87,6.15,0.0,1.75,91.63,50.27,4.19
2012,18,20.75,6.5,0.0,1.18,91.6,48.33,5.66
2012,19,21.27,7.57,0.0,1.62,91.59,49.29,8.39
2012,20,21.38,8.03,0.0,1.93,91.69,53.22,9.17
2012,21,21.35,8.01,0.0,2.52,91.75,53.94,8.89
2012,22,21.49,7.92,0.0,2.5,91.86,54.71,8.49
2012,23,21.29,8.51,0.0,2.95,91.9,57.03,9.84
2012,24,19.39,7.91,0.0,2.84,91.9,58.04,8.84
2012,25,19.89,7.17,0.0,3.03,91.83,54.5,7.04
2012,26,20.51,7.33,0.0,2.38,91.82,53.85,7.06
2012,27,21.42,8.35,0.0,2.19,91.8,56.36,9.39
2012,28,22.67,10.17,0.0,2.63,91.75,60.29,12.75
2012,29,22.51,9.66,0.0,2.28,91.73,57.17,12.01
2012,30,22.33,9.59,0.0,3.39,91.84,57.68,11.87
2012,31,21.34,8.02,0.0,3.5,91.96,53.38,9.01
2012,32,21.13,7.95,0.0,4.04,91.98,54.76,8.72
2012,33,20.86,8.63,0.0,3.66,91.99,58.1,10.35
2012,34,21.48,7.95,0.0,3.92,92.02,54.02,8.64
2012,35,22.17,7.49,0.0,2.54,91.91,50.94,7.69
2012,36,23.37,8.3,0.0,2.29,91.88,51.45,9.32
2012,37,22.65,7.32,0.0,2.1,91.85,48.5,6.8
2012,38,23.71,7.25,0.0,1.99,91.8,43.13,7.04
2012,39,24.44,7.94,0.0,1.89,91.7,45.34,8.53
2012,40,23.62,10.23,0.0,2.22,91.72,55.95,12.79
2012,41,25.08,11.31,0.0,2.83,91.73,57.92,14.43
2012,42,25.57,10.39,0.0,2.26,91.76,51.82,12.98
2012,43,24.86,10.41,0.0,2.99,91.82,54.16,13.1
2012,44,24.85,9.78,0.0,2.94,91.86,52.9,11.92
2012,45,24.68,8.52,0.0,2.44,91.89,47.96,9.2
2012,46,24.76,8.72,0.0,1.67,91.78,49.04,9.79
2012,47,25.49,9.36,0.0,2.41,91.64,47.64,11.37
2012,48,25.41,10.45,0.0,3.57,91.7,53.11,12.96
2012,49,24.83,7.75,0.0,2.81,91.81,45.36,7.43
2012,50,23.92,5.73,0.0,3.02,91.87,38.77,2.08
2012,51,24.25,5.63,0.0,2.67,91.78,32.79,3.85
2012,52,24.97,7.32,0.0,2.77,91.66,41.57,7.37
2012,53,24.47,7.07,0.0,2.96,91.66,41.74,6.8
2012,54,24.27,5.21,0.0,3.47,91.67,33.3,1.54
2012,55,24.67,4.72,0.0,3.26,91.64,26.13,1.59
2012,56,24.38,4.22,0.0,3.42,91.54,25.1,-0.26
2012,57,24.48,4.59,0.0,3.54,91.53,24.67,1.13
2012,58,25.1,4.4,0.0,3.43,91.57,25.33,0.12
2012,59,25.62,4.09,0.0,1.59,91.48,23.37,-0.99
2012,60,26.09,5.91,0.0,2.5,91.44,29.71,4.54
2012,61,27.11,8.52,0.0,1.85,91.51,41.29,8.45
2012,62,27.14,8.86,0.0,1.75,91.48,40.92,9.21
2012,63,26.12,3.65,0.0,1.59,91.47,18.55,-2.17
2012,64,26.81,5.29,0.0,2.06,91.53,25.95,2.44
2012,65,27.37,9.68,0.0,2.91,91.6,45.86,11.24
2012,66,27.38,9.88,0.0,2.0,91.59,45.21,11.69
2012,67,27.42,7.78,0.0,1.69,91.43,33.88,8.74
2012,68,26.88,6.95,0.0,2.62,91.42,32.1,6.52
2012,69,25.82,5.94,0.0,2.91,91.45,31.23,3.99
2012,70,26.72,8.8,0.0,2.34,91.41,40.56,10.05
2012,71,26.47,8.55,0.0,4.23,91.55,43.47,8.99
2012,72,25.92,11.06,0.0,3.51,91.79,52.26,14.03
2012,73,28.05,11.16,0.0,3.37,91.83,48.43,14.06
2012,74,27.43,11.66,0.0,3.37,91.86,52.0,14.9
2012,75,27.84,11.91,0.0,3.11,91.88,50.84,15.22
2012,76,28.41,10.01,0.0,2.29,91.84,43.67,12.24
2012,77,28.35,9.36,0.0,2.42,91.8,41.23,11.08
2012,78,28.23,8.2,0.0,2.43,91.81,36.75,9.27
2012,79,28.64,7.99,0.0,1.57,91.78,33.8,8.96
2012,80,29.04,7.44,0.0,2.24,91.72,29.16,8.15
2012,81,28.86,7.85,0.0,2.49,91.67,32.76,8.57
2012,82,28.64,8.75,0.0,2.79,91.71,36.41,10.2
2012,83,28.19,8.91,0.0,3.09,91.78,40.34,10.31
2012,84,27.73,7.25,0.0,3.44,91.82,34.95,6.7
2012,85,26.88,5.56,0.0,3.11,91.78,29.33,3.2
2012,86,25.83,6.82,0.0,3.48,91.84,38.45,5.68
2012,87,25.55,6.96,0.0,2.98,91.89,41.96,5.18
2012,88,27.24,8.28,0.0,2.82,91.99,43.74,7.59
2012,89,28.08,8.22,0.0,2.71,91.93,40.74,7.41
2012,90,28.72,9.64,2.04,2.6,91.76,42.57,11.18
2012,91,28.57,10.0,1.11,2.09,91.78,40.84,12.45
2012,92,28.32,10.24,0.13,3.09,91.78,45.06,12.46
2012,93,27.94,9.09,0.0,3.36,91.9,41.47,10.41
2012,94,27.66,8.6,0.0,2.66,91.97,41.63,9.32
2012,95,28.31,7.39,0.0,2.49,91.89,34.59,7.37
2012,96,29.32,7.83,0.0,2.28,91.69,31.69,8.82
2012,97,29.89,8.98,0.1,2.56,91.62,34.22,10.85
2012,98,29.99,10.03,0.08,2.33,91.58,37.26,12.58
2012,99,29.84,11.09,0.07,2.34,91.58,40.84,14.09
2012,100,30.05,10.83,0.29,2.88,91.64,41.81,13.47
2012,101,30.46,10.75,0.01,2.72,91.65,40.49,13.33
2012,102,30.49,9.66,0.0,3.35,91.6,36.05,11.76
2012,103,29.78,10.14,0.87,2.06,91.57,39.35,12.45
2012,104,29.73,11.05,0.64,2.24,91.56,40.66,14.05
2012,105,29.05,10.96,0.0,3.87,91.65,44.78,13.61
2012,106,28.55,9.79,0.0,3.18,91.68,43.49,11.52
2012,107,29.11,9.91,0.23,2.94,91.6,43.35,11.53
2012,108,29.35,10.65,0.74,1.6,91.48,42.12,13.33
2012,109,29.57,11.58,2.77,1.48,91.45,42.62,14.74
2012,110,27.68,12.9,0.19,1.64,91.55,52.74,16.5
2012,111,29.22,11.67,1.14,1.15,91.6,44.67,14.96
2012,112,29.2,11.43,0.37,2.44,91.56,43.65,14.65
2012,113,29.81,12.05,0.11,1.5,91.37,43.5,15.44
2012,114,30.36,11.51,1.02,0.75,91.33,41.08,14.62
2012,115,29.86,12.21,0.83,1.62,91.45,45.02,15.55
2012,116,25.8,14.99,9.81,2.44,91.54,68.31,18.85
2012,117,24.28,15.16,3.73,1.51,91.58,75.5,19.08
2012,118,25.2,15.73,2.75,1.48,91.51,73.87,19.64
2012,119,24.18,16.59,3.28,2.05,91.48,80.89,20.53
2012,120,25.68,15.17,1.9,1.7,91.45,69.84,19.08
2012,121,25.86,15.88,4.21,1.14,91.39,71.45,19.78
2012,122,27.2,15.44,3.39,2.25,91.45,66.11,19.28
2012,123,26.69,15.04,0.24,2.69,91.54,65.77,18.9
2012,124,27.69,14.54,0.03,3.18,91.47,61.8,18.32
2012,125,27.63,14.24,0.12,3.53,91.39,60.96,17.96
2012,126,27.47,12.65,0.0,3.05,91.46,55.86,16.07
2012,127,27.59,11.69,0.0,2.92,91.57,51.59,14.87
2012,128,28.5,12.04,0.12,2.41,91.48,49.55,15.39
2012,129,27.96,14.44,8.76,1.47,91.5,57.57,18.22
2012,130,26.45,14.99,1.07,1.41,91.63,65.64,18.88
2012,131,25.73,15.32,1.97,2.04,91.72,69.95,19.28
2012,132,26.2,14.54,0.18,2.29,91.57,65.28,18.41
2012,133,24.39,16.06,16.04,2.67,91.48,77.54,20.01
2012,134,26.31,13.92,0.36,2.17,91.47,63.18,17.69
2012,135,27.65,14.67,0.91,0.94,91.48,59.99,18.51
2012,136,26.08,16.36,16.26,2.22,91.6,72.7,20.32
2012,137,26.54,15.53,2.82,2.01,91.51,68.41,19.42
2012,138,27.04,14.87,0.0,2.75,91.42,63.51,18.72
2012,139,27.94,14.18,0.81,3.0,91.42,59.42,17.87
2012,140,28.77,14.69,0.36,2.55,91.44,57.71,18.49
2012,141,25.86,15.22,1.92,2.36,91.46,67.93,19.13
2012,142,26.77,15.28,0.26,3.0,91.4,65.73,19.16
2012,143,25.41,14.6,0.05,2.9,91.53,67.64,18.44
2012,144,26.59,14.45,0.0,3.01,91.49,63.53,18.28
2012,145,26.94,14.89,0.0,4.09,91.41,64.57,18.73
2012,146,28.27,13.32,0.0,4.35,91.31,55.68,16.79
2012,147,26.64,13.98,0.31,4.3,91.4,61.03,17.74
2012,148,26.87,14.23,0.64,3.18,91.37,60.99,18.04
2012,149,27.95,14.48,0.0,3.78,91.33,60.14,18.25
2012,150,25.64,15.51,0.0,3.84,91.46,70.49,19.43
2012,151,26.96,14.64,0.0,4.08,91.36,63.22,18.45
2012,152,27.32,14.6,0.0,4.11,91.23,61.51,18.42
2012,153,27.06,13.67,0.0,4.03,91.31,58.96,17.38
2012,154,28.22,13.18,0.0,3.71,91.31,53.75,16.78
2012,155,28.28,14.21,0.42,4.75,91.29,58.11,17.96
2012,156,27.58,14.19,0.03,4.52,91.37,60.6,17.89
2012,157,26.17,13.61,0.03,5.4,91.36,60.9,17.35
2012,158,25.61,13.11,0.2,5.39,91.28,60.71,16.74
2012,159,25.17,12.29,4.26,5.02,91.33,59.39,15.64
2012,160,25.3,12.47,1.35,5.16,91.46,60.59,15.93
2012,161,26.03,13.57,0.01,5.42,91.48,62.57,17.32
2012,162,26.46,12.82,0.0,5.38,91.42,58.99,16.33
2012,163,26.88,12.97,0.0,5.03,91.33,57.84,16.49
2012,164,26.37,13.71,1.54,4.96,91.3,61.55,17.43
2012,165,26.07,12.69,1.93,3.89,91.35,58.73,16.21
2012,166,24.68,13.54,1.6,3.77,91.46,65.57,17.29
2012,167,25.58,13.48,0.11,4.13,91.43,63.12,17.12
2012,168,25.28,13.95,0.59,4.98,91.41,66.08,17.71
2012,169,23.45,14.27,0.63,5.49,91.43,73.47,18.1
2012,170,23.65,14.54,0.59,6.77,91.5,73.97,18.41
2012,171,24.08,12.62,0.06,7.28,91.52,64.58,16.1
2012,172,25.11,13.81,0.2,6.14,91.44,67.09,17.53
2012,173,24.68,13.56,0.5,5.17,91.5,66.48,17.21
2012,174,25.48,12.75,0.0,5.16,91.5,61.7,16.15
2012,175,26.16,13.55,0.0,4.24,91.43,62.16,17.24
2012,176,26.36,14.18,0.02,4.26,91.41,63.93,17.97
2012,177,26.28,13.76,3.02,4.39,91.56,62.57,17.5
2012,178,25.42,14.39,1.03,4.09,91.63,67.49,18.26
2012,179,23.64,13.51,0.59,3.91,91.66,69.61,17.26
2012,180,22.68,13.73,5.85,4.08,91.6,74.09,17.51
2012,181,24.28,14.31,1.88,4.51,91.45,71.83,18.15
2012,182,24.8,14.21,0.73,5.9,91.31,69.0,18.04
2012,183,22.56,13.53,0.03,5.53,91.21,73.2,17.25
2012,184,23.19,14.0,0.23,5.6,91.12,73.21,17.76
2012,185,24.01,13.87,0.21,6.06,91.11,69.68,17.61
2012,186,24.24,13.61,0.0,5.55,91.09,67.81,17.31
2012,187,25.2,13.3,0.0,4.66,91.25,64.42,16.96
2012,188,26.32,13.76,0.0,4.49,91.26,62.54,17.48
2012,189,26.35,14.26,0.24,4.73,91.2,63.99,18.04
2012,190,25.81,14.39,0.4,4.49,91.2,65.92,18.17
2012,191,25.49,14.9,1.44,3.38,91.19,69.32,18.71
2012,192,23.66,14.52,2.4,4.07,91.32,73.43,18.35
2012,193,24.14,13.17,0.18,4.04,91.42,66.48,16.82
2012,194,24.99,14.29,0.22,3.98,91.45,68.2,18.15
2012,195,25.67,14.53,5.01,3.87,91.39,67.73,18.36
2012,196,23.54,15.29,7.92,3.46,91.37,78.16,19.21
2012,197,23.44,14.96,15.21,3.22,91.44,77.81,18.84
2012,198,24.39,14.6,2.47,2.14,91.52,72.77,18.46
2012,199,24.21,14.09,11.39,2.82,91.61,70.96,17.89
2012,200,23.1,13.87,0.39,4.14,91.63,74.28,17.71
2012,201,24.46,13.43,0.03,5.22,91.55,67.48,17.16
2012,202,23.94,14.58,0.13,5.6,91.44,73.82,18.45
2012,203,24.55,14.87,0.97,5.85,91.42,73.08,18.75
2012,204,24.17,14.99,0.65,5.92,91.39,74.14,18.9
2012,205,25.19,14.72,0.01,5.28,91.32,69.88,18.59
2012,206,25.18,14.4,0.0,5.03,91.32,68.32,18.22
2012,207,24.78,14.29,0.31,5.08,91.42,69.36,18.14
2012,208,24.43,14.44,0.26,5.02,91.43,71.33,18.29
2012,209,24.59,14.11,3.09,4.62,91.34,70.16,17.84
2012,210,24.75,13.96,0.16,5.02,91.4,68.83,17.73
2012,211,24.51,13.47,0.0,4.77,91.56,67.82,17.17
2012,212,24.2,13.46,0.0,4.95,91.63,68.23,17.18
2012,213,24.82,13.75,0.0,5.52,91.58,67.72,17.53
2012,214,24.54,13.55,0.0,5.18,91.63,67.45,17.32
2012,215,24.72,13.21,0.2,5.94,91.63,65.81,16.9
2012,216,23.65,13.94,1.1,5.4,91.54,71.52,17.76
2012,217,23.65,14.11,0.56,5.62,91.45,72.71,17.93
2012,218,23.71,13.25,2.35,5.23,91.49,69.43,16.95
2012,219,23.04,13.18,3.94,5.75,91.54,71.36,16.84
2012,220,23.75,14.17,0.73,4.54,91.53,73.01,18.01
2012,221,23.33,14.9,1.69,4.4,91.59,77.81,18.83
2012,222,23.45,14.52,1.34,4.99,91.54,75.59,18.4
2012,223,23.52,14.29,0.18,5.32,91.45,74.12,18.15
2012,224,23.75,14.92,0.22,5.07,91.5,76.03,18.83
2012,225,22.8,14.29,0.24,3.88,91.58,76.71,18.16
2012,226,23.53,13.42,4.07,4.04,91.56,70.68,17.17
2012,227,23.01,13.18,2.39,3.15,91.58,71.64,16.82
2012,228,24.78,13.63,1.63,3.43,91.57,68.08,17.36
2012,229,25.04,14.22,0.32,2.91,91.5,68.85,18.01
2012,230,24.88,14.39,0.19,3.83,91.43,69.62,18.22
2012,231,24.02,14.24,0.89,5.17,91.42,71.73,18.07
2012,232,24.38,13.66,0.03,4.98,91.37,68.68,17.4
2012,233,25.76,13.17,0.0,3.42,91.37,62.39,16.77
2012,234,25.17,14.74,8.22,2.35,91.47,69.68,18.61
2012,235,23.31,14.85,2.28,1.56,91.55,76.78,18.75
2012,236,24.4,14.94,21.43,0.68,91.56,73.19,18.84
2012,237,23.87,15.8,5.85,1.36,91.56,79.3,19.75
2012,238,23.37,15.83,11.57,2.01,91.52,81.64,19.78
2012,239,22.37,14.49,5.5,3.97,91.54,79.61,18.36
2012,240,22.82,14.24,5.55,4.24,91.51,77.26,18.09
2012,241,23.39,15.08,3.35,4.14,91.51,78.68,19.0
2012,242,22.84,15.37,3.27,4.54,91.47,81.84,19.32
2012,243,22.0,15.01,2.68,3.94,91.46,83.84,18.93
2012,244,22.82,14.78,1.04,4.43,91.42,79.43,18.68
2012,245,22.6,14.57,0.05,4.49,91.45,78.93,18.45
2012,246,22.76,15.22,0.98,4.25,91.5,81.24,19.15
2012,247,23.07,15.42,4.04,4.93,91.35,81.04,19.32
2012,248,23.27,15.14,1.13,4.96,91.4,78.97,19.06
2012,249,24.12,14.83,1.02,4.41,91.48,74.66,18.75
2012,250,23.6,15.15,1.84,3.67,91.6,77.89,19.1
2012,251,23.55,14.88,1.77,3.97,91.61,77.22,18.82
2012,252,22.88,14.71,1.85,3.84,91.58,78.84,18.61
2012,253,22.32,14.52,1.52,4.18,91.63,80.23,18.44
2012,254,22.53,13.77,0.62,4.59,91.63,76.27,17.6
2012,255,23.17,13.91,1.48,3.82,91.59,74.51,17.74
2012,256,23.87,13.82,0.14,3.53,91.63,71.76,17.61
2012,257,24.42,15.05,10.91,3.05,91.67,75.11,18.98
2012,258,24.31,14.68,0.59,3.63,91.63,73.57,18.59
2012,259,24.25,14.65,0.48,4.06,91.56,73.48,18.54
2012,260,24.21,13.98,0.59,3.87,91.56,71.11,17.78
2012,261,23.69,14.39,0.28,2.95,91.6,74.49,18.25
2012,262,24.05,13.76,0.04,2.93,91.6,70.54,17.54
2012,263,23.77,14.44,2.84,1.53,91.51,74.02,18.3
2012,264,24.53,14.53,3.3,1.43,91.57,72.19,18.39
2012,265,25.11,13.85,0.2,1.14,91.59,67.92,17.6
2012,266,25.25,13.09,0.0,2.81,91.69,64.07,16.6
2012,267,24.66,11.3,0.0,2.33,91.65,59.66,14.13
2012,268,24.31,11.63,0.0,2.81,91.64,61.34,14.53
2012,269,23.61,11.92,0.0,2.78,91.65,64.34,15.17
2012,270,24.92,14.06,3.06,2.06,91.74,69.51,17.84
2012,271,23.32,15.14,4.51,1.78,91.78,78.33,19.1
2012,272,22.48,15.32,5.99,2.03,91.68,83.42,19.3
2012,273,23.75,14.88,4.15,1.49,91.57,76.83,18.75
2012,274,21.49,14.77,4.99,1.94,91.58,84.89,18.67
2012,275,22.95,15.74,3.17,2.33,91.57,83.34,19.71
2012,276,23.83,14.56,0.46,3.56,91.62,75.47,18.43
2012,277,21.35,12.5,0.14,3.58,91.71,75.0,16.05
2012,278,23.72,12.61,0.0,2.87,91.64,68.62,16.13
2012,279,24.95,13.12,0.0,2.07,91.7,65.96,16.76
2012,280,24.29,15.25,9.16,0.97,91.8,76.05,19.21
2012,281,23.98,15.12,1.6,1.71,91.82,76.29,19.09
2012,282,24.25,14.65,6.21,1.49,91.68,73.94,18.56
2012,283,23.29,15.28,3.84,1.54,91.53,80.05,19.22
2012,284,24.19,12.05,0.07,1.95,91.57,63.34,15.31
2012,285,23.89,11.52,0.0,1.81,91.62,61.19,14.76
2012,286,24.19,12.87,0.0,1.39,91.69,65.06,16.5
2012,287,24.38,14.56,0.98,1.45,91.73,72.75,18.44
2012,288,22.61,15.72,27.01,1.03,91.8,84.43,19.72
2012,289,21.94,15.48,4.84,2.35,91.93,86.82,19.5
2012,290,22.13,14.41,0.88,2.41,91.98,81.01,18.36
2012,291,22.79,12.74,0.24,2.9,91.92,71.62,16.35
2012,292,22.3,13.23,2.78,2.88,91.85,75.4,16.96
2012,293,22.41,14.98,6.91,3.03,91.82,82.81,18.96
2012,294,20.84,13.78,5.42,3.68,91.81,83.24,17.64
2012,295,21.86,14.58,4.15,3.3,91.78,83.04,18.49
2012,296,22.52,14.65,0.76,3.3,91.84,80.9,18.61
2012,297,22.45,14.43,0.64,3.01,91.82,80.23,18.36
2012,298,22.8,14.53,0.12,2.52,91.78,79.03,18.47
2012,299,23.7,14.05,0.52,2.05,91.7,74.01,17.89
2012,300,22.86,12.39,0.26,2.31,91.66,70.19,15.79
2012,301,22.63,12.02,0.0,3.04,91.67,68.99,15.35
2012,302,22.66,12.84,0.02,3.62,91.74,72.15,16.48
2012,303,21.82,13.48,0.52,3.04,91.72,77.29,17.28
2012,304,21.1,13.16,1.8,2.95,91.6,79.22,16.84
2012,305,20.29,14.67,32.5,5.01,91.21,89.9,18.54
2012,306,21.13,15.29,13.96,5.99,90.82,88.66,19.12
2012,307,22.33,15.13,0.66,4.3,91.41,83.12,19.05
2012,308,22.64,14.91,3.92,2.68,91.64,81.36,18.85
2012,309,22.64,15.42,0.36,1.71,91.64,83.33,19.38
2012,310,22.9,15.32,0.15,1.4,91.61,81.29,19.29
2012,311,22.85,13.93,0.0,1.73,91.69,76.51,17.76
2012,312,23.22,14.55,0.05,1.5,91.76,77.63,18.47
2012,313,23.4,14.56,0.02,2.02,91.71,76.77,18.48
2012,314,22.85,12.69,0.0,2.09,91.78,70.86,16.27
2012,315,22.54,13.0,0.0,2.15,91.88,73.42,16.67
2012,316,22.57,13.38,0.0,2.2,91.91,74.62,17.18
2012,317,22.21,11.86,0.0,2.46,91.87,69.59,15.26
2012,318,21.5,10.32,0.0,2.5,91.91,64.26,13.09
2012,319,19.35,7.94,0.0,2.84,91.78,56.85,9.17
2012,320,18.73,7.51,0.0,2.25,91.78,57.07,8.32
2012,321,19.35,8.06,0.0,2.07,91.87,57.16,9.46
2012,322,19.26,7.96,0.0,1.36,91.82,57.11,9.24
2012,323,20.29,7.13,0.0,1.45,91.72,48.25,7.59
2012,324,20.91,8.24,0.0,1.12,91.7,51.35,9.49
2012,325,22.69,10.98,0.0,1.45,91.75,63.95,13.92
2012,326,24.04,14.12,0.71,1.25,91.78,72.82,18.0
2012,327,23.51,15.12,1.24,2.06,91.73,78.73,19.07
2012,328,22.07,15.95,7.6,2.83,91.78,88.46,19.96
2012,329,22.66,13.52,0.36,2.52,91.78,75.48,17.27
2012,330,22.5,12.77,0.0,2.53,91.89,72.85,16.35
2012,331,22.59,12.71,0.0,2.72,91.92,71.89,16.37
2012,332,21.93,11.32,0.0,2.62,91.89,68.07,14.41
2012,333,20.85,9.73,0.0,2.41,91.88,64.77,11.96
2012,334,20.27,9.41,0.0,1.96,91.78,64.69,11.46
2012,335,20.85,10.33,0.0,1.86,91.8,67.09,13.15
2012,336,20.76,10.09,0.0,2.01,91.8,66.13,12.71
2012,337,20.83,10.16,0.0,2.6,91.85,66.21,12.78
2012,338,21.31,13.57,1.39,3.48,91.76,80.28,17.29
2012,339,22.17,14.98,13.34,3.25,91.72,83.71,18.94
2012,340,23.05,15.23,1.06,3.97,91.76,81.23,19.21
2012,341,22.89,13.64,0.09,3.47,91.92,75.1,17.46
2012,342,21.29,12.78,0.0,2.32,91.93,76.92,16.47
2012,343,21.63,10.22,0.0,1.77,91.9,64.67,12.74
2012,344,21.27,9.41,0.0,1.56,91.83,61.86,11.47
2012,345,21.43,9.16,0.0,1.74,91.81,59.52,11.22
2012,346,21.51,10.31,0.0,1.57,91.87,65.44,12.96
2012,347,22.08,10.88,0.0,1.26,91.85,66.19,13.82
2012,348,22.49,11.59,0.0,1.55,91.91,67.55,14.89
2012,349,22.13,11.08,0.0,2.76,92.04,66.81,14.04
2012,350,19.95,9.93,0.0,3.24,92.11,68.17,12.5
2012,351,19.78,9.94,0.0,3.77,92.1,69.01,12.49
2012,352,20.33,10.71,0.0,4.04,92.0,70.23,13.73
2012,353,20.59,10.18,0.0,3.83,91.99,66.83,12.85
2012,354,20.72,10.26,0.0,2.92,91.86,67.3,12.99
2012,355,21.34,11.27,0.0,3.12,91.76,70.21,14.43
2012,356,21.18,10.51,0.0,3.26,91.82,67.22,13.27
2012,357,20.26,9.34,0.0,3.28,91.87,64.52,11.44
2012,358,21.08,10.28,0.0,3.41,91.86,66.76,12.96
2012,359,21.2,10.14,0.0,3.01,91.82,65.34,12.7
2012,360,21.62,10.74,0.0,3.53,91.73,65.62,13.72
2012,361,21.96,11.08,0.0,3.5,91.68,66.59,14.18
2012,362,22.07,11.24,0.0,3.27,91.67,66.73,14.39
2012,363,22.44,13.38,0.01,3.25,91.6,74.53,17.13
2012,364,22.85,14.57,1.44,3.61,91.62,78.57,18.48
2012,365,23.87,14.53,0.28,3.57,91.67,75.06,18.43
2012,366,23.75,13.95,0.01,2.87,91.7,72.61,17.78
2013,1,23.45,12.04,0.0,2.55,91.8,66.15,15.28
2013,2,22.5,9.15,0.0,2.14,91.87,57.25,10.96
2013,3,22.66,9.36,0.0,1.85,91.92,59.36,11.01
2013,4,24.19,11.35,0.0,1.89,91.85,61.64,14.33
2013,5,24.48,11.36,0.0,1.98,91.7,60.59,14.37
2013,6,24.53,11.87,0.0,2.14,91.73,61.68,15.14
2013,7,23.85,11.06,0.0,2.74,91.78,60.61,14.07
2013,8,23.81,9.44,0.0,2.32,91.87,54.55,11.48
2013,9,22.63,10.03,0.0,2.64,91.91,59.17,12.63
2013,10,22.39,9.14,0.0,2.48,91.88,56.1,10.96
2013,11,21.64,8.4,0.0,2.71,91.93,55.26,9.72
2013,12,21.69,8.41,0.0,2.56,92.03,55.6,9.67
2013,13,21.49,7.02,0.0,2.57,91.94,49.86,6.42
2013,14,21.45,6.08,0.0,2.44,91.9,44.1,4.4
2013,15,21.6,7.22,0.0,2.8,91.98,51.73,6.5
2013,16,21.43,8.47,0.0,3.3,92.03,57.68,9.63
2013,17,21.77,8.41,0.0,3.47,92.01,55.53,9.42
2013,18,21.9,8.62,0.0,2.68,92.02,56.62,9.86
2013,19,22.39,8.99,0.0,2.83,92.0,55.85,10.72
2013,20,21.84,7.59,0.0,2.48,91.98,51.63,7.48
2013,21,22.62,8.64,0.0,2.36,92.05,52.72,9.99
2013,22,21.8,7.92,0.0,2.93,92.08,52.43,8.69
2013,23,21.89,7.76,0.0,2.94,92.09,51.5,7.92
2013,24,21.72,6.89,0.0,2.42,92.02,48.37,5.9
2013,25,21.6,7.23,0.0,2.99,92.06,50.55,6.87
2013,26,21.32,7.01,0.0,3.27,92.07,49.8,6.63
2013,27,21.89,7.9,0.0,2.92,92.09,52.2,8.75
2013,28,22.68,8.59,0.0,2.35,92.01,52.54,9.97
2013,29,23.25,9.13,0.0,1.97,91.93,53.34,10.96
2013,30,23.42,9.64,0.0,2.88,91.98,55.16,11.8
2013,31,22.79,8.94,0.0,3.54,92.01,54.29,10.41
2013,32,22.14,7.77,0.0,3.42,92.02,49.84,8.35
2013,33,21.38,6.02,0.0,2.91,91.96,44.11,3.91
2013,34,21.79,6.39,0.0,2.81,91.92,45.55,5.06
2013,35,22.28,6.89,0.0,2.51,92.0,48.08,5.84
2013,36,24.31,11.64,0.0,3.41,92.03,62.18,14.92
2013,37,25.06,11.1,0.0,2.92,92.04,56.01,14.1
2013,38,26.06,10.04,0.0,1.64,91.85,49.05,12.46
2013,39,25.97,9.71,1.29,2.09,91.79,45.0,12.23
2013,40,25.39,9.27,0.15,3.24,91.77,48.73,11.01
2013,41,24.05,9.3,0.0,3.66,91.81,51.54,11.39
2013,42,23.5,9.38,0.0,4.57,91.84,54.45,11.29
2013,43,24.27,9.57,0.0,4.17,91.79,51.94,11.77
2013,44,23.76,8.93,0.0,3.79,91.77,49.09,10.57
2013,45,24.16,12.03,0.67,3.93,91.82,61.84,15.44
2013,46,23.59,13.01,4.29,2.68,91.78,67.7,16.72
2013,47,23.76,13.79,4.93,2.44,91.62,71.25,17.58
2013,48,25.04,13.91,1.17,1.9,91.59,67.38,17.69
2013,49,23.35,14.24,0.85,2.59,91.66,74.35,18.11
2013,50,24.21,12.2,0.01,2.86,91.8,62.03,15.64
2013,51,23.9,10.15,0.0,3.1,91.85,57.19,12.57
2013,52,23.75,9.14,0.0,3.13,91.93,53.2,10.82
2013,53,23.39,9.05,0.0,3.78,92.02,54.4,10.68
2013,54,23.61,7.55,0.0,3.03,92.07,47.76,7.25
2013,55,23.41,6.15,0.0,3.12,92.0,41.87,3.46
2013,56,22.84,4.34,0.0,3.46,92.04,29.64,-0.52
2013,57,23.68,5.35,0.0,3.2,92.04,31.8,3.31
2013,58,23.97,6.01,0.0,1.97,91.97,35.08,4.89
2013,59,24.46,7.01,0.0,2.44,91.83,41.09,6.84
2013,60,24.62,6.2,0.0,3.46,91.87,36.52,4.86
2013,61,25.24,6.19,0.0,3.84,91.93,32.02,5.45
2013,62,25.16,6.12,0.0,3.66,91.92,34.45,4.87
2013,63,25.25,6.84,0.0,3.76,91.93,38.5,5.34
2013,64,25.53,11.37,0.04,4.41,91.91,56.68,14.52
2013,65,24.99,13.43,2.55,4.37,91.95,66.0,17.19
2013,66,25.14,13.71,1.41,3.92,91.99,66.59,17.55
2013,67,25.24,11.97,0.02,2.92,92.03,58.11,15.37
2013,68,26.49,11.19,0.0,2.41,91.92,52.52,14.19
2013,69,27.2,11.03,0.0,2.18,91.75,49.72,14.02
2013,70,27.55,10.45,0.55,2.74,91.83,44.39,13.25
2013,71,27.34,8.68,0.02,1.67,91.88,37.68,10.51
2013,72,27.47,7.48,0.0,2.51,91.88,33.38,8.22
2013,73,26.23,8.03,0.0,3.38,91.88,39.47,9.11
2013,74,26.57,7.33,0.0,3.61,91.9,34.69,7.87
2013,75,25.81,8.69,0.0,3.15,91.96,45.94,9.97
2013,76,27.12,8.8,0.0,2.06,91.9,41.43,10.42
2013,77,26.87,7.92,0.0,2.61,91.73,39.85,8.54
2013,78,26.87,8.81,0.0,2.54,91.73,42.62,10.41
2013,79,27.57,9.54,0.0,2.86,91.8,44.21,11.65
2013,80,27.91,8.09,0.0,2.29,91.71,35.68,9.24
2013,81,28.33,7.0,0.0,1.98,91.6,29.11,7.25
2013,82,27.54,7.75,0.0,3.11,91.63,34.27,8.73
2013,83,26.74,7.87,0.0,3.29,91.73,39.36,8.18
2013,84,26.97,6.71,0.0,1.74,91.7,35.41,5.57
2013,85,28.77,9.68,0.07,1.98,91.6,39.52,12.06
2013,86,30.21,9.5,0.02,2.7,91.58,35.56,11.6
2013,87,29.54,9.79,0.02,2.6,91.66,38.92,11.71
2013,88,30.15,10.43,0.0,2.31,91.6,39.33,13.05
2013,89,30.3,12.54,0.0,3.11,91.52,46.04,15.92
2013,90,30.11,13.82,6.18,2.43,91.54,49.35,17.62
2013,91,28.1,14.63,0.97,2.27,91.65,57.98,18.52
2013,92,27.95,14.25,7.95,1.99,91.68,57.65,18.13
2013,93,28.13,14.26,0.06,2.12,91.68,58.34,18.08
2013,94,28.92,12.78,0.01,2.02,91.59,49.27,16.4
2013,95,29.18,13.66,3.45,2.04,91.51,51.3,17.4
2013,96,29.2,13.44,0.25,2.02,91.45,50.87,17.13
2013,97,30.19,11.82,0.0,1.22,91.4,42.78,15.11
2013,98,30.33,11.62,0.0,2.34,91.5,41.44,14.89
2013,99,30.54,11.22,0.0,2.83,91.56,40.36,14.25
2013,100,30.08,10.39,0.0,3.24,91.59,38.77,12.84
2013,101,29.07,8.39,0.0,2.63,91.57,34.79,9.4
2013,102,29.38,10.16,0.0,3.41,91.62,42.11,12.42
2013,103,29.09,10.33,0.0,3.17,91.73,44.37,12.4
2013,104,30.06,12.16,0.0,2.75,91.71,48.21,15.06
2013,105,30.48,13.14,2.81,1.89,91.6,47.25,16.7
2013,106,29.86,9.94,0.04,2.95,91.51,38.07,11.89
2013,107,29.78,8.26,0.01,1.49,91.35,30.9,9.69
2013,108,29.57,10.23,0.62,2.56,91.43,38.98,12.78
2013,109,30.07,10.57,0.29,1.58,91.46,39.0,13.35
2013,110,30.25,10.77,0.14,1.73,91.45,39.82,13.52
2013,111,29.85,11.34,0.06,1.54,91.47,42.59,14.35
2013,112,28.82,12.73,1.03,2.69,91.57,49.69,16.24
2013,113,29.71,12.1,0.55,2.32,91.71,45.5,15.5
2013,114,28.02,13.96,1.84,2.33,91.79,55.31,17.83
2013,115,28.3,13.36,0.21,2.07,91.78,52.46,17.14
2013,116,28.39,12.72,0.24,2.53,91.73,50.01,16.32
2013,117,29.3,12.42,0.05,2.26,91.68,48.28,15.82
2013,118,29.4,12.85,1.41,2.07,91.57,47.36,16.49
2013,119,28.8,12.85,0.66,1.89,91.57,49.49,16.39
2013,120,30.41,11.2,0.0,3.34,91.52,41.43,14.13
2013,121,29.75,11.42,0.0,3.33,91.49,45.53,14.04
2013,122,30.21,10.89,0.0,1.76,91.35,40.24,13.75
2013,123,30.3,12.41,3.51,1.36,91.31,43.8,15.83
2013,124,28.78,14.4,2.12,1.9,91.33,54.94,18.22
2013,125,27.58,15.48,1.93,1.3,91.46,63.37,19.36
2013,126,29.27,13.83,0.02,1.46,91.44,52.67,17.58
2013,127,29.53,12.81,0.0,1.85,91.49,47.71,16.35
2013,128,29.22,14.74,1.94,2.06,91.52,55.68,18.58
2013,129,27.16,16.61,9.55,1.8,91.58,68.71,20.53
2013,130,26.36,16.54,9.33,1.98,91.59,71.86,20.49
2013,131,27.5,15.41,3.92,1.94,91.38,65.16,19.25
2013,132,26.72,15.06,0.54,3.47,91.37,65.63,18.9
2013,133,26.36,13.76,0.0,2.83,91.37,61.49,17.34
2013,134,25.82,14.22,0.0,3.41,91.27,64.29,17.94
2013,135,27.1,14.15,0.0,3.5,91.29,60.53,17.94
2013,136,26.52,14.06,0.01,2.75,91.43,61.44,17.85
2013,137,28.39,14.18,0.16,2.13,91.49,56.54,17.98
2013,138,28.18,15.61,6.92,1.91,91.5,62.3,19.48
2013,139,26.77,16.13,3.28,1.79,91.5,69.6,20.06
2013,140,27.05,16.06,8.85,1.91,91.48,68.35,19.96
2013,141,25.84,14.76,1.18,3.01,91.63,67.55,18.55
2013,142,26.15,15.43,16.67,3.4,91.53,69.06,19.33
2013,143,26.99,15.26,0.65,3.76,91.5,66.53,19.14
2013,144,27.48,14.94,0.0,3.73,91.46,63.52,18.79
2013,145,24.8,15.43,1.07,4.1,91.6,73.61,19.36
2013,146,24.55,15.8,5.79,4.3,91.51,76.05,19.74
2013,147,24.41,16.13,0.05,3.98,91.53,78.29,20.09
2013,148,23.54,15.19,0.54,3.93,91.59,77.87,19.14
2013,149,24.3,14.96,0.6,4.15,91.49,74.12,18.86
2013,150,24.13,15.94,14.12,3.19,91.38,79.24,19.87
2013,151,22.7,16.08,57.45,2.87,91.36,85.51,19.99
2013,152,22.12,15.94,10.17,3.78,91.35,87.49,19.86
2013,153,22.85,15.72,7.23,4.3,91.36,83.32,19.65
2013,154,23.38,15.54,4.2,3.5,91.31,80.35,19.46
2013,155,23.6,15.68,0.01,3.24,91.38,79.96,19.61
2013,156,24.85,15.03,0.01,3.15,91.43,72.9,18.89
2013,157,23.71,16.41,5.87,3.2,91.29,82.62,20.31
2013,158,22.8,16.16,6.26,3.89,91.26,85.14,20.07
2013,159,21.87,14.53,0.22,4.95,91.35,81.71,18.41
2013,160,21.58,13.6,0.01,5.83,91.43,78.27,17.37
2013,161,21.92,13.9,0.04,5.11,91.43,78.9,17.71
2013,162,22.49,14.93,3.99,5.13,91.33,81.17,18.83
2013,163,22.83,14.85,0.05,5.39,91.19,79.25,18.7
2013,164,22.34,13.52,0.01,6.16,91.12,74.94,17.22
2013,165,22.84,13.61,0.08,6.59,91.07,73.16,17.31
2013,166,23.72,14.95,0.78,6.31,91.1,76.09,18.79
2013,167,23.65,15.41,0.09,5.51,91.27,78.46,19.32
2013,168,23.4,15.0,0.45,6.07,91.35,77.71,18.89
2013,169,23.1,15.01,1.1,5.69,91.3,78.84,18.89
2013,170,24.02,15.36,1.4,5.25,91.32,77.14,19.27
2013,171,23.49,14.58,3.32,5.03,91.41,75.8,18.46
2013,172,23.39,15.11,2.73,5.13,91.43,78.43,19.03
2013,173,22.39,14.15,2.56,5.65,91.43,77.91,17.94
2013,174,22.45,13.44,0.2,6.32,91.33,74.25,17.09
2013,175,22.95,14.67,0.93,6.28,91.31,78.13,18.53
2013,176,23.78,14.84,1.02,5.83,91.48,76.0,18.74
2013,177,24.02,15.86,11.09,4.94,91.6,79.41,19.83
2013,178,23.18,15.79,3.58,4.36,91.62,82.41,19.77
2013,179,23.26,14.93,7.3,4.07,91.6,78.53,18.87
2013,180,22.99,14.26,0.38,4.35,91.64,76.59,18.16
2013,181,22.27,14.16,0.05,4.59,91.68,78.63,18.05
2013,182,22.14,13.81,0.07,5.41,91.5,77.41,17.63
2013,183,22.59,13.69,1.76,6.63,91.34,75.15,17.46
2013,184,22.17,14.76,1.67,5.48,91.31,81.4,18.61
2013,185,23.58,15.43,1.29,4.8,91.28,79.08,19.33
2013,186,23.97,15.52,0.13,3.87,91.3,77.99,19.43
2013,187,23.92,15.36,4.84,4.51,91.39,77.46,19.28
2013,188,22.27,15.18,1.49,4.39,91.43,83.24,19.11
2013,189,23.1,14.75,0.41,4.71,91.38,78.16,18.63
2013,190,22.15,14.55,5.23,5.0,91.37,80.84,18.41
2013,191,22.04,14.24,16.4,5.68,91.34,79.92,18.08
2013,192,22.03,13.93,3.02,5.48,91.35,78.75,17.71
2013,193,22.04,14.81,0.21,4.9,91.39,82.64,18.72
2013,194,22.79,14.76,2.95,4.74,91.44,79.39,18.66
2013,195,22.89,15.22,1.22,4.49,91.43,80.95,19.15
2013,196,23.36,15.61,2.06,4.41,91.39,80.65,19.54
2013,197,22.3,15.41,7.55,4.88,91.4,84.3,19.35
2013,198,22.7,15.33,0.36,4.66,91.43,82.21,19.26
2013,199,22.54,15.27,4.4,5.13,91.38,82.53,19.19
2013,200,21.98,15.93,24.7,4.98,91.29,88.16,19.86
2013,201,21.85,15.07,9.61,5.29,91.42,84.61,18.99
2013,202,21.82,14.95,0.73,5.6,91.34,84.16,18.85
2013,203,21.83,14.93,3.94,5.74,91.23,83.89,18.82
2013,204,22.14,14.97,1.21,6.05,91.25,82.69,18.85
2013,205,22.03,14.5,1.78,7.38,91.36,80.72,18.37
2013,206,22.05,14.03,0.43,7.44,91.43,78.52,17.87
2013,207,21.82,14.47,0.28,6.22,91.39,81.71,18.34
2013,208,22.75,14.96,0.72,4.97,91.54,80.26,18.88
2013,209,22.6,15.22,1.37,4.43,91.71,82.43,19.21
2013,210,21.64,13.93,0.04,5.15,91.71,80.1,17.8
2013,211,21.94,14.51,0.01,5.8,91.45,81.59,18.4
2013,212,22.08,14.67,0.22,6.79,91.31,81.43,18.56
2013,213,22.65,15.03,2.05,6.84,91.28,80.87,18.93
2013,214,22.96,14.67,0.32,6.09,91.37,78.29,18.56
2013,215,22.22,14.98,7.54,4.66,91.49,82.75,18.9
2013,216,23.24,15.5,2.56,4.71,91.44,81.03,19.44
2013,217,22.66,15.35,2.24,5.12,91.4,82.57,19.27
2013,218,22.26,14.68,0.93,4.36,91.46,81.1,18.58
2013,219,23.46,15.05,0.84,3.94,91.52,78.17,18.99
2013,220,23.06,15.4,0.86,3.86,91.51,81.14,19.35
2013,221,22.75,15.1,0.78,3.87,91.51,80.94,19.03
2013,222,23.0,15.29,2.39,3.98,91.52,80.93,19.23
2013,223,23.14,15.39,4.44,3.59,91.53,80.79,19.33
2013,224,23.01,15.19,0.53,3.99,91.46,80.5,19.12
2013,225,22.62,15.19,5.54,3.76,91.35,81.93,19.1
2013,226,22.1,14.89,13.74,4.04,91.4,82.79,18.8
2013,227,22.07,15.46,6.76,3.69,91.47,85.75,19.4
2013,228,22.12,15.47,8.71,3.86,91.46,85.44,19.41
2013,229,22.49,14.84,1.58,4.1,91.54,81.15,18.77
2013,230,22.27,15.44,1.21,3.92,91.57,84.78,19.4
2013,231,22.98,15.69,0.12,3.94,91.57,82.88,19.66
2013,232,22.96,15.43,3.05,4.46,91.52,81.89,19.39
2013,233,22.79,15.04,0.2,4.93,91.43,80.72,18.96
2013,234,23.18,14.76,0.14,4.79,91.47,78.01,18.67
2013,235,22.98,14.7,0.25,4.31,91.48,78.42,18.61
2013,236,23.3,15.01,6.85,3.99,91.48,78.52,18.92
2013,237,22.63,15.07,0.73,3.64,91.46,81.57,19.0
2013,238,23.2,14.87,0.06,3.17,91.47,78.25,18.77
2013,239,24.02,14.54,0.0,2.9,91.49,73.93,18.4
2013,240,23.68,15.18,2.36,2.44,91.61,77.77,19.13
2013,241,22.9,15.28,3.86,2.52,91.69,81.22,19.26
2013,242,24.41,16.05,8.73,1.62,91.6,78.64,20.02
2013,243,24.25,16.61,20.0,0.98,91.53,81.18,20.56
2013,244,24.02,16.76,34.42,1.28,91.55,82.78,20.72
2013,245,23.74,16.18,16.27,0.87,91.63,82.01,20.14
2013,246,21.5,15.59,9.66,2.1,91.67,89.03,19.56
2013,247,21.12,14.11,3.0,2.34,91.76,83.47,18.02
2013,248,22.49,14.7,3.07,2.37,91.67,80.72,18.64
2013,249,21.91,14.54,5.27,2.65,91.69,82.24,18.45
2013,250,21.76,15.18,4.71,2.79,91.64,86.11,19.15
2013,251,22.27,15.28,21.5,2.01,91.56,84.38,19.24
2013,252,21.83,15.75,29.27,3.1,91.54,88.39,19.71
2013,253,21.05,15.58,26.87,2.84,91.43,91.07,19.51
2013,254,22.16,15.82,19.99,2.15,91.37,86.92,19.75
2013,255,22.05,16.09,28.51,1.84,91.49,88.85,20.05
2013,256,22.99,16.99,13.52,1.88,91.5,88.68,20.91
2013,257,22.89,16.59,20.95,2.26,91.48,87.33,20.54
2013,258,22.7,16.79,4.27,2.56,91.31,89.01,20.69
2013,259,23.18,16.81,2.52,2.6,91.28,86.86,20.71
2013,260,22.61,16.63,2.29,2.97,91.24,88.58,20.52
2013,261,21.97,16.15,3.24,3.34,91.27,89.36,20.07
2013,262,21.64,15.33,0.56,4.34,91.23,86.92,19.23
2013,263,21.86,16.18,3.12,4.46,91.17,89.9,20.05
2013,264,22.53,15.5,0.36,3.53,91.33,83.91,19.42
2013,265,22.18,15.35,0.2,3.66,91.43,84.93,19.29
2013,266,21.93,14.46,0.0,3.28,91.47,82.05,18.35
2013,267,22.29,15.24,0.01,2.89,91.53,83.83,19.15
2013,268,22.65,15.67,0.7,2.94,91.66,84.36,19.62
2013,269,22.93,15.12,0.91,2.19,91.78,81.12,19.09
2013,270,23.01,15.02,0.19,1.94,91.8,80.19,19.0
2013,271,22.14,15.58,0.0,2.39,91.75,86.4,19.59
2013,272,21.71,14.51,0.0,3.16,91.6,83.29,18.42
2013,273,21.88,15.55,1.32,2.84,91.43,86.96,19.46
2013,274,22.37,15.99,0.89,2.54,91.43,86.9,19.94
2013,275,22.69,16.11,13.23,2.32,91.54,86.03,20.08
2013,276,21.37,15.08,1.91,2.57,91.62,87.3,19.04
2013,277,21.3,14.62,0.11,2.93,91.7,85.42,18.56
2013,278,21.22,14.42,0.07,3.03,91.69,84.79,18.3
2013,279,22.81,15.91,0.04,2.46,91.6,84.67,19.86
2013,280,23.0,16.59,1.85,1.39,91.64,86.84,20.56
2013,281,21.81,16.6,13.25,2.18,91.72,92.92,20.6
2013,282,21.88,15.98,2.72,1.56,91.71,89.5,19.98
2013,283,22.27,15.57,0.31,2.4,91.74,85.7,19.56
2013,284,22.25,15.05,0.0,3.08,91.7,83.16,19.02
2013,285,21.9,14.62,0.02,3.5,91.5,82.69,18.5
2013,286,22.63,15.66,0.14,3.17,91.52,84.29,19.6
2013,287,22.85,15.99,0.05,2.28,91.64,84.73,19.96
2013,288,23.35,16.71,2.54,1.56,91.68,85.87,20.69
2013,289,22.92,16.69,3.09,1.32,91.61,87.73,20.65
2013,290,22.4,16.08,3.28,1.91,91.62,87.58,20.07
2013,291,22.18,15.43,0.71,1.81,91.7,85.71,19.42
2013,292,22.86,15.59,4.91,1.41,91.73,83.35,19.59
2013,293,21.99,15.4,2.1,1.97,91.65,86.21,19.38
2013,294,20.93,15.1,3.42,2.2,91.46,89.46,19.02
2013,295,21.37,15.59,3.65,1.9,91.41,89.88,19.53
2013,296,22.65,16.21,1.59,2.36,91.42,86.67,20.15
2013,297,22.16,16.53,3.85,2.26,91.43,90.49,20.47
2013,298,22.86,16.51,1.67,2.16,91.44,87.22,20.45
2013,299,23.01,16.53,9.97,1.86,91.55,86.69,20.5
2013,300,22.44,15.71,10.26,1.98,91.72,85.46,19.7
2013,301,22.01,15.64,2.61,1.74,91.79,87.33,19.64
2013,302,21.62,15.46,1.21,1.95,91.86,88.48,19.47
2013,303,21.85,15.29,0.21,1.73,91.91,86.53,19.29
2013,304,22.45,15.48,0.0,1.8,91.91,84.75,19.5
2013,305,22.4,15.45,1.42,1.96,91.88,84.88,19.46
2013,306,22.61,15.91,0.86,2.11,91.87,86.3,19.94
2013,307,21.59,15.38,0.83,2.47,91.91,88.08,19.4
2013,308,21.51,14.74,1.48,2.84,92.05,85.45,18.75
2013,309,21.15,13.85,0.16,2.92,92.05,82.68,17.77
2013,310,21.17,13.9,0.01,2.74,92.0,82.94,17.82
2013,311,20.67,13.4,0.0,2.6,91.92,82.25,17.18
2013,312,20.27,12.6,0.0,2.27,91.84,79.92,16.24
2013,313,19.05,11.43,0.0,2.32,91.84,78.9,14.73
2013,314,19.93,12.37,0.0,2.08,91.83,80.08,15.93
2013,315,20.97,13.49,0.0,2.03,91.72,81.17,17.3
2013,316,20.66,13.23,0.12,1.92,91.71,81.2,16.99
2013,317,20.0,12.56,0.03,1.96,91.77,80.37,16.17
2013,318,20.07,12.26,0.0,1.85,91.8,78.3,15.8
2013,319,18.89,11.1,0.0,2.4,91.81,77.33,14.25
2013,320,19.45,13.48,3.52,3.35,91.8,87.79,17.27
2013,321,20.45,14.71,4.06,3.54,91.79,89.95,18.68
2013,322,20.38,14.27,5.72,2.82,91.9,87.82,18.16
2013,323,21.05,13.16,0.22,1.68,91.88,79.63,16.92
2013,324,20.67,12.82,0.0,1.74,91.71,79.36,16.5
2013,325,21.32,13.08,0.0,1.22,91.58,77.27,16.78
2013,326,21.67,13.43,0.0,1.13,91.66,77.79,17.21
2013,327,21.65,15.01,19.02,0.86,91.73,85.65,18.98
2013,328,21.86,15.41,9.19,2.07,91.82,87.03,19.42
2013,329,21.98,14.77,1.55,1.5,91.77,83.49,18.74
2013,330,21.98,14.61,0.23,1.44,91.69,82.75,18.54
2013,331,21.68,14.34,0.03,1.71,91.74,82.44,18.25
2013,332,19.88,10.43,0.0,1.42,91.8,69.65,13.27
2013,333,19.97,12.56,0.0,2.1,91.89,80.36,16.13
2013,334,21.48,13.04,0.01,1.9,91.93,77.85,16.69
2013,335,21.74,14.04,0.33,2.43,91.99,81.41,17.97
2013,336,21.45,13.59,0.08,2.47,91.97,80.48,17.45
2013,337,21.02,12.97,0.01,2.79,91.85,78.8,16.68
2013,338,20.56,11.65,0.0,3.51,91.84,74.15,14.94
2013,339,20.18,11.32,0.0,3.27,91.77,73.62,14.55
2013,340,19.37,9.76,0.0,2.61,91.69,68.3,12.26
2013,341,19.81,10.81,0.0,2.92,91.68,70.79,13.78
2013,342,20.59,12.33,0.0,2.65,91.68,76.75,15.88
2013,343,19.48,9.54,0.0,2.08,91.59,65.65,11.67
2013,344,18.57,6.83,0.0,1.85,91.56,52.08,6.8
2013,345,19.51,7.71,0.0,2.27,91.63,53.39,8.67
2013,346,20.01,12.99,1.01,4.51,91.59,82.12,16.63
2013,347,22.28,13.96,0.54,3.58,91.69,78.73,17.83
2013,348,22.18,13.64,0.09,2.12,91.79,77.93,17.48
2013,349,20.69,9.92,0.0,2.07,91.85,64.18,12.21
2013,350,18.03,6.79,0.0,2.34,91.9,55.05,6.68
2013,351,18.04,9.25,0.0,2.64,91.84,70.63,11.47
2013,352,18.53,9.26,0.0,2.25,91.78,69.36,11.44
2013,353,19.03,9.22,0.0,1.13,91.83,67.24,11.42
2013,354,19.65,8.92,0.0,1.07,91.9,63.69,10.86
2013,355,19.09,9.19,0.0,2.09,91.95,67.09,11.36
2013,356,19.18,9.83,0.0,2.76,92.0,70.21,12.41
2013,357,19.44,10.3,0.0,3.32,92.1,71.23,13.17
2013,358,19.84,10.25,0.0,3.61,92.14,69.48,13.06
2013,359,20.03,10.27,0.0,2.9,92.17,69.97,13.09
2013,360,19.1,9.15,0.0,2.46,92.12,66.91,11.25
2013,361,19.29,9.58,0.0,2.68,92.02,68.54,11.96
2013,362,19.23,9.53,0.0,2.43,92.01,68.19,11.91
2013,363,19.21,9.48,0.0,2.51,91.96,67.42,11.87
2013,364,18.96,8.81,0.0,2.92,91.98,65.02,10.74
2013,365,19.46,9.67,0.0,3.2,92.03,68.3,12.14
2014,1,20.01,10.66,0.0,3.2,92.0,71.24,13.66
2014,2,20.24,10.22,0.0,2.78,92.05,68.59,12.96
2014,3,20.29,10.92,0.0,3.08,92.08,71.18,14.07
2014,4,20.68,9.7,0.0,2.49,91.95,64.52,12.1
2014,5,20.93,9.26,0.0,2.08,91.81,62.5,11.21
2014,6,20.79,8.77,0.0,2.36,91.8,60.33,10.31
2014,7,20.42,8.87,0.0,3.23,91.88,61.75,10.64
2014,8,20.51,10.44,0.0,3.65,92.0,68.56,13.35
2014,9,21.26,10.35,0.0,2.8,91.95,65.39,13.15
2014,10,21.58,10.9,0.0,2.16,91.94,67.35,13.93
2014,11,21.63,10.64,0.0,2.4,91.97,65.03,13.61
2014,12,21.33,9.74,0.0,2.37,92.08,62.28,12.19
2014,13,21.18,9.22,0.0,2.77,92.07,60.3,11.29
2014,14,21.53,9.88,0.0,2.98,92.0,61.71,12.42
2014,15,22.05,10.63,0.0,2.66,92.05,63.15,13.62
2014,16,22.08,11.19,0.0,2.41,92.1,65.99,14.42
2014,17,21.73,11.14,0.02,2.7,92.05,66.34,14.31
2014,18,21.44,10.51,0.0,2.55,92.06,64.01,13.47
2014,19,21.74,10.6,0.0,3.32,92.2,64.37,13.58
2014,20,21.81,10.66,0.02,3.73,92.24,64.44,13.63
2014,21,20.99,9.66,0.0,3.78,92.18,62.52,12.08
2014,22,21.0,9.52,0.0,3.7,92.09,61.46,11.82
2014,23,20.83,9.2,0.0,2.89,92.08,60.55,11.35
2014,24,21.65,9.52,0.0,2.24,91.96,59.64,11.92
2014,25,22.28,10.07,0.0,3.38,91.93,59.64,12.74
2014,26,21.44,9.78,0.0,4.04,91.98,61.62,12.3
2014,27,20.59,9.41,0.0,3.98,92.0,62.16,11.7
2014,28,21.01,8.92,0.0,3.38,91.98,58.25,10.74
2014,29,21.58,8.77,0.0,3.13,91.98,56.49,10.38
2014,30,21.55,8.93,0.0,2.65,91.99,56.57,10.94
2014,31,21.83,8.33,0.0,2.84,91.99,52.93,9.83
2014,32,21.55,9.04,0.0,3.05,91.97,57.87,11.05
2014,33,22.98,9.69,0.0,3.67,91.91,56.35,12.05
2014,34,22.95,7.85,0.0,2.69,91.76,48.79,8.65
2014,35,22.45,7.39,0.0,2.02,91.66,48.2,7.46
2014,36,22.47,6.72,0.0,1.76,91.61,44.48,5.98
2014,37,22.55,6.39,0.0,2.41,91.67,43.14,5.2
2014,38,22.18,5.21,0.0,2.19,91.7,36.42,2.29
2014,39,22.24,6.0,0.0,1.69,91.65,41.15,4.42
2014,40,22.25,6.41,0.0,1.77,91.63,42.3,5.62
2014,41,23.15,7.02,0.0,1.67,91.63,41.14,7.27
2014,42,23.15,8.78,0.0,2.48,91.54,51.86,10.44
2014,43,23.8,9.03,0.0,2.71,91.56,49.84,11.03
2014,44,24.33,10.31,0.0,3.1,91.73,52.93,13.12
2014,45,24.79,10.61,0.0,1.87,91.79,52.73,13.52
2014,46,25.67,10.29,0.0,1.59,91.65,48.11,13.07
2014,47,25.82,10.19,0.0,1.37,91.69,46.92,12.88
2014,48,25.84,10.92,0.0,2.82,91.88,51.18,13.94
2014,49,25.08,11.88,0.0,3.65,92.02,58.65,15.3
2014,50,24.64,11.3,0.0,3.1,91.95,57.65,14.47
2014,51,24.62,10.98,0.0,2.75,91.88,56.4,14.0
2014,52,24.83,10.16,0.0,2.1,91.92,52.22,12.87
2014,53,25.11,9.28,0.0,2.32,91.92,48.35,11.42
2014,54,24.15,8.02,0.0,3.41,91.93,44.79,8.97
2014,55,23.83,9.43,0.02,3.93,91.97,54.85,11.03
2014,56,24.6,11.83,0.01,3.64,92.01,60.27,15.24
2014,57,25.11,9.05,0.0,2.93,91.92,47.94,10.55
2014,58,24.36,8.37,0.2,2.47,91.91,47.01,9.47
2014,59,25.27,10.86,0.05,1.95,91.87,54.05,13.9
2014,60,25.38,11.88,0.96,2.14,91.82,56.25,15.32
2014,61,25.99,11.26,0.34,2.24,91.77,52.4,14.43
2014,62,25.26,11.48,0.42,4.06,91.78,55.44,14.72
2014,63,25.05,11.82,0.59,2.9,91.87,58.49,15.2
2014,64,25.78,11.55,0.19,2.57,91.88,55.2,14.78
2014,65,25.37,12.12,1.72,2.95,91.86,57.77,15.61
2014,66,23.24,10.77,0.99,3.37,91.97,57.75,13.77
2014,67,24.3,9.69,0.1,3.18,92.03,52.1,11.88
2014,68,24.64,9.86,0.01,3.54,91.97,51.71,12.35
2014,69,24.64,9.71,0.0,3.08,91.93,50.65,12.03
2014,70,24.5,9.61,0.0,3.67,91.96,50.86,11.82
2014,71,24.89,8.49,0.0,4.2,91.99,45.8,9.9
2014,72,24.98,7.41,0.0,3.6,91.94,40.36,7.81
2014,73,24.95,6.29,0.0,3.65,91.95,35.27,5.41
2014,74,24.91,5.56,0.0,3.61,92.06,31.73,3.6
2014,75,25.74,6.79,0.0,4.06,92.14,35.06,6.79
2014,76,26.01,6.52,0.0,3.59,92.07,34.36,5.87
2014,77,26.27,5.72,0.0,3.1,92.0,31.07,3.58
2014,78,26.8,7.5,0.0,2.96,91.92,36.31,8.09
2014,79,27.69,8.11,0.0,2.49,91.81,38.81,8.64
2014,80,27.92,8.07,0.0,2.39,91.69,36.74,9.01
2014,81,28.41,8.68,0.0,2.61,91.57,36.37,10.4
2014,82,27.93,8.96,0.0,3.48,91.65,39.73,10.61
2014,83,26.82,7.08,0.0,3.1,91.81,35.28,6.73
2014,84,27.0,6.99,0.0,3.59,91.75,35.43,6.59
2014,85,26.78,6.5,0.0,4.18,91.75,31.82,5.98
2014,86,26.6,5.02,0.0,2.83,91.82,25.84,2.1
2014,87,26.88,5.3,0.0,2.82,91.84,26.5,2.89
2014,88,28.01,5.9,0.0,2.99,91.75,25.74,4.84
2014,89,28.54,6.48,0.0,2.25,91.68,27.47,6.16
2014,90,28.44,7.18,0.0,1.96,91.67,29.64,7.48
2014,91,28.88,6.32,0.0,1.87,91.57,25.34,5.75
2014,92,29.59,7.64,0.02,2.18,91.54,29.54,8.53
2014,93,29.28,6.99,0.0,3.19,91.62,28.22,7.17
2014,94,28.49,6.6,0.0,3.3,91.75,28.55,6.28
2014,95,28.77,7.92,0.0,3.2,91.78,34.06,8.83
2014,96,28.29,9.35,0.0,3.14,91.83,42.02,10.95
2014,97,28.61,8.72,0.0,2.57,91.88,38.8,9.86
2014,98,29.32,10.12,0.0,2.04,91.82,40.0,12.55
2014,99,28.84,11.82,1.43,1.61,91.83,46.54,15.07
2014,100,28.7,11.2,1.61,1.77,91.82,43.8,14.37
2014,101,30.15,9.34,0.14,1.93,91.73,35.23,11.42
2014,102,29.91,10.21,0.2,2.05,91.63,37.35,12.84
2014,103,29.54,10.85,1.11,2.26,91.71,40.25,13.87
2014,104,29.38,11.14,0.77,2.68,91.79,42.65,14.18
2014,105,29.18,11.05,0.14,2.33,91.81,43.82,13.98
2014,106,29.38,9.42,0.02,2.62,91.71,37.06,11.5
2014,107,30.51,9.28,0.01,1.61,91.58,33.8,11.38
2014,108,31.16,9.81,0.14,2.6,91.69,33.72,12.24
2014,109,30.17,9.46,0.02,2.71,91.71,36.85,11.01
2014,110,28.0,7.85,0.3,2.88,91.65,33.97,8.06
2014,111,28.66,8.05,0.0,2.82,91.65,34.61,8.9
2014,112,29.34,8.73,0.0,3.06,91.79,37.07,9.87
2014,113,29.64,9.15,0.0,2.04,91.74,37.27,10.73
2014,114,29.79,10.1,0.0,2.88,91.61,40.15,11.97
2014,115,30.89,10.93,0.0,2.06,91.58,39.06,13.73
2014,116,30.97,11.94,0.28,2.4,91.59,41.35,15.24
2014,117,30.77,11.1,0.01,2.99,91.63,38.92,14.13
2014,118,29.3,11.53,0.0,1.7,91.69,45.39,14.46
2014,119,30.61,11.01,0.02,2.23,91.62,39.72,13.92
2014,120,30.56,9.95,0.06,1.88,91.63,35.77,12.37
2014,121,29.27,11.74,2.74,1.65,91.61,44.43,14.91
2014,122,29.32,12.03,2.99,1.46,91.55,46.12,15.29
2014,123,28.96,12.27,0.72,2.74,91.55,50.44,15.3
2014,124,28.37,12.52,1.56,3.19,91.47,53.16,15.6
2014,125,28.26,12.46,0.03,3.38,91.52,53.48,15.68
2014,126,26.46,14.62,2.6,4.04,91.63,64.55,18.48
2014,127,24.18,14.65,7.17,4.42,91.57,72.63,18.52
2014,128,23.57,16.46,9.34,5.27,91.37,83.13,20.39
2014,129,25.29,15.36,2.33,4.87,91.38,72.09,19.25
2014,130,26.81,15.85,2.63,2.29,91.48,69.04,19.73
2014,131,27.13,14.99,0.66,2.3,91.67,64.19,18.82
2014,132,28.49,13.73,0.01,1.46,91.67,54.8,17.47
2014,133,28.26,13.66,0.03,1.25,91.64,56.22,17.25
2014,134,27.89,13.38,0.01,3.3,91.63,55.8,16.96
2014,135,27.87,11.89,0.01,3.08,91.53,50.46,15.1
2014,136,28.32,12.3,0.0,2.39,91.5,51.35,15.65
2014,137,27.37,14.28,5.67,2.28,91.6,60.14,18.04
2014,138,27.94,14.39,0.03,1.24,91.6,58.86,18.16
2014,139,28.99,13.98,0.78,1.14,91.58,54.14,17.68
2014,140,26.59,15.09,5.89,2.17,91.61,65.56,18.99
2014,141,25.7,12.55,0.36,2.64,91.56,59.42,16.05
2014,142,27.56,15.23,2.39,3.18,91.43,64.5,19.08
2014,143,26.99,16.0,1.6,3.1,91.4,68.4,19.89
2014,144,28.02,15.76,3.08,2.92,91.37,64.94,19.61
2014,145,26.67,15.46,2.24,2.94,91.45,67.32,19.35
2014,146,26.83,15.83,2.11,2.44,91.49,67.57,19.73
2014,147,27.27,16.37,11.29,1.57,91.51,68.54,20.26
2014,148,27.87,15.14,4.27,0.47,91.57,62.34,18.98
2014,149,27.09,15.65,5.57,1.56,91.61,66.61,19.56
2014,150,27.85,15.82,0.88,1.93,91.51,65.38,19.63
2014,151,28.07,15.6,4.59,2.69,91.37,64.31,19.44
2014,152,28.12,15.54,0.5,2.33,91.35,63.36,19.38
2014,153,25.78,16.27,24.18,2.0,91.4,73.01,20.18
2014,154,24.69,15.54,1.33,2.33,91.36,74.78,19.37
2014,155,26.75,14.79,0.0,2.08,91.26,65.6,18.55
2014,156,26.16,17.03,17.96,2.44,91.23,74.92,20.89
2014,157,25.96,17.27,3.42,2.46,91.24,76.8,21.13
2014,158,25.6,16.74,0.04,4.03,91.23,75.64,20.63
2014,159,25.78,15.77,0.51,4.25,91.15,71.77,19.66
2014,160,23.44,15.97,11.69,4.12,91.23,81.33,19.87
2014,161,25.21,15.78,0.11,4.84,91.31,74.2,19.7
2014,162,25.77,14.86,0.03,5.1,91.37,68.57,18.73
2014,163,25.47,14.3,0.0,4.89,91.37,67.61,18.11
2014,164,24.85,14.87,1.69,4.88,91.39,71.75,18.76
2014,165,25.58,14.72,0.02,4.61,91.47,68.89,18.59
2014,166,24.75,13.08,0.0,4.77,91.53,64.41,16.74
2014,167,25.86,13.9,0.01,4.43,91.45,64.7,17.65
2014,168,25.12,15.09,0.0,5.15,91.43,71.28,18.99
2014,169,24.95,15.19,0.1,5.48,91.32,72.52,19.09
2014,170,24.9,15.51,0.04,5.6,91.33,73.7,19.41
2014,171,25.76,15.18,0.03,5.51,91.41,69.66,19.08
2014,172,25.42,15.5,1.72,5.48,91.59,72.44,19.45
2014,173,24.5,14.38,0.28,5.32,91.7,71.75,18.16
2014,174,25.1,14.97,0.09,4.56,91.64,71.79,18.86
2014,175,25.37,15.17,0.0,4.69,91.44,70.92,19.07
2014,176,26.22,14.05,0.0,4.72,91.41,64.36,17.82
2014,177,26.63,14.13,0.0,3.45,91.53,63.01,17.92
2014,178,26.59,15.09,0.0,2.06,91.61,66.41,18.99
2014,179,25.08,15.65,7.15,2.12,91.63,73.38,19.61
2014,180,24.53,14.58,9.75,3.11,91.54,72.45,18.36
2014,181,25.1,15.87,10.02,2.96,91.48,75.37,19.77
2014,182,24.14,15.78,0.91,3.15,91.61,78.15,19.72
2014,183,24.81,14.59,0.0,4.18,91.63,70.77,18.45
2014,184,25.32,14.34,0.0,3.95,91.45,68.15,18.18
2014,185,25.05,14.63,0.1,4.27,91.36,69.94,18.48
2014,186,24.88,15.18,2.37,4.12,91.37,72.77,19.07
2014,187,24.0,14.26,1.18,3.99,91.49,72.08,18.09
2014,188,23.19,14.2,1.09,3.42,91.48,74.74,18.04
2014,189,23.35,13.87,0.23,4.55,91.43,72.57,17.68
2014,190,22.73,13.05,2.13,5.27,91.45,71.22,16.66
2014,191,23.34,14.49,7.28,5.66,91.52,76.11,18.35
2014,192,23.04,14.12,2.43,5.89,91.58,74.92,17.92
2014,193,23.34,14.91,1.58,6.12,91.44,77.73,18.82
2014,194,22.88,14.52,5.1,6.69,91.38,77.64,18.37
2014,195,23.5,14.65,0.19,6.49,91.35,75.98,18.51
2014,196,23.57,14.89,0.28,5.91,91.35,76.11,18.77
2014,197,24.04,14.98,0.35,5.7,91.41,75.25,18.89
2014,198,24.71,15.0,0.08,5.58,91.43,72.81,18.91
2014,199,24.25,15.0,0.91,5.3,91.45,74.53,18.9
2014,200,24.21,15.25,0.9,6.08,91.49,75.63,19.18
2014,201,24.28,15.29,0.34,6.09,91.51,75.42,19.23
2014,202,23.55,14.96,0.26,6.06,91.5,76.72,18.88
2014,203,23.61,14.41,2.13,6.7,91.52,74.66,18.28
2014,204,23.08,14.5,2.23,7.02,91.53,77.1,18.39
2014,205,23.5,14.63,0.18,6.23,91.59,75.9,18.54
2014,206,24.29,14.69,0.97,5.58,91.63,72.98,18.61
2014,207,23.81,15.82,13.65,4.62,91.71,80.01,19.8
2014,208,23.36,15.6,1.71,4.74,91.72,80.95,19.58
2014,209,24.04,14.92,0.1,5.48,91.54,75.2,18.84
2014,210,23.97,14.71,0.05,5.62,91.5,74.27,18.62
2014,211,23.38,14.86,0.3,5.99,91.49,77.03,18.78
2014,212,23.67,15.15,0.78,5.9,91.46,77.36,19.07
2014,213,24.01,15.7,1.25,5.26,91.44,78.49,19.64
2014,214,23.8,15.29,0.11,5.33,91.51,77.33,19.24
2014,215,24.07,15.56,0.37,5.52,91.48,77.38,19.5
2014,216,23.32,15.18,0.4,5.84,91.41,78.47,19.1
2014,217,23.38,14.6,0.26,5.84,91.43,75.8,18.49
2014,218,23.57,14.49,0.18,5.2,91.53,75.0,18.38
2014,219,23.16,14.94,0.14,4.35,91.55,78.57,18.87
2014,220,23.28,14.79,6.14,4.49,91.55,77.48,18.71
2014,221,22.83,14.94,1.64,3.97,91.63,80.08,18.88
2014,222,22.72,14.84,2.11,4.18,91.67,79.94,18.78
2014,223,22.72,14.9,2.09,3.56,91.58,80.32,18.82
2014,224,23.73,14.64,0.3,3.71,91.57,75.18,18.54
2014,225,22.78,14.33,2.54,3.7,91.65,77.38,18.22
2014,226,23.34,14.67,1.35,3.58,91.66,76.88,18.6
2014,227,22.3,14.4,1.8,3.38,91.71,79.62,18.3
2014,228,23.26,13.82,0.09,3.09,91.69,73.56,17.63
2014,229,23.5,15.07,8.34,2.83,91.61,78.08,18.99
2014,230,22.04,15.36,6.02,3.01,91.63,85.37,19.33
2014,231,23.34,15.3,3.27,0.98,91.66,79.78,19.26
2014,232,24.73,15.92,7.8,1.09,91.5,76.75,19.86
2014,233,25.14,15.8,2.76,1.81,91.29,74.09,19.71
2014,234,25.74,15.39,1.95,2.23,91.24,71.11,19.27
2014,235,25.18,15.79,1.49,3.63,91.34,74.68,19.7
2014,236,24.02,15.58,7.29,2.62,91.49,77.9,19.51
2014,237,22.39,15.28,1.59,2.89,91.64,83.32,19.25
2014,238,22.55,14.61,0.24,4.32,91.63,79.67,18.53
2014,239,22.18,14.91,1.46,4.14,91.5,82.47,18.83
2014,240,22.47,14.46,0.53,4.65,91.4,79.14,18.33
2014,241,22.63,14.68,0.4,5.04,91.29,79.44,18.55
2014,242,22.64,13.9,0.78,5.93,91.32,75.8,17.7
2014,243,22.52,13.38,0.44,6.33,91.26,73.92,17.07
2014,244,22.95,14.43,1.14,5.06,91.28,77.44,18.26
2014,245,22.64,14.56,0.57,4.17,91.47,78.94,18.45
2014,246,23.0,14.6,1.83,4.01,91.63,77.99,18.51
2014,247,23.26,14.65,0.74,3.58,91.68,77.36,18.58
2014,248,22.2,13.68,0.8,4.38,91.68,76.92,17.49
2014,249,22.03,14.14,2.41,4.19,91.57,80.04,17.99
2014,250,22.68,14.02,1.06,3.97,91.57,76.87,17.82
2014,251,23.46,14.05,0.07,4.01,91.64,74.4,17.9
2014,252,23.42,14.07,0.2,4.07,91.69,74.15,17.92
2014,253,24.16,14.07,1.41,3.68,91.64,71.79,17.9
2014,254,24.25,13.55,0.1,3.17,91.69,69.78,17.3
2014,255,24.56,13.8,0.69,3.02,91.73,69.13,17.6
2014,256,24.04,14.19,0.65,3.27,91.68,72.44,18.05
2014,257,23.3,15.16,5.96,2.84,91.6,79.41,19.09
2014,258,22.85,15.0,4.5,3.57,91.52,80.39,18.93
2014,259,23.16,14.16,6.91,3.86,91.45,75.79,17.95
2014,260,22.9,14.39,3.14,3.72,91.4,77.42,18.24
2014,261,23.2,14.06,0.04,3.45,91.5,74.52,17.87
2014,262,23.53,13.89,2.36,3.22,91.54,73.1,17.66
2014,263,23.15,14.98,0.16,3.41,91.5,78.88,18.9
2014,264,24.25,15.44,2.02,2.87,91.54,76.55,19.39
2014,265,22.89,15.92,22.44,2.11,91.65,84.19,19.91
2014,266,23.75,16.39,11.09,1.45,91.59,82.66,20.35
2014,267,24.18,16.61,10.26,1.14,91.57,81.93,20.57
2014,268,23.59,17.06,41.41,1.79,91.64,86.45,21.01
2014,269,23.76,16.79,6.95,1.96,91.74,84.58,20.77
2014,270,23.3,15.62,0.77,2.17,91.8,81.57,19.63
2014,271,22.68,15.44,10.16,2.13,91.83,83.43,19.45
2014,272,23.62,15.77,1.83,1.94,91.79,81.04,19.78
2014,273,23.83,16.03,2.8,1.98,91.77,81.13,20.04
2014,274,23.35,14.67,0.36,1.75,91.8,77.13,18.6
2014,275,23.47,13.94,0.0,1.42,91.79,73.64,17.77
2014,276,24.46,14.58,0.0,0.93,91.76,71.91,18.52
2014,277,24.13,14.79,1.07,1.25,91.8,73.98,18.75
2014,278,24.69,15.07,8.52,1.17,91.83,73.52,19.01
2014,279,24.28,15.72,2.9,1.4,91.8,77.28,19.72
2014,280,22.14,15.63,16.32,1.44,91.67,86.3,19.62
2014,281,21.98,15.59,23.75,1.29,91.64,86.9,19.57
2014,282,23.31,16.07,8.56,1.05,91.63,83.11,20.05
2014,283,23.61,16.36,6.78,1.0,91.53,82.94,20.31
2014,284,23.22,16.21,1.24,1.92,91.47,84.0,20.13
2014,285,21.48,14.64,0.62,2.29,91.43,83.85,18.49
2014,286,23.21,14.47,0.05,1.83,91.5,76.46,18.36
2014,287,23.4,14.7,0.01,1.4,91.66,76.47,18.6
2014,288,23.57,16.07,2.18,2.64,91.81,82.4,20.09
2014,289,22.58,14.25,0.53,2.38,91.85,78.6,18.17
2014,290,22.29,13.89,1.35,2.29,91.88,78.47,17.75
2014,291,21.57,14.43,3.24,2.52,91.81,83.67,18.37
2014,292,21.64,14.26,3.11,2.61,91.77,82.7,18.18
2014,293,20.5,12.19,2.28,2.91,91.85,77.01,15.63
2014,294,21.22,12.56,0.36,3.05,91.94,76.12,16.16
2014,295,21.92,13.92,4.8,2.74,91.97,80.42,17.79
2014,296,21.59,14.65,3.56,2.51,91.92,84.84,18.63
2014,297,22.21,14.88,1.5,1.92,91.79,82.93,18.85
2014,298,22.25,15.95,16.0,1.58,91.79,87.77,19.95
2014,299,21.04,14.9,7.34,1.89,91.97,88.07,18.9
2014,300,19.98,14.61,13.58,1.97,92.0,91.95,18.61
2014,301,21.83,14.92,8.44,1.39,91.87,84.71,18.9
2014,302,21.74,14.3,0.12,2.18,91.84,82.41,18.24
2014,303,21.51,13.48,0.0,2.22,91.78,79.21,17.28
2014,304,19.92,11.13,0.0,1.69,91.79,73.7,14.25
2014,305,20.17,13.83,0.46,2.22,91.82,86.38,17.69
2014,306,21.12,13.26,0.02,1.93,91.87,79.89,17.04
2014,307,20.53,12.43,0.0,1.81,91.88,77.65,16.02
2014,308,20.61,12.12,0.0,1.53,91.87,74.75,15.64
2014,309,19.6,10.2,0.0,1.72,91.95,67.93,12.99
2014,310,20.5,10.02,0.0,1.71,91.86,63.43,12.69
2014,311,21.87,11.36,0.0,1.47,91.8,65.47,14.58
2014,312,21.77,11.37,0.0,1.3,91.82,67.03,14.64
2014,313,21.98,12.01,0.0,1.45,91.85,69.5,15.5
2014,314,22.29,13.42,0.0,1.15,91.8,75.78,17.14
2014,315,23.13,14.3,0.34,2.15,91.76,76.97,18.2
2014,316,21.76,14.15,1.2,2.88,91.78,81.2,18.06
2014,317,20.35,14.63,8.89,3.69,91.76,89.84,18.57
2014,318,21.4,14.48,4.53,2.92,91.98,84.72,18.46
2014,319,22.24,14.31,0.29,2.66,91.93,80.64,18.27
2014,320,20.55,10.8,0.0,2.54,91.89,70.87,13.73
2014,321,20.16,10.89,0.0,2.79,91.91,72.69,13.9
2014,322,20.79,11.75,0.0,3.04,92.0,74.57,15.04
2014,323,21.54,11.92,0.0,2.81,92.0,72.85,15.34
2014,324,21.18,11.91,0.0,2.62,91.93,74.16,15.31
2014,325,20.51,11.18,0.0,1.9,91.91,72.45,14.23
2014,326,20.94,10.97,0.02,1.56,91.87,70.86,13.98
2014,327,20.64,10.6,0.02,2.46,91.85,69.41,13.45
2014,328,20.91,10.84,0.0,2.88,91.85,69.59,13.8
2014,329,20.24,10.7,0.0,3.08,91.84,70.84,13.65
2014,330,20.0,10.07,0.0,2.62,91.69,68.61,12.7
2014,331,20.36,9.55,0.0,2.11,91.7,65.01,11.79
2014,332,19.26,8.79,0.0,1.97,91.79,62.99,10.48
2014,333,19.78,8.94,0.0,2.23,91.83,62.57,10.8
2014,334,19.9,9.49,0.0,3.12,91.8,62.96,11.86
2014,335,20.61,11.18,0.0,3.17,91.81,70.9,14.36
2014,336,21.36,10.49,0.02,2.19,91.88,65.84,13.38
2014,337,20.15,8.63,0.0,1.97,91.91,61.13,10.26
2014,338,19.74,8.54,0.0,1.99,91.92,62.71,9.92
2014,339,19.6,9.06,0.0,1.89,91.95,65.66,10.92
2014,340,20.16,9.33,0.0,2.04,91.92,65.01,11.29
2014,341,22.37,11.22,0.0,1.95,91.86,67.27,14.27
2014,342,22.85,12.44,0.01,1.81,91.9,70.09,15.99
2014,343,23.07,13.59,0.7,1.81,91.97,74.31,17.4
2014,344,22.6,13.88,1.48,2.34,91.92,77.7,17.73
2014,345,22.05,12.68,0.48,1.99,91.9,73.74,16.3
2014,346,22.04,13.32,0.57,2.45,91.96,76.68,17.08
2014,347,20.3,12.87,1.43,2.23,92.01,80.81,16.56
2014,348,22.24,13.43,0.08,2.35,91.97,76.04,17.26
2014,349,22.91,12.24,0.01,2.23,91.94,68.38,15.78
2014,350,22.19,13.02,0.03,3.27,91.99,74.53,16.77
2014,351,21.87,12.64,0.01,3.78,91.99,73.79,16.3
2014,352,21.59,12.99,0.55,4.0,92.03,76.4,16.75
2014,353,21.81,12.93,0.11,3.86,92.11,75.6,16.7
2014,354,20.6,11.5,0.0,2.55,92.02,71.97,14.86
2014,355,21.03,10.33,0.0,2.16,91.84,66.37,13.07
2014,356,20.54,10.02,0.0,2.79,91.82,66.95,12.48
2014,357,21.16,10.77,0.0,2.03,91.88,68.37,13.74
2014,358,21.3,10.98,0.0,2.44,92.0,68.69,14.07
2014,359,20.01,8.43,0.0,2.35,92.02,60.02,9.75
2014,360,18.73,8.13,0.0,2.69,91.85,61.91,9.33
2014,361,19.35,8.42,0.0,2.56,91.83,62.98,9.73
2014,362,19.52,11.78,0.25,2.94,91.88,78.04,15.17
2014,363,21.55,12.52,0.11,2.69,91.71,74.84,16.13
2014,364,22.06,12.15,0.0,2.69,91.56,71.09,15.61
2014,365,23.28,11.98,0.14,1.36,91.48,66.15,15.31
2015,1,23.19,13.59,1.89,2.24,91.59,72.99,17.35
2015,2,23.07,13.09,0.11,2.24,91.8,71.35,16.8
2015,3,23.09,12.17,0.0,1.93,91.94,67.13,15.64
2015,4,23.22,11.71,0.0,1.76,91.94,65.4,15.0
2015,5,22.61,11.4,0.0,2.28,91.93,65.49,14.59
2015,6,21.86,10.19,0.0,2.08,91.96,62.57,12.83
2015,7,21.67,9.62,0.0,1.56,91.91,60.64,11.9
2015,8,21.84,9.95,0.0,1.43,91.93,61.63,12.46
2015,9,21.52,10.26,0.0,2.4,92.04,62.92,12.97
2015,10,19.71,5.74,0.0,2.26,92.06,45.38,3.24
2015,11,18.57,5.78,0.0,2.77,92.06,46.89,4.36
2015,12,18.62,6.69,0.0,2.4,92.01,54.28,6.32
2015,13,19.03,5.96,0.0,2.34,91.93,50.19,3.85
2015,14,19.24,6.11,0.0,1.99,91.89,51.43,4.03
2015,15,20.0,7.34,0.0,1.91,91.92,55.42,7.31
2015,16,21.51,9.25,0.0,1.87,91.97,59.55,11.21
2015,17,22.11,8.98,0.0,2.29,92.0,55.84,10.84
2015,18,21.83,8.99,0.0,2.0,92.03,56.94,11.01
2015,19,21.63,8.93,0.0,2.38,91.98,57.74,10.84
2015,20,21.93,9.34,0.0,2.33,92.11,58.34,11.57
2015,21,21.34,8.98,0.0,2.8,92.25,57.35,10.95
2015,22,20.6,7.76,0.0,2.08,92.22,54.73,8.56
2015,23,21.96,9.65,0.0,2.89,92.03,60.82,11.71
2015,24,22.73,10.43,0.0,2.87,92.04,61.39,13.17
2015,25,22.1,7.57,0.0,3.24,92.12,49.1,7.94
2015,26,20.44,7.59,0.0,3.26,92.05,54.68,8.15
2015,27,21.75,9.2,0.0,3.5,91.93,58.47,11.15
2015,28,22.74,8.98,0.0,2.48,91.82,54.9,10.57
2015,29,23.95,9.95,0.0,1.97,91.9,55.24,12.44
2015,30,23.63,9.71,0.0,3.18,92.06,54.64,12.06
2015,31,22.74,8.5,0.0,3.05,92.08,52.85,9.81
2015,32,22.24,8.05,0.0,2.6,92.05,52.86,8.58
2015,33,21.9,8.32,0.0,3.74,92.12,54.69,9.26
2015,34,21.25,7.76,0.0,3.84,92.3,53.05,8.37
2015,35,21.11,7.19,0.0,3.48,92.24,50.96,7.17
2015,36,21.78,6.64,0.0,3.12,92.07,46.28,5.97
2015,37,22.5,6.79,0.0,2.77,92.03,46.22,5.61
2015,38,22.46,7.51,0.0,2.54,92.0,49.06,7.73
2015,39,21.98,7.93,0.0,2.29,91.97,50.54,8.64
2015,40,22.45,7.86,0.0,3.5,91.97,49.96,8.46
2015,41,21.41,6.95,0.0,3.04,92.04,49.21,6.19
2015,42,22.67,7.57,0.0,2.01,91.95,49.97,7.07
2015,43,23.47,6.81,0.0,2.11,91.93,43.37,4.82
2015,44,23.18,6.25,0.0,1.85,91.93,41.55,3.86
2015,45,23.45,6.44,0.0,1.91,91.83,40.87,5.47
2015,46,23.87,7.21,0.0,2.22,91.85,44.0,7.15
2015,47,23.37,7.47,0.0,2.24,91.96,46.41,7.44
2015,48,23.41,6.87,0.0,2.37,91.9,44.14,5.74
2015,49,23.38,6.44,0.0,1.77,91.85,41.49,5.31
2015,50,23.64,7.19,0.0,2.38,91.83,43.19,7.28
2015,51,22.97,7.35,0.0,3.57,91.91,45.45,7.62
2015,52,22.97,7.12,0.0,3.92,91.93,44.03,7.19
2015,53,23.04,7.39,0.0,3.71,91.99,44.81,7.88
2015,54,22.83,5.5,0.0,3.52,92.0,35.29,3.36
2015,55,22.68,4.02,0.0,2.75,91.88,29.47,-2.74
2015,56,23.29,5.42,0.0,1.62,91.74,36.32,2.58
2015,57,25.63,9.52,0.0,1.75,91.64,49.39,11.5
2015,58,26.72,9.04,0.0,1.43,91.67,42.27,10.68
2015,59,24.86,13.15,1.4,2.73,91.72,63.57,16.85
2015,60,26.01,12.89,1.28,2.65,91.71,59.68,16.49
2015,61,26.86,12.0,1.71,1.55,91.86,53.3,15.38
2015,62,23.9,13.59,10.92,1.66,91.87,68.71,17.42
2015,63,24.27,13.61,4.93,1.43,91.84,69.04,17.4
2015,64,25.43,11.11,0.0,2.25,91.87,54.82,14.2
2015,65,25.18,12.81,1.01,2.32,92.0,62.24,16.47
2015,66,24.81,12.98,0.79,1.9,91.96,64.16,16.68
2015,67,25.23,11.76,0.03,2.8,92.0,57.42,15.13
2015,68,25.17,10.78,0.01,3.06,92.08,54.37,13.75
2015,69,24.54,8.96,0.0,3.67,92.07,49.32,10.36
2015,70,23.63,7.86,0.0,3.68,92.02,47.09,8.67
2015,71,24.63,10.02,0.0,3.82,92.03,54.2,12.62
2015,72,25.03,9.47,0.0,3.84,91.98,50.94,11.46
2015,73,25.01,8.79,0.0,3.79,92.03,48.94,10.04
2015,74,26.13,11.07,0.02,3.65,92.03,53.4,14.04
2015,75,25.04,9.03,0.5,2.61,92.07,46.35,10.68
2015,76,25.58,7.28,0.0,2.38,91.94,39.58,7.23
2015,77,26.07,6.22,0.0,1.99,91.79,33.18,4.89
2015,78,26.65,6.42,0.0,2.98,91.83,31.94,5.54
2015,79,25.93,7.38,0.0,3.34,91.95,41.39,7.01
2015,80,26.0,6.82,0.0,3.3,92.03,37.85,6.16
2015,81,27.02,6.88,0.0,2.68,91.95,34.55,6.59
2015,82,28.02,8.34,0.0,2.13,91.8,36.51,9.83
2015,83,28.43,8.57,0.0,3.07,91.73,36.36,10.16
2015,84,27.44,9.44,0.0,3.38,91.81,43.33,11.41
2015,85,26.93,9.62,0.0,3.69,91.95,45.4,11.61
2015,86,26.31,7.77,0.0,3.35,91.99,39.24,8.28
2015,87,25.97,6.98,0.0,2.64,91.86,40.03,5.67
2015,88,27.25,9.79,0.0,2.78,91.74,46.94,11.65
2015,89,27.44,9.81,0.0,3.2,91.72,45.73,11.77
2015,90,27.65,11.93,0.11,2.24,91.78,51.41,15.21
2015,91,28.09,11.57,0.65,2.24,91.76,48.18,14.77
2015,92,29.5,11.36,0.01,1.65,91.67,44.9,14.29
2015,93,29.98,11.18,0.83,2.17,91.53,41.17,14.04
2015,94,29.95,10.58,0.0,1.64,91.37,39.84,13.21
2015,95,30.27,11.67,0.0,2.03,91.44,41.64,14.81
2015,96,30.11,11.79,0.0,2.42,91.48,42.37,15.08
2015,97,29.25,11.89,0.0,2.44,91.56,43.84,15.22
2015,98,28.98,11.34,0.0,3.28,91.66,45.47,14.38
2015,99,29.21,10.07,0.0,2.78,91.72,41.2,12.3
2015,100,28.74,12.53,0.47,2.36,91.79,50.57,15.95
2015,101,26.23,12.87,2.39,1.64,91.89,56.16,16.56
2015,102,26.01,13.12,7.11,1.75,91.97,58.95,16.83
2015,103,22.38,14.25,12.96,3.06,91.96,78.1,18.19
2015,104,24.13,13.74,5.35,1.92,91.79,70.3,17.54
2015,105,22.17,14.47,9.87,2.92,91.84,80.16,18.43
2015,106,24.71,13.71,2.53,1.72,91.95,68.75,17.51
2015,107,25.31,13.59,5.09,1.45,91.83,66.03,17.33
2015,108,26.27,13.16,0.82,1.82,91.64,60.87,16.81
2015,109,27.3,12.82,0.0,2.63,91.64,56.4,16.35
2015,110,27.13,12.44,0.0,2.71,91.73,56.38,15.87
2015,111,27.12,13.21,0.06,3.07,91.75,58.83,16.85
2015,112,27.14,13.6,0.03,2.42,91.73,59.78,17.34
2015,113,25.41,14.86,7.1,1.57,91.77,68.54,18.8
2015,114,24.8,14.99,13.95,1.31,91.81,73.23,18.94
2015,115,24.62,15.41,11.3,1.91,91.73,75.06,19.36
2015,116,25.22,14.1,1.41,1.5,91.75,67.55,17.95
2015,117,26.17,13.03,0.37,2.17,91.81,61.08,16.64
2015,118,27.24,12.93,0.0,1.85,91.77,57.73,16.49
2015,119,27.86,13.04,0.87,1.52,91.7,54.56,16.66
2015,120,27.36,14.42,3.54,1.87,91.79,61.55,18.29
2015,121,27.76,13.78,0.89,2.37,91.69,59.26,17.46
2015,122,26.8,14.76,2.63,1.98,91.68,64.3,18.63
2015,123,26.88,14.62,1.01,1.5,91.68,63.84,18.44
2015,124,27.43,13.63,0.01,1.81,91.68,57.68,17.38
2015,125,26.45,13.76,0.0,1.38,91.66,61.22,17.48
2015,126,26.2,14.27,1.75,1.73,91.59,64.09,18.09
2015,127,25.8,15.4,2.92,1.37,91.69,70.13,19.33
2015,128,26.85,14.23,0.1,1.53,91.61,61.67,18.05
2015,129,26.64,14.39,0.22,0.88,91.49,62.73,18.15
2015,130,26.35,14.92,0.37,1.39,91.55,65.76,18.76
2015,131,26.6,12.47,0.57,1.55,91.69,55.69,15.78
2015,132,26.3,11.68,0.48,2.15,91.63,54.58,14.74
2015,133,25.38,13.56,3.45,2.64,91.59,64.62,17.25
2015,134,26.4,12.63,0.53,2.91,91.55,57.43,16.17
2015,135,24.91,15.3,3.06,2.89,91.6,72.35,19.24
2015,136,24.61,16.38,14.33,2.54,91.51,78.85,20.31
2015,137,25.8,15.63,10.1,1.78,91.41,71.72,19.51
2015,138,25.38,16.17,0.53,2.49,91.52,74.94,20.11
2015,139,26.94,15.95,13.52,2.39,91.55,69.53,19.84
2015,140,27.16,15.56,2.64,3.02,91.58,67.45,19.44
2015,141,26.63,14.96,0.0,4.41,91.62,66.31,18.83
2015,142,24.28,15.94,0.0,4.28,91.69,77.62,19.93
2015,143,23.9,15.08,0.0,4.33,91.7,75.44,19.03
2015,144,25.72,14.81,0.73,3.84,91.67,68.54,18.73
2015,145,25.82,15.38,0.09,3.66,91.68,70.31,19.3
2015,146,27.09,14.13,0.61,3.57,91.6,63.06,17.82
2015,147,25.71,16.65,13.36,3.38,91.57,75.79,20.57
2015,148,23.42,14.81,4.77,2.82,91.55,75.84,18.64
2015,149,25.47,15.87,3.89,2.73,91.49,73.82,19.81
2015,150,25.87,15.79,1.68,2.21,91.56,71.88,19.72
2015,151,26.48,15.63,3.91,2.02,91.44,68.95,19.54
2015,152,25.97,15.65,5.92,2.18,91.43,70.63,19.53
2015,153,24.36,16.38,13.68,2.48,91.53,79.63,20.33
2015,154,25.34,15.48,0.98,2.14,91.43,72.73,19.37
2015,155,25.21,15.97,6.25,1.54,91.45,75.17,19.89
2015,156,25.16,15.71,1.9,1.53,91.55,74.41,19.64
2015,157,24.94,15.58,0.08,1.84,91.53,73.75,19.5
2015,158,25.84,14.99,0.13,3.52,91.47,68.82,18.88
2015,159,24.84,14.48,0.43,3.22,91.54,70.33,18.36
2015,160,23.91,16.02,17.73,2.61,91.61,80.27,19.97
2015,161,24.66,15.32,1.21,3.09,91.55,74.19,19.23
2015,162,25.41,15.61,5.75,3.09,91.49,73.07,19.51
2015,163,23.61,15.6,0.43,3.73,91.53,79.17,19.54
2015,164,24.23,15.17,5.41,3.55,91.49,75.32,19.1
2015,165,23.01,14.26,1.99,4.3,91.47,76.03,18.1
2015,166,22.91,13.11,0.21,5.35,91.47,71.59,16.77
2015,167,22.68,13.3,0.71,5.08,91.42,72.87,16.98
2015,168,22.97,13.88,1.34,5.1,91.33,74.54,17.62
2015,169,22.23,13.51,1.34,5.31,91.34,75.13,17.24
2015,170,22.98,15.11,0.9,5.25,91.35,79.89,19.01
2015,171,24.01,14.33,1.13,6.85,91.29,72.81,18.09
2015,172,23.76,14.69,1.69,7.35,91.3,74.66,18.55
2015,173,23.93,15.29,0.37,6.9,91.4,76.4,19.21
2015,174,23.99,16.06,3.33,6.02,91.46,79.9,20.01
2015,175,24.21,15.84,0.56,5.76,91.58,78.24,19.81
2015,176,24.8,15.72,0.28,6.42,91.56,75.41,19.68
2015,177,24.34,15.2,0.18,7.12,91.5,74.9,19.13
2015,178,24.77,14.91,0.0,6.81,91.5,72.07,18.81
2015,179,24.3,15.65,0.97,4.61,91.66,77.03,19.63
2015,180,25.04,15.45,0.75,4.04,91.74,74.01,19.42
2015,181,25.0,14.72,0.04,4.15,91.72,71.29,18.58
2015,182,25.27,14.34,0.0,3.99,91.74,68.96,18.22
2015,183,25.16,14.63,0.12,3.75,91.79,69.97,18.56
2015,184,25.11,15.18,0.65,4.07,91.77,72.26,19.15
2015,185,25.97,15.03,0.02,4.76,91.7,68.53,18.98
2015,186,26.02,14.45,0.0,4.85,91.58,66.68,18.29
2015,187,25.48,13.88,0.05,5.25,91.52,66.02,17.65
2015,188,25.1,13.44,0.2,5.31,91.46,65.63,17.12
2015,189,25.37,14.4,0.34,5.28,91.51,68.14,18.27
2015,190,25.24,15.05,1.12,5.3,91.58,71.03,18.98
2015,191,24.5,15.56,4.52,5.24,91.46,75.38,19.51
2015,192,24.41,15.11,0.69,4.98,91.46,74.2,19.03
2015,193,25.67,14.32,0.27,4.71,91.48,67.14,18.15
2015,194,26.15,14.28,0.03,3.92,91.45,65.38,18.08
2015,195,25.88,14.94,1.26,3.63,91.36,68.39,18.79
2015,196,24.51,15.87,4.83,4.26,91.24,76.7,19.76
2015,197,24.63,14.95,1.85,4.9,91.21,72.97,18.79
2015,198,24.32,15.11,1.16,5.54,91.27,74.71,18.99
2015,199,24.82,14.89,0.89,5.72,91.39,71.82,18.75
2015,200,23.8,14.64,2.16,6.7,91.43,74.36,18.5
2015,201,24.09,14.71,4.3,5.34,91.35,74.07,18.57
2015,202,24.06,15.55,2.37,4.28,91.37,77.76,19.47
2015,203,24.3,15.28,1.19,4.33,91.45,75.64,19.2
2015,204,24.51,14.64,1.21,4.83,91.53,72.17,18.53
2015,205,24.35,13.94,1.31,4.46,91.66,70.2,17.78
2015,206,23.38,13.94,2.56,4.4,91.64,73.04,17.8
2015,207,22.95,13.88,0.5,4.11,91.67,74.75,17.73
2015,208,24.12,13.39,0.37,3.91,91.73,68.88,17.16
2015,209,25.05,12.58,0.04,4.2,91.76,63.14,16.08
2015,210,25.19,13.44,0.01,4.15,91.69,65.65,17.18
2015,211,25.27,13.15,0.0,4.27,91.69,64.31,16.83
2015,212,24.57,14.1,0.04,4.18,91.67,69.52,17.97
2015,213,23.63,14.24,1.74,3.93,91.76,73.74,18.15
2015,214,23.89,14.12,0.08,4.02,91.76,72.02,18.01
2015,215,24.08,14.93,6.71,4.0,91.68,75.22,18.88
2015,216,24.49,14.8,3.29,4.79,91.62,73.54,18.72
2015,217,23.76,14.45,1.2,4.92,91.61,74.36,18.32
2015,218,24.62,13.96,0.12,5.13,91.52,69.36,17.75
2015,219,25.25,14.64,1.86,4.81,91.48,69.88,18.52
2015,220,24.53,14.42,1.07,4.73,91.51,71.03,18.28
2015,221,24.68,14.83,0.33,4.88,91.3,72.02,18.71
2015,222,24.48,15.55,1.87,4.32,91.25,75.89,19.44
2015,223,24.32,15.13,3.67,4.14,91.45,75.01,19.02
2015,224,23.95,14.18,0.31,4.39,91.56,72.16,18.0
2015,225,24.23,14.74,1.09,4.27,91.52,73.73,18.63
2015,226,25.5,14.12,0.02,4.28,91.52,67.22,17.92
2015,227,25.59,15.08,4.35,3.59,91.59,70.15,19.0
2015,228,24.41,15.56,6.07,3.21,91.66,76.59,19.52
2015,229,23.76,15.97,1.95,1.58,91.57,80.3,19.94
2015,230,25.84,15.31,0.15,1.95,91.6,70.19,19.24
2015,231,25.5,15.32,0.18,2.63,91.68,71.01,19.26
2015,232,25.11,15.98,7.77,1.79,91.75,75.27,19.96
2015,233,23.73,15.78,21.46,2.78,91.75,80.26,19.76
2015,234,23.66,14.92,8.81,3.1,91.68,76.78,18.84
2015,235,23.47,13.85,1.01,3.85,91.68,73.06,17.68
2015,236,23.49,13.56,0.02,3.76,91.72,71.44,17.37
2015,237,23.94,14.12,0.0,3.36,91.63,71.93,17.97
2015,238,24.88,14.42,0.53,3.85,91.52,70.4,18.27
2015,239,24.26,15.24,5.13,4.19,91.5,75.63,19.18
2015,240,24.69,14.29,0.03,3.8,91.59,70.48,18.15
2015,241,25.5,14.25,0.0,3.65,91.57,67.74,18.07
2015,242,25.35,14.52,0.13,3.13,91.61,68.75,18.39
2015,243,25.54,14.29,0.05,3.11,91.67,67.49,18.16
2015,244,24.79,13.78,0.03,2.77,91.62,67.57,17.57
2015,245,25.92,13.11,0.01,2.39,91.54,62.41,16.67
2015,246,24.89,15.13,3.5,1.33,91.62,72.42,19.05
2015,247,24.98,15.49,9.44,1.4,91.8,73.91,19.46
2015,248,25.33,14.66,1.65,1.86,91.86,69.7,18.59
2015,249,23.61,15.48,6.82,1.4,91.86,78.59,19.49
2015,250,22.26,15.42,18.1,2.38,91.84,84.79,19.43
2015,251,23.37,13.86,0.88,3.2,91.8,73.52,17.71
2015,252,23.37,14.6,0.0,3.2,91.74,76.31,18.54
2015,253,23.85,14.16,1.07,3.09,91.74,73.05,18.02
2015,254,23.45,14.61,0.52,3.66,91.7,76.15,18.53
2015,255,24.49,13.62,0.11,3.23,91.72,69.29,17.36
2015,256,24.39,13.7,2.13,3.44,91.74,70.53,17.46
2015,257,23.99,14.43,0.97,4.46,91.67,73.74,18.33
2015,258,24.23,14.41,0.0,4.88,91.55,72.44,18.27
2015,259,23.65,13.43,0.01,5.4,91.42,70.05,17.14
2015,260,23.91,14.23,0.0,4.25,91.31,71.97,18.04
2015,261,25.4,15.25,0.27,3.68,91.38,71.74,19.15
2015,262,25.74,15.26,0.59,2.89,91.44,70.37,19.17
2015,263,24.14,15.41,10.82,2.98,91.47,76.91,19.33
2015,264,24.34,13.74,1.65,2.0,91.53,69.97,17.46
2015,265,25.57,14.61,0.34,1.28,91.57,68.97,18.47
2015,266,23.75,15.4,0.67,1.43,91.73,77.66,19.38
2015,267,23.99,15.95,9.89,1.46,91.69,79.33,19.94
2015,268,25.37,16.0,4.77,1.43,91.56,75.0,19.94
2015,269,23.99,16.45,8.75,1.7,91.58,81.56,20.41
2015,270,24.33,15.41,8.99,1.36,91.59,76.44,19.36
2015,271,24.27,15.09,2.57,1.41,91.53,75.6,19.01
2015,272,23.27,15.68,2.48,2.28,91.52,81.83,19.63
2015,273,23.76,15.32,2.23,2.2,91.63,78.6,19.28
2015,274,23.61,14.97,0.51,1.73,91.76,77.35,18.94
2015,275,23.9,15.59,10.04,1.63,91.89,79.03,19.59
2015,276,23.6,15.59,6.55,2.35,91.95,80.07,19.6
2015,277,23.41,16.25,15.68,1.73,91.89,83.93,20.26
2015,278,23.27,16.04,8.45,1.54,91.76,83.61,20.05
2015,279,23.13,15.05,4.4,1.31,91.69,79.36,18.99
2015,280,23.37,15.81,7.11,1.61,91.67,82.13,19.79
2015,281,23.44,14.76,2.34,2.76,91.75,77.61,18.7
2015,282,23.04,15.47,4.53,1.94,91.76,82.19,19.45
2015,283,23.79,16.3,24.91,2.26,91.78,82.63,20.29
2015,284,22.71,15.97,5.64,1.03,91.86,85.67,19.99
2015,285,23.44,16.15,3.4,1.55,91.91,83.28,20.18
2015,286,23.02,13.51,0.0,1.85,91.92,73.41,17.29
2015,287,22.06,11.12,0.0,1.9,91.96,66.03,14.27
2015,288,22.33,11.89,0.0,1.71,91.91,67.83,15.31
2015,289,22.93,13.05,0.0,1.85,91.91,72.52,16.78
2015,290,23.1,13.54,0.0,1.98,91.93,74.2,17.34
2015,291,23.8,13.79,0.0,1.91,92.01,72.38,17.65
2015,292,23.42,12.5,0.0,2.03,91.97,68.78,16.05
2015,293,23.74,13.7,0.08,2.17,91.81,71.8,17.55
2015,294,23.26,13.08,0.03,2.07,91.76,70.84,16.81
2015,295,22.69,11.59,0.0,2.22,91.86,66.62,14.82
2015,296,22.2,9.56,0.0,2.14,91.85,57.85,11.87
2015,297,22.11,9.28,0.0,2.64,91.8,58.18,11.21
2015,298,21.49,11.02,0.0,3.02,91.9,68.02,14.13
2015,299,21.94,12.25,0.0,2.92,91.98,72.21,15.82
2015,300,22.63,11.52,0.0,2.33,91.92,66.69,14.76
2015,301,22.78,14.18,4.25,2.02,91.89,78.2,18.03
2015,302,23.73,12.76,0.04,1.94,91.84,68.67,16.3
2015,303,23.78,13.12,0.01,2.18,91.74,69.1,16.77
2015,304,24.46,14.81,0.01,2.26,91.73,73.7,18.74
2015,305,23.96,14.79,6.15,2.44,91.81,75.64,18.74
2015,306,22.09,15.63,36.43,1.93,91.94,87.03,19.66
2015,307,22.63,16.03,8.97,1.03,91.92,86.53,20.06
2015,308,22.62,15.81,7.11,1.8,91.87,85.57,19.83
2015,309,22.42,14.75,1.82,2.23,91.86,81.66,18.73
2015,310,22.21,14.15,0.0,2.41,91.79,79.59,18.05
2015,311,22.19,13.69,0.01,2.78,91.84,77.49,17.52
2015,312,22.04,15.19,3.19,3.26,91.86,85.08,19.17
2015,313,20.63,14.86,36.9,4.08,91.67,89.68,18.81
2015,314,19.36,14.39,27.23,4.33,91.35,92.94,18.19
2015,315,21.13,15.37,8.64,2.91,91.67,90.02,19.34
2015,316,22.16,15.71,4.96,1.97,91.9,87.15,19.71
2015,317,20.26,13.09,1.91,2.54,91.95,82.29,16.8
2015,318,18.93,12.02,0.05,2.31,91.79,81.4,15.41
2015,319,19.35,13.4,7.37,2.92,91.69,88.0,17.19
2015,320,19.83,14.83,18.96,3.11,91.58,93.55,18.75
2015,321,20.43,14.64,7.94,3.18,91.55,89.37,18.51
2015,322,21.9,16.25,8.84,2.6,91.57,90.58,20.2
2015,323,21.86,16.04,5.37,2.77,91.76,89.98,20.04
2015,324,21.67,15.66,6.91,2.52,91.8,89.04,19.66
2015,325,21.06,14.68,0.82,2.8,91.83,87.11,18.65
2015,326,21.07,15.42,7.67,2.91,91.83,90.69,19.42
2015,327,21.62,15.55,13.01,2.21,91.89,88.79,19.58
2015,328,21.62,15.07,0.87,2.33,91.89,86.57,19.08
2015,329,19.26,11.6,0.0,2.1,91.91,78.81,14.94
2015,330,19.59,12.38,0.0,1.54,91.91,81.21,15.89
2015,331,20.99,13.95,0.0,1.54,91.79,83.76,17.83
2015,332,19.5,11.79,0.0,1.42,91.94,79.41,15.17
2015,333,20.42,14.24,2.64,2.51,92.05,87.93,18.17
2015,334,21.19,14.87,2.73,2.43,92.06,87.77,18.9
2015,335,21.27,14.68,4.65,3.0,91.93,86.26,18.67
2015,336,20.92,14.87,3.22,2.46,91.89,88.63,18.84
2015,337,21.16,14.54,0.11,2.66,91.92,85.89,18.5
2015,338,20.7,13.38,0.01,3.12,91.9,82.41,17.21
2015,339,20.41,13.72,0.68,3.55,91.91,85.08,17.57
2015,340,20.79,14.51,0.24,3.72,91.9,87.31,18.46
2015,341,21.34,14.5,0.04,3.2,91.95,84.78,18.46
2015,342,19.44,11.94,0.59,2.8,92.01,79.86,15.42
2015,343,20.6,14.1,0.71,2.77,92.0,85.93,17.93
2015,344,22.01,15.34,0.11,2.31,92.0,86.25,19.37
2015,345,22.36,15.18,0.0,1.64,91.88,83.86,19.18
2015,346,22.54,14.17,0.0,1.38,91.81,78.01,18.05
2015,347,22.08,13.6,0.0,1.03,91.86,77.64,17.41
2015,348,21.94,13.23,0.0,1.3,91.9,76.67,17.01
2015,349,21.5,12.69,0.01,1.4,91.9,75.99,16.34
2015,350,20.85,11.84,0.0,1.55,91.94,74.92,15.22
2015,351,19.94,11.8,0.0,2.08,91.95,77.69,15.2
2015,352,21.23,13.4,0.0,1.73,92.01,80.3,17.21
2015,353,21.77,13.47,0.0,1.73,92.14,78.49,17.31
2015,354,20.9,12.5,0.0,2.13,92.13,77.54,16.16
2015,355,20.71,11.43,0.0,1.39,92.13,72.79,14.74
2015,356,20.04,10.65,0.0,2.01,92.17,71.94,13.64
2015,357,20.5,11.18,0.0,2.07,92.18,73.01,14.31
2015,358,20.36,10.82,0.0,2.04,92.11,71.98,13.8
2015,359,20.4,11.5,0.0,2.6,92.1,74.83,14.82
2015,360,19.68,10.97,0.0,2.72,92.16,73.82,14.03
2015,361,20.34,11.67,0.0,3.1,92.22,75.71,15.09
2015,362,19.33,9.92,0.0,2.86,92.33,70.89,12.52
2015,363,18.83,8.84,0.0,2.72,92.24,67.47,10.58
2015,364,19.11,8.47,0.0,2.71,92.12,63.57,9.79
2015,365,18.93,9.75,0.0,3.15,92.2,71.92,12.21
2016,1,18.64,9.84,0.0,3.1,92.32,73.06,12.4
2016,2,18.66,8.53,0.0,2.45,92.36,66.01,10.06
2016,3,18.55,8.6,0.0,2.36,92.24,66.4,10.22
2016,4,18.79,8.62,0.0,2.59,92.21,65.92,10.17
2016,5,18.47,8.72,0.0,2.08,92.16,66.78,10.36
2016,6,19.44,8.88,0.0,1.68,92.13,65.47,10.51
2016,7,19.53,9.25,0.0,2.13,92.18,67.13,11.29
2016,8,19.18,8.96,0.0,2.05,92.22,65.19,10.95
2016,9,19.34,8.69,0.0,2.18,92.04,64.18,10.38
2016,10,19.11,8.33,0.0,1.85,92.11,62.88,9.74
2016,11,19.1,8.58,0.0,2.13,92.14,63.45,10.3
2016,12,19.43,8.98,0.0,1.91,91.99,65.35,10.96
2016,13,19.15,9.4,0.0,1.6,91.95,68.22,11.72
2016,14,19.41,8.87,0.0,1.87,91.95,65.25,10.65
2016,15,20.11,10.35,0.0,2.05,91.89,69.49,13.15
2016,16,21.11,10.61,0.0,1.42,91.83,66.97,13.57
2016,17,20.78,11.13,0.0,2.07,91.82,70.35,14.3
2016,18,21.33,11.34,0.0,1.87,91.78,69.44,14.57
2016,19,22.57,12.76,0.2,2.02,91.78,71.07,16.41
2016,20,22.54,13.66,1.66,1.77,91.88,75.56,17.5
2016,21,22.83,13.76,0.72,1.67,91.96,75.45,17.63
2016,22,21.66,12.39,0.05,2.77,92.04,73.08,15.97
2016,23,22.49,13.08,0.0,3.06,92.08,73.83,16.87
2016,24,23.28,13.12,0.0,2.42,92.12,70.39,16.92
2016,25,23.72,13.01,0.0,2.05,92.02,68.87,16.73
2016,26,23.64,13.03,0.0,1.81,91.96,69.08,16.76
2016,27,23.23,11.51,0.0,2.04,91.97,64.6,14.72
2016,28,22.66,10.3,0.0,1.8,92.0,62.43,12.8
2016,29,22.09,9.68,0.0,2.35,92.07,61.31,11.98
2016,30,21.57,9.25,0.0,2.34,92.08,61.01,11.23
2016,31,21.36,8.11,0.0,2.67,92.04,55.89,8.96
2016,32,21.17,6.79,0.0,2.46,92.03,48.78,6.3
2016,33,21.61,7.15,0.0,2.37,92.07,51.07,6.84
2016,34,21.74,7.75,0.0,2.31,91.98,50.12,8.69
2016,35,21.87,8.23,0.0,2.82,91.98,54.49,9.33
2016,36,21.67,8.93,0.0,2.12,91.95,58.02,10.63
2016,37,22.63,10.13,0.0,2.39,91.84,60.89,12.73
2016,38,24.23,12.04,0.0,1.61,91.95,63.35,15.51
2016,39,24.94,11.76,0.0,2.17,91.91,59.49,15.15
2016,40,24.35,10.16,0.0,2.06,91.9,55.08,12.69
2016,41,24.12,9.93,0.0,1.66,91.87,54.64,12.46
2016,42,25.06,10.99,0.0,1.8,91.82,55.03,14.06
2016,43,25.33,10.25,0.0,2.5,91.81,50.29,13.01
2016,44,24.79,10.0,0.0,2.08,91.84,52.15,12.55
2016,45,24.24,9.47,0.0,3.39,91.87,52.25,11.4
2016,46,23.4,9.1,0.0,3.17,91.96,54.95,10.56
2016,47,24.4,9.67,0.0,3.44,92.0,54.41,11.61
2016,48,23.77,9.41,0.0,3.86,92.02,54.95,10.94
2016,49,24.24,10.45,0.0,4.17,92.02,55.44,13.19
2016,50,24.3,8.59,0.0,3.11,92.11,48.32,10.08
2016,51,26.09,10.06,0.0,2.09,92.06,52.73,12.27
2016,52,26.94,10.42,0.0,1.79,91.98,50.4,12.64
2016,53,26.83,9.39,0.0,2.39,92.04,47.4,10.81
2016,54,26.13,7.9,0.0,2.25,91.94,44.39,7.49
2016,55,26.02,9.09,0.0,2.01,91.86,46.93,10.71
2016,56,26.99,9.55,0.0,2.5,91.9,44.89,11.75
2016,57,26.42,11.37,0.0,3.69,92.03,54.53,14.09
2016,58,24.43,9.83,0.0,3.54,92.14,53.73,11.84
2016,59,25.71,11.07,0.0,3.46,92.23,55.52,13.9
2016,60,25.52,10.53,0.0,3.58,92.19,53.64,13.07
2016,61,25.35,10.78,0.0,3.26,92.03,54.72,13.56
2016,62,23.98,10.44,0.0,3.12,92.07,55.39,13.01
2016,63,25.53,9.61,0.0,3.54,92.1,49.89,11.76
2016,64,25.53,8.01,0.0,2.72,91.98,42.16,8.63
2016,65,25.79,8.81,0.0,2.8,91.88,44.76,10.38
2016,66,26.02,8.87,0.0,2.73,91.82,46.12,9.84
2016,67,26.32,8.85,0.0,2.72,91.79,46.35,9.8
2016,68,26.67,8.82,0.0,2.08,91.74,45.6,9.77
2016,69,25.98,9.09,0.0,2.24,91.84,45.07,10.35
2016,70,25.81,9.91,0.0,1.98,91.89,48.91,12.02
2016,71,27.53,8.33,0.0,1.96,91.88,41.14,8.67
2016,72,27.96,10.14,0.0,2.47,91.83,45.73,12.46
2016,73,28.49,11.33,0.49,1.63,91.84,44.14,14.53
2016,74,28.93,11.78,1.05,1.94,91.85,44.95,15.19
2016,75,26.82,13.84,18.3,2.27,91.86,58.65,17.54
2016,76,27.19,13.43,0.52,1.34,91.79,58.88,17.12
2016,77,26.98,13.88,2.73,1.78,91.85,60.24,17.71
2016,78,27.75,12.07,0.0,1.96,91.81,51.19,15.47
2016,79,27.71,11.05,0.0,1.55,91.8,47.4,14.14
2016,80,28.24,10.29,0.0,2.0,91.81,42.22,13.03
2016,81,29.03,9.51,0.0,1.8,91.75,37.9,11.84
2016,82,29.19,9.33,0.0,1.59,91.62,36.41,11.51
2016,83,29.97,10.57,0.0,1.79,91.67,39.63,13.39
2016,84,30.06,9.97,0.0,2.92,91.87,37.99,12.4
2016,85,28.36,7.89,0.0,2.49,91.99,34.58,8.51
2016,86,27.49,8.14,0.0,2.77,91.97,40.26,8.54
2016,87,27.06,7.45,0.0,2.19,91.92,38.5,7.03
2016,88,27.77,9.72,0.0,2.26,91.93,45.37,11.63
2016,89,28.33,11.17,0.0,2.62,91.96,49.31,13.72
2016,90,28.69,10.26,0.0,2.7,91.95,45.49,12.06
2016,91,28.24,10.53,0.0,1.88,91.86,45.6,13.12
2016,92,29.12,9.62,0.0,2.61,91.7,38.8,11.87
2016,93,29.78,9.26,0.0,3.01,91.76,36.73,11.2
2016,94,29.85,9.02,0.0,2.56,91.87,34.73,10.97
2016,95,29.57,8.1,0.0,3.12,91.76,32.5,9.1
2016,96,28.94,7.6,0.0,2.14,91.68,32.56,7.89
2016,97,29.81,10.38,0.0,1.97,91.72,40.81,12.89
2016,98,30.98,11.95,0.05,2.48,91.66,43.32,15.09
2016,99,30.21,12.85,0.64,2.62,91.67,46.89,16.33
2016,100,28.72,13.33,0.01,2.62,91.79,51.01,17.05
2016,101,29.97,11.85,0.0,1.83,91.83,43.85,15.18
2016,102,31.3,11.09,0.0,2.17,91.73,38.34,14.16
2016,103,31.79,10.29,0.0,2.34,91.58,35.93,12.56
2016,104,31.98,11.91,0.0,2.16,91.47,39.39,15.12
2016,105,32.86,11.92,0.0,2.35,91.46,36.54,15.25
2016,106,32.67,12.71,0.0,3.06,91.63,40.31,16.14
2016,107,32.08,11.55,0.0,3.09,91.62,39.03,14.37
2016,108,32.38,11.04,0.0,3.07,91.54,37.08,13.8
2016,109,31.21,10.39,0.0,3.2,91.56,38.94,12.47
2016,110,31.37,12.17,0.0,2.6,91.63,43.79,15.24
2016,111,31.88,12.31,0.0,2.41,91.75,42.48,15.43
2016,112,32.65,10.83,0.02,1.74,91.63,34.7,13.73
2016,113,32.52,12.25,0.03,2.42,91.6,39.29,15.52
2016,114,32.42,9.72,0.0,2.06,91.43,31.69,11.84
2016,115,32.44,8.09,0.0,2.16,91.32,26.51,9.24
2016,116,32.44,11.81,2.47,1.54,91.44,36.88,15.12
2016,117,30.94,13.25,0.61,2.97,91.65,44.75,16.97
2016,118,28.89,10.49,0.0,2.07,91.63,43.03,12.51
2016,119,28.86,10.95,0.0,1.97,91.63,43.09,13.45
2016,120,30.43,9.01,0.0,2.92,91.65,34.64,10.53
2016,121,30.52,8.56,0.0,2.57,91.66,32.66,9.65
2016,122,31.42,10.49,0.0,2.31,91.6,37.61,12.94
2016,123,31.54,11.5,0.11,2.24,91.62,38.12,14.71
2016,124,32.38,10.69,0.05,2.06,91.54,33.95,13.49
2016,125,31.03,11.16,0.01,2.18,91.58,38.4,14.16
2016,126,30.36,12.46,0.41,1.54,91.64,43.56,15.96
2016,127,27.88,14.65,18.85,1.04,91.67,58.02,18.5
2016,128,26.42,16.02,10.37,1.5,91.66,70.01,19.97
2016,129,25.92,16.19,10.69,1.56,91.74,72.61,20.17
2016,130,27.52,14.34,0.24,1.9,91.68,60.65,18.18
2016,131,26.82,14.59,0.7,2.07,91.72,63.13,18.44
2016,132,26.29,13.32,0.03,1.33,91.69,60.48,16.91
2016,133,27.43,13.48,0.37,1.63,91.49,57.22,17.07
2016,134,28.91,14.77,0.07,1.17,91.46,58.24,18.54
2016,135,28.97,14.68,0.05,2.42,91.54,56.97,18.54
2016,136,28.23,13.05,0.0,2.39,91.58,54.25,16.54
2016,137,26.42,12.78,1.04,1.74,91.4,57.77,16.14
2016,138,26.12,13.07,5.96,1.98,91.23,59.72,16.43
2016,139,24.65,15.83,12.21,3.48,91.17,75.04,19.72
2016,140,24.19,17.41,36.79,3.89,91.26,84.32,21.27
2016,141,25.29,15.94,0.99,4.51,91.34,74.2,19.86
2016,142,25.42,15.32,0.0,3.98,91.5,70.94,19.22
2016,143,25.89,14.53,0.0,3.84,91.63,67.03,18.31
2016,144,27.92,15.09,0.0,3.87,91.6,63.41,18.94
2016,145,28.19,14.9,0.0,3.95,91.57,61.68,18.72
2016,146,27.9,14.96,0.07,3.73,91.51,62.31,18.81
2016,147,27.34,15.35,0.0,3.79,91.54,65.37,19.2
2016,148,27.73,14.86,1.58,2.48,91.58,61.71,18.69
2016,149,24.31,15.19,1.96,2.61,91.65,74.11,19.11
2016,150,26.07,15.71,8.37,3.25,91.55,70.28,19.65
2016,151,26.13,15.46,0.61,2.86,91.49,69.54,19.39
2016,152,26.94,15.12,0.95,2.07,91.58,65.46,19.01
2016,153,24.24,16.29,21.3,2.23,91.63,79.49,20.25
2016,154,24.21,16.5,10.35,2.38,91.56,80.9,20.46
2016,155,25.87,15.97,1.57,1.71,91.45,72.6,19.88
2016,156,25.6,16.07,4.01,3.29,91.48,73.63,19.97
2016,157,25.78,15.53,1.41,3.22,91.46,71.08,19.43
2016,158,25.17,16.76,13.07,2.99,91.49,78.04,20.67
2016,159,25.02,16.5,6.81,2.79,91.51,77.78,20.43
2016,160,24.42,16.23,13.66,3.14,91.53,79.15,20.17
2016,161,24.04,14.53,2.03,4.14,91.55,73.54,18.44
2016,162,24.14,15.13,0.38,5.01,91.52,75.54,19.08
2016,163,24.42,14.47,0.75,4.98,91.63,72.23,18.37
2016,164,23.46,13.76,0.97,4.61,91.66,72.34,17.57
2016,165,23.2,12.26,4.8,5.13,91.68,66.61,15.74
2016,166,23.95,13.81,0.23,4.41,91.61,70.88,17.63
2016,167,24.54,14.16,1.14,4.81,91.47,70.3,17.98
2016,168,23.93,15.08,3.04,3.51,91.38,75.88,18.98
2016,169,24.64,14.68,1.09,3.55,91.3,71.74,18.49
2016,170,23.68,15.14,0.32,3.87,91.36,77.01,19.02
2016,171,23.55,14.82,3.75,3.18,91.31,76.38,18.66
2016,172,23.04,15.75,2.38,2.41,91.26,82.19,19.66
2016,173,22.67,15.38,4.38,3.34,91.35,82.3,19.3
2016,174,21.65,14.48,16.7,4.16,91.48,82.55,18.37
2016,175,21.39,14.05,2.94,4.71,91.51,81.4,17.9
2016,176,22.5,13.96,2.19,4.86,91.43,76.99,17.77
2016,177,22.1,13.49,2.02,5.42,91.5,76.11,17.25
2016,178,23.44,14.87,0.18,3.98,91.48,77.31,18.79
2016,179,22.98,14.99,3.61,4.72,91.4,79.3,18.89
2016,180,23.13,15.19,4.86,5.2,91.4,79.8,19.08
2016,181,22.95,15.52,3.7,5.4,91.4,81.82,19.46
2016,182,23.02,15.12,5.04,5.5,91.42,80.03,19.04
2016,183,22.99,15.1,0.1,5.73,91.37,79.64,19.02
2016,184,24.33,14.8,0.02,6.18,91.4,73.14,18.71
2016,185,24.17,15.06,0.0,5.58,91.54,74.84,19.01
2016,186,23.9,15.3,2.65,4.6,91.56,76.86,19.26
2016,187,24.6,15.65,1.62,4.26,91.51,75.93,19.61
2016,188,23.7,15.93,0.61,4.27,91.5,80.58,19.89
2016,189,23.29,15.32,2.72,4.53,91.51,79.51,19.26
2016,190,23.7,15.01,0.05,4.93,91.44,76.69,18.91
2016,191,23.73,15.21,0.4,5.95,91.38,77.36,19.12
2016,192,24.29,14.94,0.25,6.52,91.36,74.39,18.82
2016,193,23.78,14.78,0.12,6.35,91.35,75.12,18.65
2016,194,23.66,14.86,0.04,5.47,91.43,75.83,18.77
2016,195,24.52,14.89,0.0,4.99,91.45,73.05,18.81
2016,196,24.83,15.0,0.23,3.73,91.4,72.11,18.9
2016,197,24.99,15.49,0.54,2.47,91.38,73.73,19.4
2016,198,23.82,15.49,5.67,1.96,91.52,77.86,19.43
2016,199,23.13,15.09,3.62,1.86,91.68,79.12,19.04
2016,200,23.1,15.24,10.22,2.47,91.66,80.21,19.2
2016,201,23.17,14.38,1.05,3.53,91.63,75.94,18.27
2016,202,23.07,14.92,4.92,3.5,91.57,78.87,18.84
2016,203,22.37,14.61,3.33,4.49,91.47,80.18,18.51
2016,204,22.99,14.48,0.33,4.09,91.41,77.29,18.35
2016,205,23.34,14.79,1.61,3.51,91.38,77.6,18.66
2016,206,22.85,14.74,8.65,3.0,91.41,78.67,18.64
2016,207,23.79,15.22,16.2,1.81,91.43,77.84,19.12
2016,208,23.22,14.92,12.04,1.37,91.42,78.02,18.79
2016,209,23.14,16.15,21.31,1.66,91.44,83.93,20.1
2016,210,22.5,16.15,24.97,2.32,91.49,86.95,20.09
2016,211,22.97,15.51,13.36,3.37,91.47,82.12,19.46
2016,212,21.48,14.74,5.46,3.57,91.51,84.78,18.66
2016,213,22.24,13.65,0.11,4.52,91.57,76.89,17.45
2016,214,22.56,14.07,1.06,5.24,91.54,77.41,17.91
2016,215,22.2,14.59,0.01,5.6,91.37,80.84,18.48
2016,216,23.13,14.51,0.0,5.71,91.3,76.89,18.37
2016,217,22.83,14.86,0.0,5.33,91.4,79.48,18.77
2016,218,23.3,14.82,0.0,5.42,91.46,77.34,18.73
2016,219,23.07,14.89,0.01,4.82,91.5,78.57,18.82
2016,220,22.78,15.1,0.19,4.28,91.58,80.97,19.06
2016,221,23.43,14.93,0.02,4.06,91.65,77.72,18.88
2016,222,23.96,15.0,0.01,3.91,91.6,75.96,18.96
2016,223,23.31,14.92,0.0,3.99,91.65,77.85,18.88
2016,224,23.83,14.97,0.0,3.41,91.71,76.37,18.93
2016,225,24.11,15.47,0.95,3.7,91.68,77.24,19.45
2016,226,24.14,15.52,0.94,3.82,91.56,77.21,19.48
2016,227,23.45,15.2,1.29,4.04,91.55,78.65,19.14
2016,228,23.78,14.61,0.71,4.91,91.49,74.92,18.52
2016,229,23.92,14.6,1.46,5.3,91.42,74.44,18.49
2016,230,24.22,14.74,1.02,4.76,91.35,73.84,18.63
2016,231,24.43,14.91,0.44,3.91,91.38,73.59,18.81
2016,232,24.57,14.94,0.1,3.67,91.4,73.1,18.85
2016,233,24.79,14.7,0.19,2.94,91.41,71.53,18.58
2016,234,25.22,14.73,0.72,2.7,91.48,70.37,18.6
2016,235,25.36,15.03,1.25,3.0,91.52,70.81,18.94
2016,236,24.65,14.98,0.72,3.24,91.51,73.11,18.9
2016,237,24.39,15.22,0.03,3.18,91.45,74.77,19.15
2016,238,23.75,15.89,3.47,3.03,91.46,80.05,19.83
2016,239,23.69,15.24,4.68,3.25,91.46,77.89,19.16
2016,240,23.94,15.38,2.08,3.01,91.49,77.53,19.31
2016,241,23.85,14.68,0.06,3.34,91.52,74.99,18.56
2016,242,23.66,15.17,0.79,3.04,91.46,77.55,19.09
2016,243,23.16,15.91,5.22,2.57,91.34,82.7,19.82
2016,244,22.37,15.25,14.41,3.47,91.43,83.24,19.19
2016,245,22.63,13.75,0.67,3.49,91.59,75.42,17.56
2016,246,22.47,13.69,0.34,3.38,91.65,75.73,17.5
2016,247,22.43,13.7,0.12,3.02,91.62,75.96,17.52
2016,248,23.08,13.8,0.92,3.12,91.75,74.51,17.64
2016,249,23.17,13.59,0.08,3.41,91.77,73.18,17.4
2016,250,23.41,13.41,0.13,3.62,91.79,71.46,17.2
2016,251,23.55,13.09,0.04,3.46,91.69,69.28,16.8
2016,252,23.87,12.98,0.0,2.96,91.67,67.75,16.64
2016,253,24.08,13.56,2.37,2.38,91.69,69.59,17.3
2016,254,24.17,14.01,6.44,2.89,91.63,71.57,17.83
2016,255,22.55,13.66,1.22,2.76,91.56,75.34,17.41
2016,256,23.08,13.6,0.11,2.81,91.52,72.72,17.36
2016,257,23.37,13.61,0.01,3.35,91.52,71.83,17.37
2016,258,24.37,14.55,1.08,3.47,91.49,72.97,18.42
2016,259,22.9,14.35,2.09,3.54,91.49,77.21,18.18
2016,260,23.87,14.37,1.63,3.61,91.43,74.04,18.21
2016,261,23.24,13.81,2.6,3.49,91.53,73.66,17.58
2016,262,23.6,13.63,0.01,3.62,91.65,71.67,17.43
2016,263,23.92,13.72,0.0,3.3,91.63,70.7,17.52
2016,264,23.88,13.49,0.09,3.7,91.53,69.81,17.22
2016,265,22.88,14.2,1.34,3.89,91.56,76.21,18.06
2016,266,23.49,13.33,0.06,4.52,91.53,70.36,17.08
2016,267,23.78,14.56,0.84,4.22,91.37,74.67,18.43
2016,268,24.07,14.43,0.08,4.81,91.26,72.62,18.29
2016,269,24.47,14.37,0.01,3.82,91.35,71.16,18.23
2016,270,24.95,14.93,0.27,3.09,91.48,71.79,18.82
2016,271,23.03,16.49,4.01,2.27,91.51,85.95,20.45
2016,272,23.6,16.39,3.44,2.05,91.47,83.37,20.34
2016,273,24.3,15.74,3.32,2.1,91.43,77.67,19.65
2016,274,24.87,14.16,0.36,3.03,91.4,69.38,17.95
2016,275,24.62,13.4,0.0,2.57,91.45,67.41,17.06
2016,276,23.62,13.47,0.12,1.73,91.64,70.66,17.2
2016,277,24.9,14.8,2.03,0.81,91.61,72.25,18.67
2016,278,24.14,14.79,2.44,1.67,91.65,74.11,18.66
2016,279,24.82,13.1,0.04,2.47,91.62,65.63,16.73
2016,280,23.81,12.1,0.0,2.12,91.63,64.25,15.48
2016,281,23.44,11.76,0.0,2.31,91.66,64.27,15.03
2016,282,24.86,13.08,0.0,2.74,91.68,66.12,16.63
2016,283,23.77,13.78,0.95,2.91,91.72,71.02,17.59
2016,284,23.93,14.39,1.01,2.86,91.66,73.96,18.29
2016,285,24.31,15.11,6.24,1.85,91.63,75.28,19.03
2016,286,23.11,15.78,10.07,2.02,91.64,83.05,19.76
2016,287,23.31,15.56,2.2,1.38,91.65,80.76,19.52
2016,288,23.79,13.04,0.26,1.78,91.66,68.04,16.68
2016,289,23.05,10.22,0.0,1.93,91.72,57.5,12.93
2016,290,23.08,10.3,0.0,1.49,91.76,57.51,13.09
2016,291,23.43,10.9,0.0,1.23,91.68,59.16,13.95
2016,292,23.62,10.28,0.0,1.58,91.6,55.05,13.03
2016,293,24.05,10.67,0.0,1.12,91.54,55.48,13.54
2016,294,23.58,10.47,0.0,1.51,91.49,55.93,13.26
2016,295,23.28,9.46,0.0,1.47,91.55,53.02,11.68
2016,296,23.7,9.2,0.0,1.58,91.68,51.12,11.19
2016,297,22.75,8.53,0.0,1.75,91.77,48.77,10.18
2016,298,23.09,10.05,0.0,1.73,91.72,55.98,12.57
2016,299,23.89,9.9,0.0,1.28,91.61,52.65,12.38
2016,300,23.57,9.74,0.0,1.61,91.66,52.68,12.22
2016,301,23.34,9.1,0.0,1.86,91.77,50.13,11.24
2016,302,24.37,9.48,0.0,1.6,91.73,48.11,11.8
2016,303,25.28,10.12,0.0,1.54,91.67,49.63,12.66
2016,304,25.35,12.39,0.18,2.24,91.74,61.04,15.8
2016,305,24.95,13.12,0.14,2.54,91.89,64.99,16.8
2016,306,24.71,12.77,1.12,2.52,91.86,64.76,16.29
2016,307,24.0,13.32,0.54,2.32,91.8,69.64,17.03
2016,308,23.78,13.32,0.07,2.19,91.81,69.11,17.06
2016,309,24.82,11.57,0.0,1.6,91.69,57.49,14.76
2016,310,23.88,8.93,0.0,1.87,91.63,46.93,10.89
2016,311,23.97,8.72,0.0,1.28,91.72,47.13,10.53
2016,312,23.42,8.94,0.0,1.76,91.85,48.97,10.96
2016,313,22.72,8.83,0.0,1.77,91.86,51.41,10.33
2016,314,21.81,7.5,0.0,1.79,91.95,48.76,7.85
2016,315,22.05,6.97,0.0,1.49,91.89,44.17,7.21
2016,316,22.72,8.65,0.0,1.52,91.82,52.46,10.27
2016,317,23.84,9.69,0.0,1.88,91.89,53.88,11.96
2016,318,24.89,11.98,0.07,2.24,91.97,61.37,15.32
2016,319,26.19,12.73,0.1,2.74,91.92,59.46,16.27
2016,320,25.58,10.63,0.03,2.86,91.88,53.07,13.11
2016,321,24.43,11.69,0.0,2.9,91.89,59.7,15.02
2016,322,24.39,12.31,0.01,3.44,91.91,63.23,15.86
2016,323,22.66,9.92,0.0,2.64,91.84,58.31,12.34
2016,324,23.17,9.16,0.0,2.4,91.74,54.17,11.04
2016,325,23.1,8.35,0.0,2.26,91.78,50.36,9.3
2016,326,23.33,8.15,0.0,2.57,91.79,49.82,8.99
2016,327,23.57,6.63,0.0,1.7,91.76,39.84,5.53
2016,328,22.69,6.68,0.0,2.19,91.74,44.21,5.72
2016,329,21.92,6.35,0.0,2.14,91.78,45.56,4.54
2016,330,21.76,6.51,0.0,2.4,91.77,46.21,5.32
2016,331,22.54,6.08,0.0,1.64,91.83,41.4,4.09
2016,332,22.89,5.6,0.0,1.8,91.83,35.79,3.3
2016,333,23.4,4.2,0.0,1.81,91.84,25.0,-0.11
2016,334,22.98,5.91,0.0,1.84,91.91,37.9,4.19
2016,335,21.84,8.11,0.0,1.97,91.94,51.89,9.3
2016,336,21.01,9.41,1.82,2.99,91.85,59.69,11.63
2016,337,22.2,12.86,6.68,3.46,91.84,73.62,16.52
2016,338,22.42,14.23,3.1,3.68,91.95,79.32,18.18
2016,339,23.17,12.82,0.15,2.75,92.07,70.86,16.45
2016,340,23.56,12.88,0.37,2.18,91.98,69.26,16.52
2016,341,22.03,10.79,0.0,2.79,91.93,64.67,13.72
2016,342,21.64,10.03,0.0,2.43,91.93,62.9,12.55
2016,343,23.26,11.33,0.0,1.74,91.85,63.23,14.5
2016,344,22.29,7.36,0.0,1.88,91.75,45.33,7.42
2016,345,20.58,3.77,0.0,2.24,91.71,25.82,-1.42
2016,346,20.33,4.27,0.0,1.99,91.61,26.47,-0.04
2016,347,20.29,8.81,37.44,4.04,91.47,54.39,9.63
2016,348,20.11,13.45,6.42,3.59,91.38,84.44,17.18
2016,349,22.02,13.68,0.8,3.4,91.77,78.03,17.52
2016,350,21.46,11.02,0.9,2.72,91.91,68.3,14.01
2016,351,21.27,12.7,3.1,2.7,92.02,76.92,16.4
2016,352,21.65,11.47,0.0,2.08,92.06,69.9,14.77
2016,353,21.06,10.43,0.0,1.94,92.02,66.85,13.29
2016,354,20.39,8.11,0.0,2.12,92.0,55.63,9.46
2016,355,20.66,8.2,0.0,2.29,91.97,55.6,9.49
2016,356,21.3,9.47,0.0,1.41,92.03,60.97,11.8
2016,357,20.73,7.24,0.0,1.75,91.97,50.43,7.38
2016,358,20.76,5.29,0.0,1.63,91.84,35.29,3.01
2016,359,19.68,6.09,0.0,1.6,91.72,45.64,4.93
2016,360,19.5,7.54,0.0,1.35,91.82,57.63,7.86
2016,361,20.31,6.82,0.0,1.95,91.86,48.31,6.73
2016,362,20.28,7.5,0.0,2.62,91.87,53.31,8.21
2016,363,20.48,8.25,0.0,2.47,91.9,56.54,9.71
2016,364,19.8,7.79,0.0,2.28,91.96,58.77,8.22
2016,365,19.48,8.37,0.0,2.39,92.0,62.52,9.52
2016,366,19.58,8.26,0.0,2.4,91.95,61.19,9.36
2017,1,19.48,8.43,0.0,2.12,91.94,62.29,9.72
2017,2,19.71,8.05,0.0,1.85,92.01,58.41,9.19
2017,3,19.79,7.14,0.0,2.28,91.97,50.68,7.66
2017,4,20.35,8.06,0.0,1.8,91.91,54.76,9.43
2017,5,20.17,7.89,0.0,1.89,91.89,56.68,8.7
2017,6,20.08,7.61,0.0,1.48,91.84,55.43,8.09
2017,7,20.49,8.29,0.0,1.41,91.7,57.13,9.51
2017,8,20.52,8.62,0.0,1.85,91.64,59.06,10.26
2017,9,20.77,8.19,0.0,1.63,91.69,55.52,9.4
2017,10,20.57,7.41,0.0,1.26,91.77,51.24,8.09
2017,11,21.07,8.32,0.0,1.22,91.8,54.04,9.87
2017,12,21.59,9.67,0.0,1.59,91.74,59.81,12.08
2017,13,22.23,10.43,0.0,2.31,91.75,60.93,13.26
2017,14,21.57,10.05,0.0,2.9,91.89,60.9,12.68
2017,15,21.1,8.69,0.0,2.79,92.02,57.57,10.33
2017,16,21.09,8.17,0.0,2.3,92.02,54.87,9.17
2017,17,20.29,6.69,0.0,2.49,91.99,50.01,5.87
2017,18,20.08,7.07,0.0,3.36,92.05,53.03,7.03
2017,19,20.02,8.69,0.0,3.55,92.08,61.01,10.5
2017,20,20.81,8.49,0.0,3.18,92.07,58.7,9.79
2017,21,22.36,11.65,0.01,3.99,92.1,67.31,15.07
2017,22,22.79,8.98,0.0,3.46,92.18,53.89,10.87
2017,23,21.62,6.48,0.0,3.49,92.16,42.4,5.93
2017,24,22.15,8.47,0.0,3.49,92.09,52.29,10.12
2017,25,22.04,8.6,0.0,3.44,92.11,55.26,10.1
2017,26,22.17,10.97,1.32,3.11,92.07,65.42,14.0
2017,27,22.55,13.48,3.24,2.71,92.0,75.02,17.29
2017,28,23.54,13.15,0.56,3.25,91.96,70.45,16.89
2017,29,23.74,10.21,0.01,2.8,92.0,57.05,12.84
2017,30,22.82,9.04,0.0,2.34,91.98,54.83,10.82
2017,31,23.02,7.86,0.0,2.37,91.91,50.15,7.9
2017,32,21.84,6.19,0.0,2.25,91.97,45.74,3.79
2017,33,21.25,6.77,0.0,2.8,92.09,49.96,5.74
2017,34,21.46,7.4,0.0,2.35,92.07,51.55,7.69
2017,35,21.91,7.46,0.0,2.48,91.99,50.68,7.51
2017,36,21.71,6.92,0.0,1.9,91.93,48.54,6.06
2017,37,21.83,6.75,0.0,1.89,91.92,46.87,5.89
2017,38,22.35,5.53,0.0,1.64,91.88,36.99,3.5
2017,39,22.66,5.53,0.0,2.34,91.95,37.97,2.91
2017,40,22.46,6.07,0.0,2.04,91.88,44.0,3.6
2017,41,22.57,6.32,0.0,2.28,91.81,44.87,4.03
2017,42,22.45,6.43,0.0,2.09,91.89,45.56,4.33
2017,43,22.03,7.48,0.0,3.17,92.05,50.66,7.41
2017,44,21.65,8.02,0.0,3.84,92.16,53.04,9.1
2017,45,22.68,10.31,0.0,4.3,92.27,60.36,13.2
2017,46,22.77,7.88,0.0,3.45,92.29,50.54,8.5
2017,47,21.45,6.64,0.0,3.86,92.14,47.05,5.78
2017,48,21.43,6.78,0.0,3.53,92.04,47.3,6.61
2017,49,22.73,6.94,0.0,3.32,92.11,43.82,7.1
2017,50,23.95,6.56,0.0,1.84,92.01,39.26,6.06
2017,51,25.05,5.6,0.0,1.45,91.79,29.36,3.99
2017,52,25.64,5.89,0.0,1.82,91.72,29.43,4.61
2017,53,25.96,5.92,0.0,1.83,91.77,30.67,4.41
2017,54,25.73,7.2,0.0,2.82,91.88,40.83,6.67
2017,55,25.8,6.8,0.0,3.32,91.95,38.26,6.03
2017,56,25.89,6.83,0.0,2.59,91.94,36.55,6.57
2017,57,25.44,7.52,0.0,2.86,91.78,39.12,8.08
2017,58,23.3,6.94,0.0,3.23,91.88,42.26,6.28
2017,59,23.99,4.79,0.0,3.33,91.91,29.94,1.04
2017,60,23.87,4.95,0.0,3.55,91.88,29.54,2.08
2017,61,24.03,3.84,0.0,2.74,91.75,25.79,-2.67
2017,62,24.84,7.09,0.0,2.45,91.58,39.95,6.41
2017,63,26.37,12.32,0.01,2.71,91.56,57.87,15.69
2017,64,26.56,12.48,0.03,1.8,91.56,55.73,15.87
2017,65,27.32,12.49,1.57,2.15,91.55,53.67,15.96
2017,66,25.47,14.27,10.5,2.13,91.58,65.94,18.09
2017,67,25.19,14.44,10.12,0.98,91.57,68.22,18.32
2017,68,25.97,13.96,0.0,1.67,91.52,63.76,17.74
2017,69,26.13,12.5,1.4,1.82,91.57,59.32,15.81
2017,70,26.32,12.24,0.2,1.43,91.68,57.59,15.53
2017,71,25.8,9.8,0.0,1.35,91.72,48.03,12.01
2017,72,26.75,12.82,1.86,1.83,91.75,57.88,16.35
2017,73,25.22,14.64,1.98,2.5,91.79,69.49,18.56
2017,74,25.09,12.88,0.09,3.27,91.86,62.22,16.51
2017,75,24.54,12.43,0.02,1.8,91.87,62.31,15.97
2017,76,26.34,11.58,0.18,1.03,91.78,53.8,14.82
2017,77,27.77,10.14,0.09,1.63,91.81,43.51,12.52
2017,78,27.54,9.39,0.01,2.29,91.84,42.05,11.14
2017,79,27.81,11.19,1.8,1.69,91.8,47.95,14.16
2017,80,26.71,12.62,5.26,2.2,91.88,55.1,16.23
2017,81,26.41,11.15,0.0,2.39,91.88,50.87,14.26
2017,82,26.06,9.08,0.0,2.24,91.82,45.88,10.73
2017,83,26.32,7.15,0.0,2.89,91.8,38.01,6.79
2017,84,26.72,6.64,0.0,2.9,91.82,33.29,6.28
2017,85,27.17,7.19,0.0,3.27,91.85,35.13,7.34
2017,86,26.59,7.24,0.0,3.19,91.9,36.03,7.53
2017,87,27.54,7.16,0.0,3.1,91.88,32.97,7.46
2017,88,28.12,8.07,0.0,2.51,91.82,35.8,9.15
2017,89,28.04,6.71,0.0,2.58,91.82,29.88,6.56
2017,90,28.1,9.13,0.0,3.39,91.91,41.44,10.72
2017,91,28.54,8.51,0.0,2.01,91.82,36.8,9.9
2017,92,29.57,7.59,0.0,2.34,91.69,29.55,8.4
2017,93,29.39,9.06,0.0,2.56,91.74,36.31,11.01
2017,94,29.24,11.15,0.09,2.47,91.77,45.21,14.03
2017,95,30.1,11.01,1.45,1.47,91.7,40.74,14.02
2017,96,30.59,11.03,1.03,1.86,91.61,38.91,14.09
2017,97,30.23,11.53,1.18,1.92,91.63,41.7,14.7
2017,98,30.79,10.09,0.0,2.93,91.6,36.28,12.65
2017,99,30.07,9.28,0.0,2.61,91.62,35.09,11.38
2017,100,30.41,10.43,0.28,2.52,91.54,38.48,13.13
2017,101,30.9,9.32,0.44,2.66,91.52,33.28,11.44
2017,102,29.53,9.44,0.0,2.75,91.6,37.05,11.04
2017,103,29.44,8.78,0.0,2.91,91.63,38.18,9.19
2017,104,28.97,8.35,0.0,2.63,91.6,37.18,8.46
2017,105,29.45,7.99,0.0,2.29,91.47,32.58,8.92
2017,106,30.46,8.65,0.11,1.86,91.44,31.62,10.32
2017,107,30.2,11.92,5.61,2.05,91.57,43.14,15.12
2017,108,29.82,11.57,0.03,1.44,91.55,44.34,14.64
2017,109,30.38,12.53,0.05,1.7,91.57,45.51,15.89
2017,110,30.12,13.18,0.93,1.76,91.54,48.69,16.71
2017,111,27.54,14.97,4.22,2.35,91.66,62.01,18.85
2017,112,28.92,13.31,0.76,2.38,91.62,53.42,16.77
2017,113,29.18,11.56,0.0,2.55,91.6,47.11,14.55
2017,114,29.94,10.65,0.22,2.23,91.61,39.58,13.47
2017,115,30.06,10.88,1.1,2.31,91.63,40.11,13.79
2017,116,28.6,13.15,0.16,1.44,91.69,50.69,16.84
2017,117,29.59,11.81,0.0,1.87,91.68,44.21,15.07
2017,118,30.51,10.8,0.39,0.99,91.69,39.07,13.71
2017,119,30.85,10.55,2.39,0.83,91.72,36.71,13.4
2017,120,29.92,10.93,1.21,1.32,91.69,40.84,13.91
2017,121,28.12,12.77,2.79,1.5,91.76,50.33,16.39
2017,122,27.34,12.97,3.61,1.44,91.83,55.18,16.58
2017,123,28.4,12.68,0.09,2.17,91.79,51.49,16.26
2017,124,29.8,11.87,0.02,1.73,91.76,45.52,15.16
2017,125,30.91,11.39,0.23,2.51,91.69,40.9,14.5
2017,126,30.76,12.92,0.03,2.14,91.78,46.31,16.35
2017,127,29.47,13.18,3.99,1.51,91.83,49.52,16.73
2017,128,25.76,14.7,8.22,1.54,91.85,66.3,18.52
2017,129,26.86,14.74,1.94,1.97,91.66,63.52,18.6
2017,130,26.96,15.32,2.14,1.34,91.63,65.35,19.21
2017,131,25.73,15.71,1.7,1.06,91.68,70.68,19.66
2017,132,27.28,14.53,0.06,1.63,91.65,61.68,18.39
2017,133,28.46,14.76,0.05,1.19,91.57,58.95,18.59
2017,134,28.98,15.67,3.05,2.0,91.5,60.47,19.49
2017,135,27.43,16.15,1.55,2.7,91.49,66.96,20.06
2017,136,30.24,13.8,0.78,1.57,91.38,51.59,17.28
2017,137,29.32,15.11,4.9,2.44,91.4,58.15,18.87
2017,138,27.18,15.67,12.21,2.57,91.53,66.92,19.5
2017,139,24.69,16.62,4.34,3.0,91.68,78.99,20.58
2017,140,26.12,15.79,5.28,2.67,91.53,71.02,19.7
2017,141,24.62,15.77,7.59,2.66,91.45,76.0,19.69
2017,142,25.49,16.36,9.61,2.01,91.5,74.99,20.28
2017,143,27.97,14.6,0.07,1.97,91.45,61.66,18.3
2017,144,27.52,15.59,3.13,2.52,91.42,64.98,19.45
2017,145,26.17,16.02,2.48,3.26,91.39,71.11,19.92
2017,146,26.84,16.34,13.24,2.79,91.37,70.62,20.2
2017,147,24.69,17.64,30.3,2.23,91.38,83.37,21.5
2017,148,25.5,16.74,3.52,3.72,91.36,76.54,20.65
2017,149,26.15,15.67,0.0,4.75,91.32,70.53,19.58
2017,150,26.23,15.33,0.02,4.89,91.35,69.23,19.24
2017,151,25.87,15.47,0.01,4.02,91.38,70.72,19.38
2017,152,25.9,15.13,0.01,3.22,91.36,69.24,19.01
2017,153,25.08,15.3,6.93,3.17,91.4,72.36,19.2
2017,154,24.54,15.44,0.05,4.68,91.56,74.92,19.4
2017,155,25.4,15.23,0.0,3.21,91.54,71.23,19.17
2017,156,26.29,14.93,0.02,3.58,91.54,67.42,18.82
2017,157,24.58,15.6,27.82,3.27,91.59,75.83,19.55
2017,158,23.14,13.38,3.92,4.4,91.7,70.95,17.12
2017,159,22.82,13.21,0.12,4.31,91.58,71.49,16.92
2017,160,23.41,15.08,2.41,4.48,91.5,77.92,19.02
2017,161,23.29,14.89,0.24,5.1,91.46,77.6,18.8
2017,162,23.63,14.67,0.36,5.59,91.38,75.18,18.56
2017,163,23.76,15.77,0.58,4.29,91.38,79.43,19.71
2017,164,25.02,16.02,0.11,3.72,91.39,75.83,19.95
2017,165,25.54,16.15,0.01,3.31,91.54,74.3,20.11
2017,166,25.48,15.58,0.19,3.61,91.56,72.49,19.52
2017,167,24.42,15.53,5.37,3.65,91.58,76.05,19.49
2017,168,23.56,13.55,0.47,3.96,91.55,71.02,17.28
2017,169,25.03,14.16,0.08,3.67,91.48,68.51,18.0
2017,170,23.3,13.77,3.82,3.52,91.47,72.87,17.46
2017,171,24.63,14.24,0.51,3.95,91.49,70.78,18.07
2017,172,24.71,14.16,0.12,4.16,91.52,69.81,17.96
2017,173,24.58,14.75,0.12,3.86,91.57,72.62,18.64
2017,174,25.12,15.17,2.33,4.31,91.5,72.33,19.08
2017,175,24.28,13.62,4.7,4.73,91.34,68.79,17.13
2017,176,23.54,14.82,0.47,4.79,91.26,76.27,18.67
2017,177,24.09,14.76,0.14,5.18,91.41,73.96,18.6
2017,178,23.75,13.9,3.03,5.46,91.51,71.41,17.66
2017,179,23.41,13.91,0.56,5.36,91.54,73.03,17.7
2017,180,22.94,13.72,2.8,4.63,91.52,74.09,17.47
2017,181,23.74,14.85,0.12,4.42,91.48,75.72,18.74
2017,182,25.06,14.61,0.0,4.05,91.46,70.32,18.46
2017,183,24.18,14.86,0.05,4.01,91.5,73.82,18.78
2017,184,24.32,13.97,0.83,4.27,91.58,70.25,17.79
2017,185,23.66,13.35,1.51,4.67,91.61,70.0,17.07
2017,186,23.48,14.46,2.52,3.96,91.61,75.53,18.36
2017,187,24.5,14.79,3.2,3.92,91.54,73.19,18.69
2017,188,24.25,14.12,1.35,3.9,91.54,70.83,17.94
2017,189,23.92,13.65,0.02,3.67,91.54,69.88,17.38
2017,190,24.5,14.08,0.3,3.15,91.54,70.24,17.89
2017,191,24.07,14.91,0.01,3.04,91.62,74.54,18.84
2017,192,23.62,15.21,3.69,4.02,91.65,77.81,19.17
2017,193,24.07,13.31,3.62,4.37,91.58,68.76,16.99
2017,194,24.06,13.18,0.04,4.66,91.55,67.7,16.81
2017,195,23.16,12.88,0.0,5.3,91.55,69.24,16.53
2017,196,23.82,13.87,0.91,4.78,91.57,71.49,17.68
2017,197,24.51,13.69,0.02,5.34,91.5,68.39,17.42
2017,198,24.01,13.97,0.0,5.49,91.4,70.76,17.76
2017,199,23.64,15.41,1.17,5.3,91.38,78.19,19.34
2017,200,24.04,15.1,3.02,5.96,91.38,75.61,18.99
2017,201,23.92,14.04,0.16,6.04,91.39,71.42,17.84
2017,202,23.94,14.93,0.03,5.09,91.49,75.26,18.85
2017,203,25.59,14.52,0.0,4.54,91.51,68.11,18.4
2017,204,25.58,14.63,0.0,4.48,91.51,68.26,18.53
2017,205,24.65,14.52,0.0,4.5,91.51,70.59,18.42
2017,206,25.83,14.43,0.04,4.42,91.41,66.51,18.29
2017,207,25.99,14.14,0.0,4.47,91.44,65.34,17.96
2017,208,25.67,14.43,2.45,4.5,91.5,67.47,18.29
2017,209,24.98,14.91,4.31,4.21,91.62,71.85,18.83
2017,210,24.64,15.06,2.29,3.41,91.64,73.49,19.0
2017,211,24.35,15.53,18.42,2.57,91.59,76.57,19.47
2017,212,24.14,16.0,18.7,2.26,91.62,79.49,19.96
2017,213,25.22,15.02,3.68,2.75,91.63,71.71,18.93
2017,214,24.84,15.01,2.06,3.1,91.64,72.54,18.95
2017,215,24.71,14.77,0.01,4.29,91.58,72.07,18.69
2017,216,24.5,15.37,0.07,4.27,91.37,74.73,19.29
2017,217,25.01,15.38,0.55,4.34,91.28,73.0,19.28
2017,218,25.25,15.45,0.79,3.79,91.29,72.42,19.35
2017,219,25.33,15.12,0.21,3.13,91.36,71.22,19.0
2017,220,24.92,15.27,1.88,2.42,91.44,72.91,19.16
2017,221,24.53,15.35,5.78,2.2,91.5,74.88,19.25
2017,222,23.69,14.89,4.25,1.4,91.54,75.54,18.76
2017,223,23.02,15.79,9.26,1.71,91.57,82.71,19.76
2017,224,23.14,15.5,3.8,2.4,91.61,81.13,19.45
2017,225,23.17,15.08,0.7,2.07,91.68,79.19,19.04
2017,226,23.36,14.76,25.71,1.17,91.76,77.31,18.69
2017,227,23.21,15.58,22.96,1.17,91.68,81.29,19.56
2017,228,23.36,15.99,8.8,2.05,91.53,82.44,19.94
2017,229,22.62,16.17,14.01,2.83,91.34,86.28,20.08
2017,230,22.5,15.58,2.92,3.6,91.28,84.05,19.5
2017,231,22.75,14.76,7.68,4.32,91.32,79.52,18.64
2017,232,22.51,14.67,5.84,4.13,91.31,80.16,18.55
2017,233,22.53,14.85,4.5,3.63,91.32,80.81,18.74
2017,234,22.88,15.56,2.7,2.92,91.38,82.69,19.49
2017,235,23.24,15.95,24.71,2.69,91.47,83.13,19.9
2017,236,22.77,15.83,7.65,3.19,91.47,84.2,19.78
2017,237,22.97,15.68,5.12,3.52,91.39,82.7,19.62
2017,238,22.93,16.21,9.28,3.5,91.27,85.23,20.13
2017,239,22.99,14.74,2.45,4.25,91.22,78.62,18.58
2017,240,22.18,15.89,3.87,3.53,91.17,86.96,19.79
2017,241,23.05,15.45,0.63,4.44,91.24,81.31,19.36
2017,242,23.82,16.08,0.58,3.36,91.43,80.95,20.01
2017,243,23.98,16.16,15.97,2.15,91.6,80.51,20.13
2017,244,23.82,16.69,21.05,1.92,91.62,83.55,20.65
2017,245,23.22,16.74,14.06,0.92,91.54,86.43,20.69
2017,246,23.62,16.81,18.54,1.53,91.58,84.87,20.77
2017,247,23.54,16.58,3.58,1.28,91.63,83.89,20.55
2017,248,23.56,16.83,18.05,1.74,91.59,84.97,20.78
2017,249,22.97,17.27,28.48,1.22,91.44,90.09,21.18
2017,250,22.8,17.27,4.63,1.44,91.42,90.84,21.17
2017,251,23.97,16.48,17.66,1.38,91.46,82.46,20.43
2017,252,23.96,16.55,17.52,1.28,91.43,82.52,20.48
2017,253,23.24,16.8,2.44,1.76,91.43,86.66,20.73
2017,254,23.87,16.9,0.33,2.32,91.5,84.45,20.83
2017,255,23.82,17.23,1.86,2.52,91.62,85.95,21.17
2017,256,23.78,16.46,0.83,2.26,91.65,83.21,20.44
2017,257,23.75,16.47,1.87,1.46,91.57,83.26,20.43
2017,258,22.68,16.71,2.06,2.21,91.51,88.83,20.66
2017,259,22.61,16.36,12.06,3.0,91.53,87.66,20.33
2017,260,21.69,15.45,11.88,4.11,91.6,87.63,19.43
2017,261,21.64,14.48,2.83,4.68,91.69,83.15,18.4
2017,262,22.17,15.04,0.87,4.3,91.6,83.73,18.99
2017,263,21.81,14.48,0.01,4.13,91.56,82.55,18.38
2017,264,22.17,14.97,0.56,3.46,91.52,83.2,18.9
2017,265,22.36,14.91,0.03,2.37,91.59,81.86,18.81
2017,266,23.6,15.9,0.0,1.38,91.68,80.96,19.88
2017,267,22.79,16.41,16.89,1.49,91.65,86.94,20.38
2017,268,21.57,16.22,12.85,2.61,91.52,91.98,20.18
2017,269,21.95,15.96,30.75,1.65,91.49,88.7,19.92
2017,270,21.73,15.96,15.45,1.13,91.53,89.79,19.93
2017,271,21.94,16.19,2.22,1.97,91.47,89.9,20.13
2017,272,21.68,15.77,4.28,2.02,91.46,88.91,19.69
2017,273,23.01,16.45,6.28,1.24,91.55,85.95,20.42
2017,274,21.98,16.48,5.95,1.51,91.59,91.21,20.45
2017,275,22.77,16.49,27.82,1.35,91.49,87.45,20.44
2017,276,22.16,16.84,3.26,1.01,91.5,91.95,20.78
2017,277,22.46,17.0,4.16,1.49,91.55,91.41,20.94
2017,278,22.42,16.7,24.11,1.4,91.42,90.04,20.63
2017,279,22.6,16.41,21.97,1.09,91.38,87.78,20.34
2017,280,21.91,16.13,9.53,1.52,91.42,89.56,20.05
2017,281,23.19,16.99,4.33,1.3,91.38,87.52,20.89
2017,282,23.0,17.05,23.18,1.33,91.38,88.65,20.96
2017,283,22.48,16.89,33.79,1.42,91.34,90.48,20.8
2017,284,22.96,16.54,18.07,0.99,91.44,86.65,20.48
2017,285,22.63,16.54,41.74,1.28,91.51,88.2,20.49
2017,286,22.53,16.5,7.86,1.2,91.45,88.5,20.44
2017,287,21.52,16.13,18.53,2.08,91.46,91.7,20.09
2017,288,21.65,15.85,0.19,2.48,91.54,89.5,19.77
2017,289,21.68,16.32,1.14,2.25,91.6,92.0,20.29
2017,290,21.52,15.78,0.02,1.59,91.61,90.01,19.75
2017,291,21.99,15.37,0.0,1.72,91.53,85.41,19.32
2017,292,22.54,14.17,0.0,1.49,91.52,76.75,18.02
2017,293,22.16,15.85,0.0,1.59,91.63,86.99,19.8
2017,294,22.61,15.24,0.06,1.32,91.71,82.14,19.21
2017,295,22.18,15.04,0.0,1.51,91.75,83.03,18.98
2017,296,20.3,11.59,0.0,1.59,91.81,73.03,14.9
2017,297,20.98,13.21,0.0,1.32,91.87,77.91,16.8
2017,298,21.76,15.7,1.03,1.52,91.96,88.8,19.71
2017,299,22.16,15.78,0.23,1.92,92.0,87.61,19.83
2017,300,21.51,15.0,1.37,2.17,91.92,86.66,19.01
2017,301,20.84,14.41,0.91,2.39,91.9,86.75,18.36
2017,302,20.81,14.28,0.03,2.39,91.96,86.13,18.23
2017,303,20.34,14.49,1.09,3.32,91.89,89.45,18.44
2017,304,20.78,14.86,0.39,2.78,91.77,89.03,18.79
2017,305,21.37,15.32,0.34,2.85,91.79,88.76,19.31
2017,306,20.35,13.77,0.62,2.54,91.77,85.15,17.61
2017,307,19.7,13.71,0.1,2.86,91.65,87.62,17.49
2017,308,19.92,14.27,2.83,2.98,91.67,89.85,18.13
2017,309,20.86,14.95,6.85,3.06,91.73,89.03,18.86
2017,310,21.07,15.12,4.35,2.8,91.8,89.15,19.11
2017,311,21.21,15.08,4.23,2.17,91.85,88.45,19.07
2017,312,21.12,14.77,0.24,2.5,91.86,87.3,18.75
2017,313,19.92,13.05,0.0,2.22,91.79,83.7,16.78
2017,314,19.61,13.27,0.0,2.15,91.76,85.71,16.98
2017,315,19.53,13.12,0.0,2.23,91.77,85.35,16.85
2017,316,19.58,12.85,0.0,2.38,91.66,82.92,16.42
2017,317,20.64,14.33,0.01,2.07,91.53,86.62,18.16
2017,318,21.3,14.88,0.03,1.67,91.48,86.49,18.76
2017,319,21.83,15.54,0.87,1.68,91.49,87.17,19.48
2017,320,21.53,15.31,0.67,1.94,91.54,87.59,19.24
2017,321,22.29,15.68,0.27,1.02,91.58,85.78,19.64
2017,322,22.42,15.79,0.01,1.64,91.68,86.04,19.78
2017,323,22.29,15.72,0.08,1.8,91.8,86.26,19.74
2017,324,21.8,15.14,0.28,1.82,91.86,86.12,19.14
2017,325,21.73,14.91,0.42,1.95,91.8,85.37,18.88
2017,326,21.34,14.71,0.05,1.99,91.76,86.03,18.67
2017,327,20.41,12.83,0.0,1.64,91.78,80.39,16.49
2017,328,20.82,14.24,0.0,1.65,91.87,85.51,18.16
2017,329,20.14,13.79,0.0,1.99,91.92,86.25,17.67
2017,330,20.16,13.75,0.05,2.41,91.99,86.34,17.59
2017,331,20.99,14.61,0.03,2.59,91.87,86.96,18.54
2017,332,20.48,13.61,0.0,2.34,91.84,84.07,17.45
2017,333,20.01,12.87,0.15,2.81,91.9,82.5,16.58
2017,334,20.44,15.01,8.49,3.66,91.74,91.3,18.93
2017,335,21.43,15.86,8.89,4.37,91.65,90.96,19.84
2017,336,18.97,13.61,4.17,3.38,91.78,91.0,17.45
2017,337,19.71,13.72,0.01,2.28,91.87,88.07,17.57
2017,338,20.9,14.43,0.0,1.75,91.78,86.52,18.35
2017,339,20.95,14.23,0.0,1.32,91.71,84.96,18.13
2017,340,21.31,14.34,0.0,1.22,91.66,83.84,18.25
2017,341,20.49,13.65,0.0,1.53,91.67,83.79,17.44
2017,342,19.16,10.25,0.0,1.61,91.71,70.13,13.02
2017,343,19.43,9.71,0.0,1.51,91.79,64.54,12.13
2017,344,19.08,10.7,0.0,1.8,91.9,72.26,13.64
2017,345,19.92,11.27,0.0,1.16,92.0,73.73,14.53
2017,346,20.41,13.31,0.0,1.02,92.0,82.06,17.07
2017,347,20.08,13.51,0.01,1.27,92.02,85.24,17.37
2017,348,20.37,12.88,0.0,1.76,92.02,81.1,16.62
2017,349,19.94,13.04,0.0,2.37,92.08,83.71,16.81
2017,350,19.58,12.64,0.0,2.89,92.15,83.36,16.35
2017,351,18.36,11.56,0.0,3.26,92.22,82.81,14.98
2017,352,17.86,11.32,0.0,2.6,92.23,83.36,14.64
2017,353,18.68,12.03,0.0,2.68,92.13,83.83,15.52
2017,354,18.54,11.37,0.0,2.59,92.18,80.63,14.7
2017,355,17.56,11.01,0.0,2.3,92.18,81.28,14.1
2017,356,19.03,11.9,0.0,2.51,92.06,81.19,15.39
2017,357,17.94,10.84,0.0,2.33,91.9,79.74,13.94
2017,358,17.67,10.57,0.0,2.11,91.88,79.3,13.52
2017,359,17.89,11.06,0.0,2.15,91.94,80.14,14.23
2017,360,17.78,10.48,0.0,2.3,91.98,77.8,13.41
2017,361,17.87,10.69,0.0,2.21,91.93,79.09,13.71
2017,362,16.77,9.55,0.0,2.22,91.9,76.6,11.94
2017,363,17.26,10.37,0.0,2.27,91.95,79.7,13.24
2017,364,18.05,10.87,0.0,1.97,91.92,79.64,13.97
2017,365,18.72,10.52,0.0,1.6,91.8,75.12,13.42
2018,1,19.98,11.32,0.0,0.88,91.67,73.07,14.54
2018,2,20.0,11.57,0.0,1.17,91.65,74.26,14.86
2018,3,20.18,11.45,0.0,1.28,91.79,73.81,14.75
2018,4,19.48,11.14,0.0,1.91,91.88,75.11,14.34
2018,5,18.11,9.51,0.0,1.78,91.78,71.16,11.91
2018,6,17.38,8.59,0.0,1.41,91.74,68.3,10.35
2018,7,17.64,8.35,0.0,1.49,91.77,64.28,9.94
2018,8,17.29,8.6,0.0,2.15,91.84,69.5,10.35
2018,9,19.01,10.85,0.0,2.59,92.0,75.96,13.85
2018,10,20.94,12.93,0.0,3.01,92.06,79.14,16.67
2018,11,22.02,13.68,0.0,2.38,92.03,78.5,17.57
2018,12,21.99,12.46,0.0,2.41,91.99,72.87,16.07
2018,13,20.57,10.95,0.0,1.99,91.94,71.2,13.97
2018,14,20.2,10.3,0.0,2.25,91.98,69.15,13.07
2018,15,21.11,10.76,0.0,2.44,91.97,68.7,13.68
2018,16,21.05,11.38,0.0,1.6,91.87,70.8,14.64
2018,17,20.06,10.03,0.0,1.96,91.85,67.42,12.66
2018,18,18.84,8.8,0.0,2.31,91.88,65.43,10.65
2018,19,18.35,8.72,0.0,2.17,91.93,66.76,10.55
2018,20,18.61,8.62,0.0,1.65,91.9,65.27,10.35
2018,21,18.84,8.58,0.0,2.08,91.79,64.87,10.19
2018,22,19.52,8.82,0.0,1.53,91.71,64.24,10.47
2018,23,20.62,10.83,0.0,1.38,91.7,69.62,13.88
2018,24,21.1,10.94,0.0,1.54,91.65,67.84,14.02
2018,25,20.44,8.63,0.0,1.77,91.62,57.04,10.37
2018,26,19.99,9.04,0.0,1.64,91.68,61.9,11.1
2018,27,20.24,9.96,0.0,1.55,91.72,66.14,12.58
2018,28,20.22,9.11,0.0,1.96,91.78,61.98,11.24
2018,29,20.11,8.85,0.0,2.49,91.92,62.19,10.74
2018,30,19.96,8.69,0.0,2.37,91.94,61.9,10.41
2018,31,19.81,7.99,0.0,2.16,91.98,57.64,9.19
2018,32,19.9,6.29,0.0,2.08,91.97,46.39,5.55
2018,33,20.0,6.44,0.0,2.04,91.86,47.66,5.89
2018,34,19.38,6.56,0.0,2.35,91.87,51.82,5.98
2018,35,18.78,6.77,0.0,2.12,91.88,55.39,6.03
2018,36,20.58,7.1,0.0,2.24,92.02,53.72,6.43
2018,37,22.64,10.55,0.0,1.88,92.0,62.7,13.35
2018,38,21.61,13.81,3.7,1.78,92.01,80.01,17.71
2018,39,22.2,10.89,0.58,0.95,91.9,62.74,13.96
2018,40,22.77,12.44,1.29,0.95,91.85,68.79,16.02
2018,41,22.02,11.64,0.0,1.82,91.95,67.04,14.96
2018,42,22.62,10.93,0.0,2.7,92.0,64.12,13.9
2018,43,22.73,10.86,0.0,2.54,92.1,62.15,13.79
2018,44,21.96,10.61,0.0,2.41,92.21,63.46,13.43
2018,45,22.05,9.9,0.0,3.2,92.25,61.38,12.14
2018,46,19.99,9.8,0.0,2.8,92.28,65.49,12.26
2018,47,21.28,8.42,0.0,2.27,92.17,55.86,9.76
2018,48,21.84,8.83,0.0,1.82,91.88,56.16,10.51
2018,49,22.13,8.02,0.0,2.12,91.79,53.24,8.69
2018,50,21.97,7.99,0.0,2.13,91.82,53.98,8.5
2018,51,22.39,8.9,0.0,2.54,91.82,56.38,10.6
2018,52,22.12,7.94,0.0,2.93,91.72,52.06,8.73
2018,53,22.62,7.58,0.0,2.51,91.7,47.27,8.23
2018,54,22.1,7.15,0.0,2.82,91.75,47.27,7.17
2018,55,21.67,6.66,0.0,2.58,91.88,48.04,5.19
2018,56,22.5,7.59,0.0,2.86,91.91,50.8,7.46
2018,57,22.87,6.41,0.0,2.32,91.84,42.32,5.15
2018,58,23.05,5.99,0.0,3.06,91.8,40.36,3.81
2018,59,23.69,5.32,0.0,3.13,91.79,32.5,2.68
2018,60,23.37,5.97,0.0,2.76,91.75,38.11,4.29
2018,61,23.95,5.68,0.0,2.97,91.73,34.72,3.73
2018,62,24.29,5.02,0.0,2.33,91.68,29.88,2.04
2018,63,24.27,4.99,0.0,2.56,91.66,29.78,2.09
2018,64,24.46,4.76,0.0,2.69,91.72,28.28,1.28
2018,65,24.5,5.17,0.0,2.52,91.77,32.64,1.7
2018,66,24.63,5.82,0.0,2.85,91.78,36.14,3.34
2018,67,25.12,5.91,0.0,3.0,91.79,33.59,4.22
2018,68,25.48,6.59,0.0,2.95,91.81,36.34,5.82
2018,69,25.87,7.47,0.0,3.11,91.81,38.2,8.1
2018,70,25.74,7.62,0.0,3.6,91.85,39.51,8.24
2018,71,25.48,8.55,0.0,3.81,91.9,44.21,10.06
2018,72,25.5,10.93,0.01,3.64,91.85,55.99,13.62
2018,73,25.5,11.69,0.03,2.97,91.8,55.75,14.96
2018,74,25.47,12.34,2.38,1.37,91.77,56.87,15.87
2018,75,25.06,14.09,1.67,1.02,91.68,67.08,17.94
2018,76,24.81,13.85,16.54,1.91,91.7,67.49,17.67
2018,77,24.61,13.66,0.13,1.94,91.81,66.79,17.49
2018,78,25.2,10.36,0.0,2.9,91.92,53.76,12.7
2018,79,25.7,9.35,0.0,2.44,91.81,47.74,11.38
2018,80,26.14,10.03,0.0,1.26,91.76,48.21,12.57
2018,81,27.52,11.32,0.0,1.57,91.6,47.38,14.46
2018,82,27.68,9.28,0.0,2.38,91.57,40.02,11.22
2018,83,27.94,10.91,0.02,2.51,91.71,45.99,13.86
2018,84,27.99,9.89,0.0,3.55,91.87,42.85,12.27
2018,85,27.48,8.24,0.0,3.23,91.93,38.43,9.4
2018,86,27.7,8.06,0.0,1.7,91.79,36.82,9.25
2018,87,28.67,11.1,0.0,1.6,91.75,45.66,13.94
2018,88,28.7,11.25,0.0,1.03,91.72,43.57,14.4
2018,89,29.18,11.74,1.19,1.16,91.64,44.51,15.03
2018,90,27.37,13.09,0.14,1.8,91.63,54.25,16.64
2018,91,28.54,11.5,0.0,1.77,91.58,47.31,14.61
2018,92,28.45,11.76,1.37,2.7,91.68,46.97,15.03
2018,93,28.83,10.76,1.4,2.38,91.62,44.32,13.43
2018,94,28.76,10.16,0.0,2.88,91.52,42.24,12.5
2018,95,27.88,10.6,0.0,3.27,91.47,46.54,13.17
2018,96,27.24,9.86,0.0,2.3,91.57,43.98,12.13
2018,97,28.27,9.82,0.0,2.84,91.64,42.38,12.08
2018,98,27.71,10.76,0.01,3.58,91.7,48.48,13.39
2018,99,27.59,10.77,0.06,3.27,91.72,48.21,13.53
2018,100,28.07,10.69,0.0,3.16,91.64,47.09,13.19
2018,101,28.42,11.55,0.01,2.07,91.65,48.24,14.59
2018,102,29.18,12.04,0.0,2.78,91.56,47.71,15.22
2018,103,29.05,12.12,0.0,3.03,91.62,47.7,15.43
2018,104,29.82,11.77,0.05,2.95,91.57,45.86,14.78
2018,105,29.82,12.97,0.01,3.37,91.62,49.53,16.43
2018,106,30.18,12.54,1.86,2.63,91.69,46.64,15.96
2018,107,30.16,11.67,0.0,3.0,91.75,44.6,14.7
2018,108,30.42,10.77,0.0,2.65,91.69,39.46,13.71
2018,109,29.69,12.15,0.14,1.79,91.57,44.83,15.57
2018,110,28.74,12.59,5.29,1.84,91.57,48.25,16.12
2018,111,28.12,14.08,2.78,1.59,91.57,57.28,17.86
2018,112,28.72,13.89,6.28,2.25,91.59,54.28,17.63
2018,113,28.66,14.36,0.76,1.76,91.62,56.21,18.17
2018,114,28.3,12.72,1.14,1.52,91.64,50.88,16.26
2018,115,28.19,13.8,4.8,1.65,91.55,56.17,17.47
2018,116,28.53,13.34,0.67,1.77,91.48,53.52,16.93
2018,117,28.33,12.72,0.29,2.68,91.6,51.97,16.13
2018,118,28.73,12.55,0.0,2.91,91.69,51.78,15.81
2018,119,30.44,12.12,0.01,1.56,91.57,44.33,15.42
2018,120,29.48,13.63,2.95,2.54,91.49,50.63,17.36
2018,121,28.7,14.85,7.9,1.87,91.53,59.75,18.59
2018,122,28.58,15.02,0.6,1.69,91.57,59.96,18.78
2018,123,28.42,15.27,19.53,2.0,91.59,61.41,19.07
2018,124,26.69,15.07,5.5,2.25,91.63,66.49,18.85
2018,125,27.15,13.7,0.02,2.38,91.71,59.41,17.5
2018,126,27.78,13.73,0.02,2.36,91.73,58.69,17.48
2018,127,27.79,14.67,0.03,2.38,91.64,61.24,18.53
2018,128,26.59,15.07,3.05,2.11,91.56,65.77,18.95
2018,129,25.2,14.99,2.43,2.08,91.65,70.73,18.9
2018,130,25.65,14.72,13.27,1.31,91.74,68.37,18.57
2018,131,25.83,15.99,14.92,1.46,91.68,72.99,19.93
2018,132,26.13,15.84,0.6,1.32,91.62,70.97,19.78
2018,133,26.31,15.52,13.39,1.45,91.6,68.36,19.42
2018,134,23.97,15.51,2.44,1.46,91.66,76.81,19.47
2018,135,25.28,13.24,2.69,1.95,91.56,63.8,16.86
2018,136,26.08,13.65,2.89,1.3,91.46,62.31,17.33
2018,137,26.78,14.83,3.01,1.19,91.44,65.0,18.63
2018,138,25.43,15.77,4.5,2.02,91.46,73.14,19.69
2018,139,26.77,15.28,8.01,1.31,91.39,66.72,19.13
2018,140,26.61,16.05,5.86,1.81,91.43,69.62,19.97
2018,141,26.33,15.59,5.37,1.41,91.47,68.48,19.5
2018,142,26.23,15.56,2.22,1.73,91.48,69.7,19.46
2018,143,27.64,14.91,3.04,1.2,91.39,61.35,18.71
2018,144,26.68,15.87,2.05,2.33,91.31,68.51,19.77
2018,145,25.62,16.58,16.54,2.31,91.28,75.11,20.48
2018,146,25.86,16.0,1.54,2.11,91.27,72.9,19.88
2018,147,25.65,16.2,2.35,2.56,91.25,73.88,20.1
2018,148,26.11,16.11,0.03,1.47,91.12,71.66,19.97
2018,149,26.12,16.15,0.42,3.31,91.18,72.09,20.03
2018,150,25.63,17.54,9.07,2.39,91.24,78.73,21.38
2018,151,25.95,17.7,1.59,1.56,91.35,78.29,21.55
2018,152,24.99,17.37,7.46,1.43,91.48,81.1,21.26
2018,153,25.28,15.9,8.45,1.07,91.49,74.37,19.78
2018,154,24.01,16.77,2.52,2.25,91.4,82.92,20.7
2018,155,23.81,16.59,2.11,2.15,91.33,82.82,20.5
2018,156,24.91,15.1,0.36,3.2,91.37,72.43,18.97
2018,157,25.06,14.57,2.83,3.78,91.55,70.47,18.39
2018,158,23.6,15.56,5.86,4.97,91.47,79.4,19.51
2018,159,23.42,15.14,0.72,6.04,91.28,77.87,19.01
2018,160,23.29,14.8,0.93,6.64,91.2,76.37,18.66
2018,161,24.24,15.83,0.68,5.8,91.33,77.86,19.73
2018,162,24.64,16.59,0.25,5.56,91.41,79.27,20.51
2018,163,24.65,16.44,0.01,5.24,91.4,78.68,20.38
2018,164,24.66,16.39,0.44,4.94,91.45,78.4,20.34
2018,165,24.46,14.04,1.04,4.31,91.52,70.04,17.7
2018,166,24.46,13.64,3.01,3.72,91.57,69.1,17.34
2018,167,23.55,11.61,3.58,4.33,91.68,63.8,14.6
2018,168,23.22,12.71,1.52,4.44,91.64,67.28,16.3
2018,169,23.15,13.45,2.16,4.66,91.56,72.61,17.16
2018,170,23.91,15.39,0.06,4.83,91.47,77.62,19.31
2018,171,23.95,15.61,0.0,4.73,91.42,77.89,19.52
2018,172,24.09,15.06,0.06,4.45,91.38,75.01,18.98
2018,173,23.4,14.33,0.06,4.27,91.39,74.32,18.19
2018,174,23.39,14.93,4.66,3.73,91.38,77.34,18.82
2018,175,23.21,13.55,0.45,4.21,91.5,72.03,17.3
2018,176,22.89,13.01,0.25,4.34,91.46,70.68,16.65
2018,177,23.17,14.0,0.57,5.02,91.34,74.39,17.79
2018,178,23.52,15.19,6.04,4.75,91.28,78.46,19.08
2018,179,23.44,15.01,0.29,4.36,91.36,77.71,18.9
2018,180,23.65,14.16,0.02,3.5,91.4,73.2,17.97
2018,181,23.83,12.69,0.25,3.04,91.48,66.08,16.18
2018,182,24.26,13.59,4.26,2.59,91.51,68.32,17.34
2018,183,23.7,14.15,19.78,3.6,91.5,73.49,17.99
2018,184,22.72,14.4,4.39,3.05,91.56,77.81,18.27
2018,185,24.05,14.29,0.03,3.95,91.58,72.97,18.16
2018,186,24.19,13.93,0.0,4.63,91.56,71.0,17.73
2018,187,23.52,14.82,0.29,4.43,91.48,76.58,18.73
2018,188,22.91,14.87,0.05,4.21,91.35,78.98,18.75
2018,189,23.33,14.52,0.39,4.69,91.29,75.7,18.34
2018,190,23.76,14.76,0.82,4.57,91.29,75.52,18.6
2018,191,23.26,13.95,7.28,4.68,91.39,73.86,17.68
2018,192,23.05,15.11,5.38,5.56,91.4,79.96,19.02
2018,193,23.79,14.86,0.34,6.22,91.35,75.65,18.75
2018,194,23.02,15.05,1.12,5.3,91.33,79.41,18.93
2018,195,23.41,15.36,0.41,5.42,91.26,79.0,19.26
2018,196,24.05,14.88,0.03,6.1,91.22,74.59,18.74
2018,197,22.78,14.56,0.32,6.23,91.3,77.77,18.42
2018,198,23.7,14.45,0.02,6.4,91.33,74.1,18.31
2018,199,23.76,14.81,0.0,5.38,91.38,75.14,18.68
2018,200,24.58,15.31,0.08,5.21,91.38,74.64,19.22
2018,201,24.17,15.02,0.01,5.81,91.38,74.61,18.92
2018,202,23.91,14.92,0.04,5.51,91.48,75.11,18.84
2018,203,24.76,14.51,0.01,5.47,91.44,70.41,18.38
2018,204,24.49,15.01,5.33,5.05,91.4,73.7,18.91
2018,205,23.98,15.29,1.39,4.61,91.53,76.85,19.24
2018,206,24.45,15.13,0.42,4.48,91.54,74.43,19.07
2018,207,24.85,14.91,0.56,4.29,91.57,72.1,18.85
2018,208,24.49,14.74,0.11,4.56,91.55,72.47,18.67
2018,209,24.58,15.02,2.26,4.22,91.47,73.18,18.94
2018,210,24.43,15.15,0.39,3.91,91.41,74.29,19.06
2018,211,24.27,15.13,1.09,3.81,91.43,74.92,19.05
2018,212,23.33,15.3,2.43,4.29,91.49,79.31,19.24
2018,213,23.59,14.89,4.54,4.25,91.56,76.81,18.83
2018,214,24.04,14.53,0.6,3.99,91.65,73.62,18.45
2018,215,23.42,13.86,0.5,4.36,91.71,72.98,17.7
2018,216,23.22,14.26,0.02,4.27,91.67,75.12,18.16
2018,217,24.21,14.18,0.02,4.63,91.63,71.19,18.05
2018,218,23.9,14.06,3.72,5.42,91.51,71.98,17.9
2018,219,22.86,14.11,0.82,5.38,91.39,75.97,17.93
2018,220,23.63,14.65,2.07,4.97,91.37,75.63,18.52
2018,221,23.81,14.32,0.42,4.85,91.57,73.59,18.2
2018,222,22.83,14.55,1.02,4.25,91.7,78.16,18.48
2018,223,23.45,14.36,0.78,5.65,91.55,74.99,18.25
2018,224,22.24,14.23,1.21,5.52,91.45,78.69,18.09
2018,225,22.97,13.3,0.34,6.2,91.48,71.62,17.03
2018,226,22.57,15.22,6.11,5.44,91.36,81.91,19.11
2018,227,23.29,16.19,7.61,4.95,91.26,83.4,20.1
2018,228,23.46,14.96,0.23,6.39,91.29,76.91,18.85
2018,229,24.51,14.68,0.01,6.46,91.25,71.87,18.55
2018,230,24.07,14.35,0.09,5.6,91.31,72.26,18.19
2018,231,24.59,14.16,0.0,5.43,91.32,69.7,17.99
2018,232,23.87,13.99,0.06,5.48,91.39,71.55,17.81
2018,233,24.46,13.97,0.14,5.0,91.5,69.62,17.8
2018,234,24.15,13.66,0.04,4.35,91.56,69.13,17.44
2018,235,24.41,14.47,0.99,4.03,91.59,71.71,18.37
2018,236,23.73,14.66,7.91,3.75,91.58,75.28,18.57
2018,237,23.62,14.6,1.65,3.39,91.55,75.23,18.51
2018,238,24.03,14.24,2.32,3.85,91.45,72.47,18.09
2018,239,23.82,14.23,0.52,4.32,91.47,73.01,18.09
2018,240,23.69,14.17,1.97,3.8,91.48,73.34,18.02
2018,241,23.96,14.21,0.71,3.64,91.57,72.7,18.08
2018,242,24.49,14.63,7.2,3.65,91.51,72.65,18.53
2018,243,24.46,14.35,0.81,3.84,91.54,71.66,18.2
2018,244,23.91,14.26,0.01,2.66,91.66,72.74,18.12
2018,245,24.95,13.69,0.0,3.11,91.66,66.87,17.49
2018,246,23.22,13.05,0.0,2.56,91.68,69.67,16.71
2018,247,24.93,13.19,0.15,2.81,91.68,65.54,16.86
2018,248,24.05,13.26,0.08,3.13,91.64,67.84,16.96
2018,249,24.44,13.07,0.0,3.71,91.53,66.49,16.71
2018,250,24.33,12.98,0.0,3.75,91.6,66.33,16.65
2018,251,24.73,13.21,0.0,3.3,91.59,65.75,16.94
2018,252,25.37,13.86,3.91,1.47,91.61,66.03,17.63
2018,253,24.91,14.27,1.47,1.32,91.76,69.43,18.13
2018,254,25.98,14.99,1.49,1.13,91.78,68.42,18.92
2018,255,24.05,15.15,8.93,1.83,91.69,75.29,19.08
2018,256,25.91,13.4,2.31,1.44,91.6,62.4,17.08
2018,257,25.77,13.57,11.59,1.01,91.62,63.7,17.26
2018,258,24.67,15.17,14.1,1.44,91.69,74.0,19.09
2018,259,23.88,16.0,18.93,2.03,91.56,80.16,19.95
2018,260,23.21,15.25,9.52,3.04,91.51,79.95,19.19
2018,261,23.66,14.68,2.88,2.96,91.53,75.89,18.57
2018,262,22.71,13.42,0.04,3.45,91.53,73.37,17.14
2018,263,22.96,14.27,5.8,2.67,91.32,76.54,18.1
2018,264,23.09,14.99,0.96,2.6,91.38,78.94,18.9
2018,265,23.84,12.62,0.65,2.11,91.63,67.34,16.16
2018,266,24.19,15.18,7.81,0.96,91.83,75.87,19.12
2018,267,23.46,16.06,8.35,1.17,91.82,82.35,20.08
2018,268,24.35,15.67,1.05,0.95,91.69,77.37,19.63
2018,269,24.22,16.08,8.78,1.74,91.59,79.58,20.05
2018,270,24.59,15.41,1.65,1.64,91.57,75.41,19.36
2018,271,24.33,15.87,2.1,1.83,91.59,78.52,19.83
2018,272,24.83,15.55,0.38,2.27,91.6,74.97,19.51
2018,273,25.49,15.32,0.25,2.14,91.6,72.01,19.26
2018,274,25.23,15.12,0.21,2.7,91.61,72.35,19.05
2018,275,25.07,14.98,0.06,2.23,91.68,71.94,18.91
2018,276,24.39,14.92,6.57,2.12,91.67,75.13,18.85
2018,277,23.2,14.93,7.83,2.68,91.68,79.07,18.84
2018,278,22.72,15.32,6.95,3.13,91.68,82.44,19.28
2018,279,23.09,15.54,5.33,3.0,91.67,82.04,19.53
2018,280,23.9,14.85,0.2,2.09,91.64,76.06,18.78
2018,281,24.36,13.98,4.8,1.68,91.61,70.86,17.69
2018,282,23.59,14.16,2.2,1.48,91.56,73.44,18.01
2018,283,23.28,11.57,0.01,2.19,91.54,62.06,14.75
2018,284,24.08,9.81,0.0,1.68,91.55,50.49,12.31
2018,285,24.14,12.86,0.0,1.75,91.63,66.05,16.47
2018,286,25.29,12.34,0.53,0.66,91.75,59.17,15.72
2018,287,24.53,15.15,7.03,0.85,91.84,74.67,19.13
2018,288,23.98,15.84,1.71,1.23,91.88,79.33,19.86
2018,289,23.61,15.43,2.55,1.49,91.95,79.63,19.44
2018,290,22.26,15.16,14.46,1.39,91.92,83.48,19.15
2018,291,22.49,14.2,1.7,0.7,91.86,78.33,18.1
2018,292,23.25,14.39,0.15,1.4,91.85,76.3,18.33
2018,293,23.01,11.5,0.0,1.85,91.91,65.69,14.44
2018,294,23.55,12.71,0.05,1.93,91.94,68.88,16.24
2018,295,22.68,10.4,0.01,2.12,91.92,61.35,13.02
2018,296,22.87,10.79,0.0,2.07,91.92,61.66,13.82
2018,297,22.59,10.99,0.0,2.22,91.9,64.41,14.04
2018,298,22.83,11.18,0.0,2.83,91.97,64.74,14.27
2018,299,23.14,11.91,0.0,2.99,92.0,66.57,15.36
2018,300,22.76,10.55,0.0,2.7,91.98,61.97,13.3
2018,301,21.98,9.83,0.0,2.83,91.9,60.78,12.26
2018,302,21.74,7.95,0.0,2.24,91.77,49.63,9.14
2018,303,22.37,9.1,0.0,1.96,91.7,52.88,11.16
2018,304,23.83,13.28,0.01,2.62,91.72,69.78,16.97
2018,305,24.09,14.39,0.09,2.76,91.7,73.04,18.29
2018,306,23.15,14.61,1.6,2.83,91.73,77.86,18.54
2018,307,23.5,14.58,1.13,3.07,91.81,76.73,18.51
2018,308,23.91,13.71,0.29,3.07,91.86,72.03,17.46
2018,309,24.39,12.8,0.0,3.08,91.87,65.66,16.39
2018,310,22.87,12.23,0.0,2.24,91.94,68.37,15.68
2018,311,22.57,9.64,0.0,2.51,91.92,58.65,11.71
2018,312,22.51,10.04,0.0,2.35,91.83,59.15,12.38
2018,313,23.31,10.87,0.0,2.58,91.76,62.15,13.67
2018,314,22.85,10.51,0.0,2.04,91.82,61.87,13.22
2018,315,22.56,10.19,0.0,1.87,91.88,60.55,12.81
2018,316,22.17,8.68,0.0,1.95,91.8,52.5,10.44
2018,317,21.75,6.53,0.0,1.6,91.67,40.71,6.23
2018,318,21.98,6.04,0.0,1.57,91.64,37.35,4.97
2018,319,22.24,11.06,1.03,2.83,91.73,61.92,13.8
2018,320,22.9,14.63,0.56,3.6,91.74,78.38,18.53
2018,321,24.09,14.02,0.05,2.17,91.8,71.72,17.89
2018,322,24.72,14.29,0.09,2.1,91.83,70.78,18.18
2018,323,25.16,13.37,0.01,2.57,91.92,66.15,17.04
2018,324,24.08,12.65,0.0,3.02,91.98,66.14,16.2
2018,325,21.32,13.32,2.66,3.47,91.95,78.8,17.11
2018,326,21.72,14.11,5.55,3.45,91.95,81.47,18.03
2018,327,22.68,14.88,9.89,2.77,92.08,81.55,18.87
2018,328,23.58,12.94,0.3,2.37,92.16,70.01,16.57
2018,329,23.5,12.28,0.0,2.03,92.06,67.52,15.71
2018,330,22.22,10.62,0.0,2.28,91.92,64.59,13.31
2018,331,20.43,9.31,0.0,2.41,91.99,63.92,11.29
2018,332,21.0,10.4,0.0,2.75,92.0,67.27,13.16
2018,333,22.45,12.49,0.2,2.64,92.07,71.51,16.11
2018,334,22.78,11.7,0.01,2.22,92.06,67.0,15.05
2018,335,22.0,10.52,0.0,2.27,91.9,64.51,13.26
2018,336,21.66,10.5,0.0,2.36,91.78,65.63,13.22
2018,337,22.72,11.43,0.0,2.71,91.83,65.92,14.63
2018,338,21.18,14.02,2.43,2.01,91.93,82.9,17.88
2018,339,23.11,14.25,0.76,1.29,91.87,76.96,18.15
2018,340,24.41,12.92,0.03,2.34,91.75,66.24,16.47
2018,341,23.73,12.0,0.0,2.69,91.81,65.33,15.25
2018,342,23.43,12.42,0.0,2.91,91.9,67.43,15.97
2018,343,23.18,11.2,0.0,2.57,91.88,63.51,14.23
2018,344,23.51,11.53,0.0,1.55,91.85,63.67,14.74
2018,345,23.26,10.92,0.0,1.75,91.85,62.18,13.91
2018,346,23.6,11.21,0.0,1.35,91.94,61.74,14.31
2018,347,23.47,11.4,0.0,1.79,91.98,62.48,14.64
2018,348,23.17,10.11,0.0,2.69,91.97,57.02,12.73
2018,349,21.94,10.36,0.0,3.62,91.96,62.83,13.1
2018,350,20.43,9.54,0.0,3.0,91.94,62.34,11.83
2018,351,21.07,8.13,0.0,2.42,91.88,53.66,9.36
2018,352,20.96,6.54,0.0,2.09,91.94,41.97,6.39
2018,353,19.26,8.9,0.0,1.42,91.99,62.05,10.93
2018,354,21.6,9.6,0.0,1.75,91.97,60.99,11.99
2018,355,23.34,10.87,0.0,1.66,91.92,61.32,13.88
2018,356,23.87,11.29,0.0,2.46,91.89,61.12,14.49
2018,357,24.33,12.41,0.01,2.92,91.95,63.69,16.0
2018,358,24.54,11.54,0.0,2.54,91.94,59.08,14.84
2018,359,24.17,10.47,0.0,2.37,91.95,56.54,13.24
2018,360,23.86,9.59,0.0,1.63,91.93,54.42,11.75
2018,361,23.88,9.92,0.0,1.82,91.87,54.58,12.35
2018,362,22.97,10.3,1.13,1.54,91.83,57.72,13.01
2018,363,22.65,9.51,0.42,2.68,92.0,56.31,11.23
2018,364,20.91,8.61,0.0,2.86,92.16,57.29,10.25
2018,365,20.9,7.89,0.0,2.68,92.24,52.87,8.54
2019,1,19.39,5.72,0.0,2.5,92.24,47.59,3.4
2019,2,19.22,5.98,0.0,2.89,92.25,49.99,4.35
2019,3,19.63,6.06,0.0,2.76,92.3,49.04,4.43
2019,4,19.57,6.63,0.0,3.11,92.24,51.83,6.19
2019,5,19.89,6.73,0.0,2.38,92.12,52.66,6.19
2019,6,20.9,6.83,0.0,2.15,91.98,52.72,5.38
2019,7,21.08,6.91,0.0,2.47,91.93,51.33,6.03
2019,8,21.1,6.4,0.0,2.25,91.97,45.71,5.48
2019,9,21.1,6.0,0.0,2.31,91.95,45.27,4.06
2019,10,21.26,6.66,0.0,2.35,91.93,49.96,5.33
2019,11,21.44,7.13,0.0,1.87,92.0,51.42,6.29
2019,12,21.56,7.78,0.0,2.39,91.99,53.2,8.39
2019,13,21.27,6.21,0.0,2.03,92.0,46.41,4.36
2019,14,20.96,6.35,0.0,2.26,91.96,46.86,4.9
2019,15,20.81,5.24,0.0,2.76,92.0,40.55,1.75
2019,16,21.07,6.88,0.0,2.61,92.03,49.88,6.43
2019,17,21.62,8.15,0.0,2.73,91.93,54.83,9.14
2019,18,21.4,7.97,0.0,2.86,91.93,54.26,8.82
2019,19,21.18,6.55,0.0,2.8,92.0,48.29,5.19
2019,20,20.87,6.04,0.0,2.67,92.08,46.93,3.89
2019,21,21.09,5.84,0.0,2.5,92.0,46.58,2.5
2019,22,21.51,6.88,0.0,1.38,91.96,49.54,5.85
2019,23,22.62,8.69,0.0,1.6,91.93,54.38,10.0
2019,24,23.27,9.22,0.0,2.15,91.98,54.09,11.07
2019,25,24.02,10.6,0.0,2.91,91.94,57.45,13.43
2019,26,24.74,11.59,0.0,2.52,91.94,59.07,14.78
2019,27,23.85,12.25,0.67,2.56,91.99,64.32,15.76
2019,28,23.08,11.99,8.05,2.34,92.03,66.06,15.42
2019,29,21.44,11.21,1.81,2.75,92.12,67.19,14.47
2019,30,21.44,9.51,0.0,2.61,92.1,59.51,11.8
2019,31,20.89,8.08,0.0,2.73,92.06,55.22,9.26
2019,32,21.46,9.12,0.0,2.29,92.03,58.57,11.11
2019,33,22.51,9.15,0.0,2.35,91.95,55.15,11.13
2019,34,23.25,9.56,0.0,2.34,92.03,55.21,11.85
2019,35,24.19,10.0,0.0,3.08,92.17,54.52,12.6
2019,36,23.45,9.79,0.0,2.78,92.15,54.81,12.3
2019,37,24.28,8.63,0.0,2.35,91.93,48.04,10.26
2019,38,25.01,9.98,0.0,2.66,91.91,51.73,12.55
2019,39,25.99,10.59,0.0,1.82,91.95,51.21,13.45
2019,40,25.92,12.0,5.85,1.84,91.98,55.73,15.42
2019,41,22.89,14.53,11.56,2.27,92.1,77.58,18.52
2019,42,23.8,12.81,0.02,3.7,92.13,66.81,16.51
2019,43,23.04,10.38,0.0,3.95,92.22,60.17,13.14
2019,44,22.92,9.78,0.0,3.38,92.25,58.2,12.23
2019,45,23.71,10.47,0.0,3.08,92.03,57.93,13.35
2019,46,24.88,11.57,0.0,1.58,92.02,58.93,14.87
2019,47,25.62,11.49,0.0,1.88,92.0,55.77,14.66
2019,48,25.73,10.29,0.0,2.02,91.89,49.13,12.78
2019,49,25.46,7.13,0.0,1.19,91.76,35.37,7.49
2019,50,27.0,12.27,0.01,3.14,91.85,55.5,15.61
2019,51,26.0,10.66,0.0,3.74,92.09,52.57,13.31
2019,52,24.59,9.0,0.0,3.57,92.25,50.06,10.6
2019,53,24.11,6.28,0.0,3.44,92.07,38.78,4.92
2019,54,24.77,5.11,0.0,3.35,91.91,29.76,2.41
2019,55,25.2,5.72,0.0,3.27,91.78,32.28,3.92
2019,56,25.26,5.49,0.0,2.09,91.7,32.77,2.7
2019,57,25.89,7.33,0.0,1.67,91.63,37.6,7.82
2019,58,27.58,9.92,0.0,1.95,91.57,44.95,11.97
2019,59,27.18,8.43,0.0,1.9,91.62,37.1,9.62
2019,60,28.17,11.46,0.01,2.1,91.65,49.33,14.39
2019,61,27.78,12.05,0.08,3.4,91.77,51.76,15.33
2019,62,27.36,11.49,0.0,2.06,91.74,50.39,14.69
2019,63,28.5,10.79,0.0,1.94,91.65,45.33,13.62
2019,64,30.15,9.56,0.0,1.47,91.59,34.61,11.94
2019,65,29.71,7.78,0.0,1.62,91.65,29.14,8.71
2019,66,29.69,6.04,0.0,1.43,91.58,23.99,4.55
2019,67,29.33,8.76,0.0,1.71,91.68,34.2,9.85
2019,68,29.17,11.32,0.01,2.73,91.85,44.65,14.29
2019,69,29.63,11.01,0.0,2.68,91.87,42.87,13.83
2019,70,28.86,9.44,0.0,3.5,91.96,38.47,11.44
2019,71,27.44,7.93,0.0,3.08,92.0,36.17,8.92
2019,72,26.95,6.55,0.0,3.59,92.03,30.31,6.34
2019,73,27.01,6.39,0.0,3.66,92.0,29.49,6.02
2019,74,27.0,6.43,0.0,3.37,91.97,30.3,5.9
2019,75,26.5,7.05,0.0,3.34,91.96,34.67,7.28
2019,76,26.16,6.84,0.0,2.61,91.92,36.41,6.33
2019,77,27.1,9.67,0.0,2.5,91.9,46.42,11.6
2019,78,28.42,10.36,0.0,2.53,91.74,45.32,12.89
2019,79,28.45,10.32,0.0,3.42,91.72,42.4,12.98
2019,80,28.18,8.6,0.0,2.43,91.82,37.47,10.03
2019,81,28.47,8.9,0.0,2.09,91.87,38.41,10.73
2019,82,29.53,9.93,0.0,2.07,91.82,40.52,12.22
2019,83,30.09,8.27,0.0,3.01,91.75,31.9,9.56
2019,84,29.12,8.45,0.0,3.2,91.76,35.09,9.87
2019,85,28.71,8.3,0.0,3.13,91.88,35.38,9.53
2019,86,28.8,7.19,0.0,2.97,91.98,30.99,7.26
2019,87,29.07,7.52,0.0,3.01,91.9,32.74,7.93
2019,88,29.96,6.66,0.0,2.13,91.72,25.75,6.58
2019,89,29.76,7.33,0.0,2.69,91.72,28.82,7.82
2019,90,29.99,7.55,0.0,2.14,91.77,28.85,8.15
2019,91,30.39,7.33,0.0,2.72,91.75,26.92,7.99
2019,92,30.11,8.59,0.0,2.6,91.73,33.38,10.08
2019,93,29.93,9.2,0.01,3.42,91.72,35.5,11.22
2019,94,28.76,8.15,0.0,3.26,91.87,34.85,9.27
2019,95,29.49,9.43,0.0,2.74,91.87,39.08,11.33
2019,96,29.47,7.93,0.0,2.86,91.83,32.64,8.72
2019,97,29.43,8.43,0.0,2.74,91.73,33.61,9.81
2019,98,29.83,10.68,0.59,2.63,91.63,42.81,13.31
2019,99,29.94,11.77,1.57,2.34,91.7,44.05,14.95
2019,100,30.74,10.54,0.11,3.3,91.73,38.23,13.1
2019,101,29.09,9.89,0.03,1.9,91.7,39.5,12.23
2019,102,30.47,8.39,0.0,2.38,91.64,31.0,9.82
2019,103,29.62,8.63,0.0,2.85,91.67,34.78,10.12
2019,104,29.81,7.26,0.0,3.38,91.71,28.78,7.69
2019,105,29.21,6.2,0.0,2.28,91.71,25.55,5.34
2019,106,30.22,9.36,0.0,2.26,91.68,34.87,11.47
2019,107,29.01,12.96,3.84,2.0,91.76,49.81,16.63
2019,108,29.4,12.88,5.62,2.23,91.71,48.32,16.51
2019,109,29.3,12.99,2.67,1.54,91.61,51.72,16.32
2019,110,27.12,14.84,3.01,2.06,91.54,62.65,18.72
2019,111,27.73,14.25,0.77,1.77,91.48,59.89,18.01
2019,112,28.29,13.62,3.61,2.04,91.48,54.86,17.31
2019,113,26.47,12.8,1.71,2.43,91.64,57.91,16.22
2019,114,28.55,10.39,0.0,2.8,91.66,44.22,12.91
2019,115,28.61,8.93,0.0,2.38,91.67,37.87,10.69
2019,116,29.78,10.43,0.0,3.03,91.56,41.16,13.09
2019,117,29.8,10.36,0.01,2.58,91.53,38.71,13.09
2019,118,30.09,11.08,0.0,2.62,91.53,41.63,13.89
2019,119,30.09,11.23,0.0,1.93,91.53,40.32,14.35
2019,120,29.22,14.38,15.07,2.76,91.44,55.06,18.09
2019,121,26.95,15.08,25.11,3.48,91.36,65.41,18.83
2019,122,27.7,12.55,0.0,3.77,91.37,55.45,15.88
2019,123,28.06,13.19,0.0,3.12,91.47,55.63,16.72
2019,124,27.8,12.23,0.0,2.17,91.7,52.89,15.51
2019,125,28.99,13.64,0.57,1.3,91.77,54.3,17.25
2019,126,29.32,14.22,0.97,1.22,91.66,54.01,17.98
2019,127,28.0,14.82,8.89,2.73,91.62,59.92,18.68
2019,128,25.87,15.75,3.22,3.37,91.66,71.34,19.68
2019,129,27.74,14.3,2.16,2.63,91.55,60.19,18.08
2019,130,28.93,13.88,0.56,2.17,91.52,54.59,17.57
2019,131,28.89,14.37,0.55,1.41,91.64,55.87,18.16
2019,132,29.02,14.89,1.5,1.12,91.59,57.21,18.71
2019,133,28.8,14.88,1.1,1.41,91.54,58.32,18.7
2019,134,28.12,14.59,2.83,2.08,91.55,58.69,18.41
2019,135,27.98,15.67,4.6,1.77,91.61,63.19,19.55
2019,136,28.95,14.89,1.76,1.43,91.66,58.54,18.65
2019,137,27.67,15.67,7.82,1.08,91.68,63.83,19.6
2019,138,28.2,14.8,0.98,1.42,91.56,60.42,18.64
2019,139,29.95,14.05,2.84,1.59,91.55,52.18,17.73
2019,140,29.38,13.46,0.0,1.94,91.62,50.65,17.12
2019,141,29.47,11.6,0.18,2.03,91.62,44.78,14.8
2019,142,28.14,15.39,2.88,1.56,91.6,60.99,19.29
2019,143,27.82,15.79,1.96,1.15,91.58,63.8,19.71
2019,144,28.73,15.67,0.48,1.41,91.58,61.78,19.53
2019,145,27.45,16.33,6.11,2.98,91.52,67.34,20.23
2019,146,27.23,16.9,10.91,2.37,91.45,70.72,20.8
2019,147,28.51,16.22,3.45,1.82,91.42,64.19,20.09
2019,148,29.42,15.44,2.13,1.4,91.38,57.83,19.28
2019,149,25.79,16.72,4.32,2.72,91.41,74.72,20.61
2019,150,26.34,15.68,3.02,2.19,91.38,69.01,19.57
2019,151,25.04,16.72,3.14,2.57,91.44,77.79,20.65
2019,152,26.51,16.11,1.86,2.51,91.48,70.54,20.03
2019,153,28.06,16.42,9.63,2.21,91.42,67.29,20.27
2019,154,25.65,16.28,0.15,2.62,91.49,73.9,20.2
2019,155,26.68,16.7,6.3,2.12,91.39,71.67,20.57
2019,156,26.2,16.96,11.35,1.65,91.39,73.97,20.84
2019,157,26.7,16.78,1.27,1.52,91.36,72.44,20.67
2019,158,26.88,16.88,4.02,0.94,91.44,71.73,20.77
2019,159,26.03,16.01,0.97,2.4,91.45,71.51,19.91
2019,160,26.85,14.36,0.39,3.86,91.38,63.42,18.15
2019,161,25.51,14.69,0.0,3.7,91.34,67.58,18.57
2019,162,25.89,14.51,0.0,5.17,91.38,66.14,18.37
2019,163,26.27,15.13,0.0,5.6,91.44,67.78,19.03
2019,164,25.17,14.7,0.0,5.24,91.51,69.13,18.58
2019,165,25.47,13.33,0.26,4.93,91.51,63.51,16.95
2019,166,26.52,14.31,0.72,4.19,91.53,64.54,18.09
2019,167,26.74,14.63,0.03,3.89,91.57,64.81,18.46
2019,168,26.15,14.46,0.0,4.05,91.6,65.73,18.25
2019,169,26.41,14.72,0.08,3.7,91.49,65.7,18.59
2019,170,27.34,14.97,3.25,4.13,91.4,64.34,18.79
2019,171,26.21,13.58,0.68,4.7,91.43,61.81,17.22
2019,172,24.85,13.8,0.01,3.75,91.38,66.74,17.54
2019,173,24.8,14.87,1.95,4.23,91.32,71.34,18.75
2019,174,24.43,14.66,4.16,3.85,91.22,72.17,18.47
2019,175,25.39,14.36,3.7,3.55,91.31,67.82,18.15
2019,176,25.7,13.64,0.43,3.48,91.47,64.34,17.3
2019,177,24.57,15.22,0.8,3.34,91.53,73.57,19.16
2019,178,25.55,15.32,2.9,4.23,91.43,71.08,19.24
2019,179,25.2,14.94,0.16,4.68,91.44,70.39,18.83
2019,180,24.7,14.85,0.0,4.73,91.43,71.39,18.73
2019,181,24.8,14.93,0.02,4.76,91.42,71.32,18.84
2019,182,26.44,14.91,0.04,4.72,91.34,66.56,18.75
2019,183,25.66,15.19,0.01,4.66,91.39,69.93,19.08
2019,184,25.8,15.15,0.0,4.95,91.45,68.97,19.04
2019,185,25.68,15.31,0.21,5.15,91.44,69.94,19.21
2019,186,25.02,15.68,1.19,5.43,91.36,73.9,19.59
2019,187,24.49,15.49,0.46,5.56,91.39,74.91,19.41
2019,188,24.98,14.64,0.13,5.46,91.46,70.3,18.48
2019,189,25.36,14.63,0.01,5.61,91.57,68.88,18.51
2019,190,24.3,15.18,0.34,4.73,91.54,75.0,19.12
2019,191,24.65,13.58,0.79,5.24,91.55,67.56,17.24
2019,192,23.95,13.5,1.4,4.52,91.69,69.44,17.25
2019,193,25.63,13.51,2.13,2.42,91.7,64.16,17.21
2019,194,25.54,14.19,10.17,3.08,91.71,66.39,18.05
2019,195,24.73,15.63,8.29,2.9,91.67,75.26,19.57
2019,196,24.86,13.98,2.93,3.26,91.53,68.37,17.71
2019,197,24.43,14.17,0.86,3.28,91.53,69.76,18.02
2019,198,23.89,13.94,1.11,3.66,91.44,70.55,17.73
2019,199,21.57,14.22,7.38,3.93,91.28,80.68,18.02
2019,200,22.87,15.04,1.17,3.42,91.13,79.49,18.89
2019,201,24.3,14.97,0.19,4.22,91.17,74.05,18.83
2019,202,24.64,15.23,0.32,5.2,91.18,73.42,19.1
2019,203,23.42,15.43,4.44,4.77,91.24,78.97,19.32
2019,204,23.17,14.4,4.55,4.7,91.34,75.84,18.25
2019,205,23.78,14.79,1.27,4.12,91.47,75.32,18.69
2019,206,24.26,14.42,5.3,3.85,91.57,72.59,18.29
2019,207,23.28,14.5,0.32,4.25,91.57,75.93,18.4
2019,208,23.72,14.2,0.05,4.42,91.52,73.14,18.07
2019,209,24.06,14.42,1.04,4.92,91.47,72.85,18.3
2019,210,24.02,14.83,0.27,4.49,91.47,74.56,18.74
2019,211,23.79,13.56,0.0,4.68,91.6,69.86,17.28
2019,212,24.43,13.38,0.0,4.34,91.66,67.31,17.12
2019,213,25.67,14.35,0.06,4.46,91.61,67.37,18.21
2019,214,24.27,13.98,0.01,5.3,91.6,69.55,17.81
2019,215,23.82,14.56,0.05,5.14,91.67,73.98,18.46
2019,216,23.43,12.74,0.09,5.24,91.58,66.71,16.28
2019,217,22.36,14.64,2.25,5.77,91.53,80.28,18.54
2019,218,23.11,14.22,1.96,6.07,91.43,75.53,18.05
2019,219,23.68,14.9,1.76,6.96,91.34,75.88,18.77
2019,220,23.89,15.52,6.17,7.34,91.26,77.24,19.42
2019,221,24.17,14.98,2.08,6.97,91.43,74.34,18.89
2019,222,24.02,14.27,0.01,6.56,91.47,71.62,18.13
2019,223,24.36,14.35,2.02,5.06,91.45,71.46,18.21
2019,224,23.76,14.24,5.87,4.79,91.46,73.24,18.07
2019,225,24.54,14.55,0.5,4.37,91.47,71.96,18.41
2019,226,24.2,15.17,3.84,3.87,91.56,75.73,19.1
2019,227,24.03,15.03,0.45,3.92,91.63,75.6,18.97
2019,228,23.9,15.27,16.26,3.64,91.57,77.52,19.19
2019,229,23.36,15.57,19.01,3.79,91.48,80.64,19.52
2019,230,22.39,15.69,27.56,3.08,91.57,85.36,19.66
2019,231,23.65,16.17,15.85,1.87,91.63,82.15,20.14
2019,232,23.17,16.72,10.45,2.36,91.6,86.54,20.68
2019,233,21.88,15.66,8.05,3.74,91.57,87.52,19.64
2019,234,21.83,15.09,2.62,3.53,91.54,84.84,19.02
2019,235,22.1,15.11,1.46,4.31,91.59,84.0,19.05
2019,236,22.54,14.92,0.04,3.85,91.59,81.37,18.85
2019,237,22.46,14.48,0.23,4.06,91.54,79.44,18.38
2019,238,23.29,14.41,0.2,4.21,91.55,76.13,18.3
2019,239,23.24,14.5,0.03,3.63,91.5,76.33,18.39
2019,240,23.04,14.75,0.3,3.66,91.54,78.47,18.65
2019,241,23.66,15.61,3.85,3.43,91.52,79.89,19.56
2019,242,23.09,14.94,0.46,4.38,91.38,78.8,18.81
2019,243,23.45,15.04,0.04,4.34,91.28,77.84,18.94
2019,244,22.41,14.99,0.36,3.86,91.47,81.9,18.91
2019,245,22.88,14.84,7.76,4.09,91.58,79.99,18.75
2019,246,23.2,15.1,4.51,4.35,91.49,79.63,19.03
2019,247,22.22,14.25,1.21,4.82,91.45,79.46,18.07
2019,248,23.13,14.65,2.01,5.1,91.42,77.7,18.54
2019,249,23.6,15.69,1.22,4.9,91.42,80.14,19.64
2019,250,23.98,15.29,0.26,5.07,91.49,76.91,19.24
2019,251,23.8,15.19,0.12,4.65,91.59,77.31,19.14
2019,252,23.25,15.12,0.02,4.25,91.55,78.79,19.06
2019,253,24.65,15.99,0.74,3.38,91.52,77.27,19.95
2019,254,24.34,16.09,0.74,3.2,91.61,78.91,20.06
2019,255,23.02,15.81,10.96,3.18,91.75,83.37,19.81
2019,256,23.25,15.46,4.37,2.82,91.78,80.99,19.46
2019,257,23.87,15.51,2.45,2.61,91.72,78.78,19.48
2019,258,23.96,15.49,5.06,2.48,91.7,78.29,19.46
2019,259,23.65,15.28,10.02,3.52,91.57,78.65,19.2
2019,260,22.65,15.91,11.92,2.68,91.46,85.31,19.87
2019,261,22.83,16.11,8.75,2.67,91.46,85.46,20.05
2019,262,22.15,15.86,5.04,2.42,91.55,87.2,19.83
2019,263,23.15,14.85,2.27,1.89,91.59,78.25,18.76
2019,264,24.73,15.85,1.48,1.42,91.52,76.81,19.78
2019,265,22.44,16.94,16.52,1.43,91.58,91.09,20.9
2019,266,23.09,16.65,19.09,1.66,91.57,86.71,20.61
2019,267,21.82,16.65,28.09,1.73,91.5,92.87,20.6
2019,268,22.41,16.98,12.36,2.46,91.55,91.34,20.91
2019,269,22.35,15.66,1.78,3.41,91.89,85.8,19.69
2019,270,22.82,15.48,0.57,1.38,92.03,83.16,19.52
2019,271,22.96,15.72,1.59,1.87,91.94,83.7,19.75
2019,272,22.73,15.22,0.04,2.16,91.97,82.23,19.24
2019,273,21.79,14.76,0.0,2.12,91.94,84.1,18.75
2019,274,23.19,15.37,9.26,1.17,91.88,80.56,19.37
2019,275,23.68,16.26,8.87,1.09,91.87,82.53,20.28
2019,276,23.66,16.55,11.65,1.17,91.82,84.2,20.54
2019,277,23.31,16.62,21.86,1.03,91.76,85.89,20.62
2019,278,22.51,16.79,10.15,1.27,91.68,90.29,20.77
2019,279,22.68,16.26,2.51,1.42,91.74,86.84,20.27
2019,280,22.86,16.41,9.54,0.95,91.77,86.5,20.42
2019,281,23.64,16.71,7.71,0.71,91.69,84.61,20.68
2019,282,23.14,17.17,3.96,0.64,91.63,88.95,21.12
2019,283,23.0,16.33,0.87,1.08,91.7,85.55,20.32
2019,284,23.05,16.53,0.31,1.5,91.7,86.44,20.52
2019,285,23.29,16.35,0.43,1.89,91.73,84.7,20.35
2019,286,23.48,16.49,0.52,1.74,91.77,84.7,20.48
2019,287,23.5,16.72,0.54,1.81,91.78,85.57,20.72
2019,288,22.96,16.66,3.02,2.07,91.78,87.76,20.66
2019,289,22.43,15.84,7.26,2.3,91.76,86.39,19.85
2019,290,22.23,15.63,2.25,2.07,91.76,86.35,19.63
2019,291,22.43,16.28,7.8,2.39,91.75,88.37,20.28
2019,292,22.53,16.02,4.71,2.36,91.81,86.89,20.05
2019,293,22.25,15.99,14.5,2.27,91.81,87.89,19.99
2019,294,21.85,15.75,6.6,1.57,91.71,88.43,19.73
2019,295,22.47,16.2,18.74,1.64,91.62,87.67,20.17
2019,296,21.9,15.56,3.88,2.45,91.61,87.22,19.53
2019,297,21.56,15.19,0.14,3.1,91.64,87.02,19.16
2019,298,21.62,15.23,3.53,2.72,91.67,87.01,19.19
2019,299,22.03,15.63,0.71,2.17,91.74,87.17,19.61
2019,300,22.13,15.33,12.3,1.06,91.81,85.24,19.32
2019,301,22.14,15.73,1.61,2.22,91.84,87.29,19.75
2019,302,20.13,13.88,6.33,2.73,91.87,87.02,17.73
2019,303,21.51,15.87,3.25,3.09,91.73,90.7,19.85
2019,304,21.83,15.88,2.71,3.4,91.71,89.22,19.88
2019,305,22.09,15.28,0.55,1.53,91.78,85.33,19.28
2019,306,22.38,15.72,0.02,1.73,91.85,86.11,19.74
2019,307,22.07,15.08,0.0,1.58,91.96,84.52,19.1
2019,308,21.91,14.14,0.0,1.42,91.99,80.53,18.07
2019,309,22.56,14.54,0.0,1.34,91.84,79.07,18.45
2019,310,23.0,14.74,0.0,1.1,91.7,78.29,18.69
2019,311,22.68,15.26,6.14,0.82,91.65,82.16,19.21
2019,312,22.64,16.49,4.54,1.1,91.7,87.98,20.48
2019,313,22.58,16.52,7.7,1.42,91.72,88.71,20.5
2019,314,22.72,15.73,3.46,1.35,91.74,84.1,19.73
2019,315,21.5,14.1,0.0,1.66,91.73,81.84,17.99
2019,316,21.45,14.36,0.0,2.09,91.85,83.66,18.3
2019,317,21.13,13.99,0.0,2.39,91.92,83.7,17.9
2019,318,21.85,15.53,7.62,2.38,91.87,87.44,19.51
2019,319,22.33,15.57,0.61,1.95,91.84,85.87,19.58
2019,320,22.46,15.41,0.07,2.38,91.85,84.5,19.43
2019,321,21.26,13.41,0.01,1.97,91.9,80.22,17.18
2019,322,22.32,15.8,0.01,2.58,91.88,86.49,19.79
2019,323,22.74,15.47,0.1,1.46,91.84,83.0,19.48
2019,324,22.3,16.1,2.91,2.09,91.78,88.28,20.11
2019,325,22.29,15.65,0.97,2.68,91.88,86.31,19.67
2019,326,20.59,13.44,0.0,2.84,91.99,83.03,17.29
2019,327,19.88,12.67,0.0,2.66,91.99,82.21,16.33
2019,328,20.6,13.51,0.0,2.61,91.94,83.27,17.33
2019,329,20.91,13.62,0.0,2.92,91.9,82.63,17.44
2019,330,20.44,13.18,0.55,3.11,91.85,82.43,16.95
2019,331,21.38,14.65,1.95,3.02,91.81,85.63,18.59
2019,332,21.97,15.24,0.63,3.38,91.86,85.81,19.24
2019,333,22.12,15.16,0.35,3.01,91.88,84.76,19.18
2019,334,22.27,15.74,2.1,3.29,91.83,86.67,19.72
2019,335,22.16,15.84,6.59,3.41,91.81,87.65,19.86
2019,336,21.21,14.77,1.12,2.81,91.91,86.76,18.76
2019,337,20.92,14.1,0.36,3.18,91.93,84.75,18.03
2019,338,21.1,13.7,0.02,3.55,92.01,82.37,17.6
2019,339,20.49,12.91,0.0,3.41,92.12,80.91,16.69
2019,340,19.91,11.99,0.0,3.17,92.06,78.65,15.5
2019,341,20.81,13.49,0.2,2.98,91.98,82.29,17.28
2019,342,21.47,13.69,0.05,2.91,92.02,80.75,17.58
2019,343,20.85,12.71,0.0,2.92,92.03,78.64,16.41
2019,344,20.8,12.65,0.0,2.46,91.92,78.37,16.32
2019,345,21.24,12.71,0.0,2.02,91.81,76.79,16.38
2019,346,21.39,12.48,0.0,1.77,91.83,75.28,16.07
2019,347,22.17,13.75,0.01,2.21,91.92,78.39,17.62
2019,348,21.67,14.36,3.93,2.7,92.06,83.11,18.33
2019,349,21.46,13.29,0.23,2.75,91.97,78.76,17.1
2019,350,21.58,13.37,0.54,2.63,91.96,79.13,17.18
2019,351,21.11,12.55,0.14,3.26,92.02,77.04,16.16
2019,352,21.3,12.69,0.0,3.12,92.04,76.76,16.39
2019,353,21.26,12.43,0.0,3.21,91.98,75.44,16.06
2019,354,20.97,12.31,0.0,2.54,91.91,76.17,15.89
2019,355,21.14,13.19,0.0,2.3,91.91,79.4,16.95
2019,356,22.05,12.91,0.0,2.29,91.9,74.85,16.62
2019,357,21.52,12.01,0.0,2.21,91.89,72.46,15.5
2019,358,21.87,12.31,0.01,2.23,91.97,72.9,15.8
2019,359,22.78,13.96,0.0,2.37,91.95,76.42,17.88
2019,360,23.64,13.09,0.0,1.66,91.89,69.89,16.81
2019,361,22.82,12.28,0.0,2.19,91.79,69.06,15.81
2019,362,22.07,12.7,0.0,2.5,91.87,73.57,16.37
2019,363,22.21,12.48,0.0,2.6,91.91,71.97,16.09
2019,364,22.15,12.48,0.0,2.32,91.93,72.31,16.07
2019,365,22.7,13.32,0.03,2.46,91.97,73.87,17.12
2020,1,22.9,13.62,0.05,2.45,92.0,74.47,17.45
2020,2,23.45,13.71,0.0,2.32,92.09,73.02,17.57
2020,3,23.88,13.76,0.0,1.85,92.01,72.03,17.6
2020,4,24.38,14.33,0.0,1.39,91.85,72.06,18.24
2020,5,24.15,14.62,0.0,1.86,91.83,74.21,18.55
2020,6,23.64,13.81,0.13,3.25,92.0,72.34,17.67
2020,7,22.47,12.31,0.04,3.05,92.01,70.75,15.85
2020,8,22.33,11.74,0.01,1.88,91.94,69.04,15.02
2020,9,22.58,12.04,0.0,1.74,91.92,69.05,15.52
2020,10,21.96,12.14,0.0,3.18,91.93,71.28,15.67
2020,11,21.19,10.25,0.0,3.0,92.01,65.59,12.91
2020,12,21.36,11.07,0.0,2.71,91.96,68.71,14.2
2020,13,21.96,11.3,0.0,1.22,91.82,68.12,14.47
2020,14,21.46,10.07,0.0,2.0,91.79,63.42,12.72
2020,15,20.44,8.65,0.0,2.46,91.83,60.38,10.15
2020,16,20.43,9.52,0.0,2.35,91.85,64.36,11.84
2020,17,21.52,10.62,0.0,2.6,91.86,66.75,13.44
2020,18,23.1,12.97,0.08,3.11,91.87,71.85,16.59
2020,19,23.48,12.76,0.01,2.45,91.91,68.94,16.38
2020,20,23.02,10.8,0.0,2.85,92.0,61.73,13.71
2020,21,21.87,9.26,0.0,3.01,92.07,59.43,11.18
2020,22,21.97,10.45,0.0,3.37,92.1,64.36,13.31
2020,23,22.6,10.51,0.0,3.12,92.04,62.42,13.31
2020,24,22.12,8.92,0.0,2.68,92.03,56.4,10.58
2020,25,21.42,7.46,0.0,2.18,92.03,50.77,7.99
2020,26,22.09,8.57,0.0,2.11,91.93,54.92,10.22
2020,27,22.83,9.07,0.0,2.03,91.88,54.76,11.09
2020,28,23.76,10.39,0.0,2.31,91.89,56.05,13.25
2020,29,23.81,10.27,0.0,1.95,91.99,56.6,13.0
2020,30,24.26,10.26,0.0,1.52,91.92,55.7,12.93
2020,31,24.1,10.3,0.0,2.25,91.82,56.0,12.98
2020,32,23.78,11.28,0.0,3.52,91.88,60.85,14.4
2020,33,23.64,10.58,0.0,3.53,92.04,58.44,13.39
2020,34,23.56,9.64,0.0,2.97,92.03,55.58,11.78
2020,35,23.61,10.16,0.0,2.93,91.89,57.31,12.63
2020,36,23.76,10.31,0.0,2.66,91.93,57.31,13.01
2020,37,24.04,10.02,0.0,2.21,91.92,54.94,12.64
2020,38,24.51,10.76,0.0,2.74,91.95,56.61,13.75
2020,39,25.4,10.65,0.0,1.99,91.96,51.98,13.58
2020,40,24.3,11.51,0.0,3.39,92.01,58.96,14.83
2020,41,24.52,10.59,0.0,3.82,91.98,55.74,13.4
2020,42,24.09,10.1,0.0,4.04,92.02,55.04,12.65
2020,43,23.36,8.84,0.0,3.48,92.17,52.52,10.35
2020,44,23.71,8.63,0.0,2.67,92.09,50.17,10.31
2020,45,24.31,8.48,0.0,1.78,91.89,48.29,9.68
2020,46,24.72,6.68,0.0,1.75,91.9,39.26,5.71
2020,47,24.08,6.25,0.0,2.81,91.99,37.45,5.28
2020,48,23.31,5.56,0.0,2.71,92.05,36.45,3.03
2020,49,23.72,7.5,0.0,3.07,92.02,45.81,7.99
2020,50,24.3,9.06,0.0,2.73,91.96,52.06,10.73
2020,51,24.14,7.69,0.0,3.23,91.94,46.66,7.47
2020,52,23.92,6.63,0.0,3.14,92.06,44.1,4.3
2020,53,24.36,8.79,0.0,3.22,92.16,52.06,10.01
2020,54,25.06,8.74,0.0,3.07,92.05,49.12,9.49
2020,55,25.39,9.46,0.0,3.1,91.87,50.2,11.23
2020,56,25.86,9.68,0.0,2.2,91.78,49.88,11.61
2020,57,26.47,11.07,0.0,2.92,91.81,52.76,13.99
2020,58,25.84,11.84,0.0,2.72,91.85,55.98,15.17
2020,59,26.17,11.09,0.0,3.31,91.76,52.54,14.04
2020,60,26.53,10.57,0.0,2.83,91.73,50.11,13.21
2020,61,26.96,10.78,0.08,2.81,91.78,49.61,13.55
2020,62,26.22,11.22,0.13,1.7,91.84,52.17,14.36
2020,63,27.66,11.1,0.06,1.66,91.83,47.46,14.21
2020,64,27.98,11.6,0.11,1.0,91.76,47.82,14.79
2020,65,27.55,12.09,0.69,2.93,91.68,50.19,15.54
2020,66,27.23,12.49,0.85,2.53,91.72,52.74,16.05
2020,67,25.12,13.65,2.27,2.59,91.86,64.66,17.43
2020,68,27.45,13.23,0.01,2.53,91.83,56.57,16.9
2020,69,27.77,12.09,0.0,2.48,91.74,51.25,15.42
2020,70,27.82,9.57,0.0,2.79,91.74,41.35,11.9
2020,71,27.55,10.19,0.0,2.52,91.76,45.62,12.69
2020,72,27.49,8.87,0.0,2.69,91.86,38.87,10.7
2020,73,26.77,7.85,0.0,3.12,91.88,37.82,8.78
2020,74,27.04,9.58,0.0,2.95,91.77,46.07,11.68
2020,75,27.67,10.3,0.0,3.19,91.74,48.5,12.49
2020,76,27.78,10.25,0.0,3.3,91.86,47.28,12.44
2020,77,27.15,9.2,0.0,3.77,91.99,44.42,10.77
2020,78,26.86,7.82,0.0,3.09,91.95,39.12,8.48
2020,79,27.67,8.02,0.0,2.07,91.85,36.58,9.0
2020,80,27.68,10.21,1.09,2.13,91.84,41.86,12.97
2020,81,28.43,9.1,0.04,1.78,91.81,38.96,10.77
2020,82,29.08,9.89,0.0,1.79,91.79,39.06,12.4
2020,83,28.9,10.69,2.89,2.58,91.76,40.77,13.66
2020,84,28.3,9.39,0.09,2.94,91.63,39.59,11.5
2020,85,27.52,10.3,0.0,3.14,91.65,46.03,12.93
2020,86,27.58,9.85,0.0,3.49,91.69,44.67,12.16
2020,87,26.97,9.5,0.0,3.25,91.87,45.85,11.49
2020,88,26.95,6.98,0.0,2.97,91.8,36.73,5.8
2020,89,27.1,6.67,0.0,2.82,91.72,32.77,6.17
2020,90,27.53,6.91,0.0,3.42,91.76,32.87,6.64
2020,91,27.62,7.41,0.0,3.24,91.81,34.73,7.89
2020,92,28.3,8.33,0.0,2.98,91.76,37.97,9.41
2020,93,29.21,9.36,0.0,2.91,91.66,38.23,11.46
2020,94,28.88,9.46,0.0,3.38,91.72,39.58,11.46
2020,95,28.27,8.67,0.0,2.8,91.78,41.6,9.25
2020,96,29.15,11.05,0.1,2.94,91.85,47.38,13.53
2020,97,28.42,13.51,2.52,1.9,91.88,53.76,17.25
2020,98,24.66,13.4,7.19,2.0,91.87,64.53,17.08
2020,99,27.53,12.74,0.95,0.78,91.83,53.9,16.28
2020,100,26.7,14.08,9.77,2.28,91.82,61.57,17.93
2020,101,26.86,12.13,0.41,2.77,91.86,55.4,15.39
2020,102,26.52,11.77,0.0,2.96,91.96,55.21,14.97
2020,103,27.21,10.47,0.0,2.76,91.91,47.92,13.05
2020,104,27.78,9.21,0.0,3.32,91.77,41.07,11.08
2020,105,27.54,7.5,0.0,3.76,91.8,35.37,7.87
2020,106,27.19,7.84,0.0,2.76,91.87,38.87,8.29
2020,107,28.34,10.28,0.0,3.02,91.74,45.84,12.65
2020,108,29.48,11.52,0.0,3.26,91.68,46.87,14.43
2020,109,29.78,11.52,0.0,3.6,91.72,45.41,14.46
2020,110,29.34,11.65,0.0,3.81,91.69,46.8,14.55
2020,111,28.78,10.58,0.0,3.56,91.7,45.44,12.96
2020,112,28.88,8.77,0.0,2.36,91.71,39.62,9.75
2020,113,29.84,12.05,0.0,2.43,91.66,46.22,15.37
2020,114,30.2,13.42,1.45,2.07,91.65,47.33,17.17
2020,115,28.8,14.39,2.17,1.81,91.64,55.44,18.22
2020,116,27.87,15.64,0.79,1.78,91.63,62.28,19.61
2020,117,28.37,14.04,1.76,2.96,91.69,56.88,17.73
2020,118,27.47,14.66,1.09,2.03,91.77,60.22,18.59
2020,119,26.61,16.34,21.68,2.16,91.73,71.49,20.29
2020,120,23.42,15.41,11.6,2.53,91.77,79.26,19.36
2020,121,27.24,13.59,0.02,2.07,91.74,60.38,17.27
2020,122,27.99,14.61,0.7,1.8,91.72,60.05,18.44
2020,123,28.72,14.51,0.05,1.6,91.59,57.0,18.29
2020,124,28.56,14.0,0.25,1.95,91.59,55.36,17.75
2020,125,29.79,12.97,0.06,2.2,91.67,49.48,16.36
2020,126,29.44,13.46,0.0,2.33,91.63,50.8,17.11
2020,127,28.44,14.07,0.12,2.17,91.59,55.64,17.84
2020,128,28.37,15.13,0.4,1.36,91.63,59.4,19.02
2020,129,28.37,14.59,0.13,2.02,91.63,57.61,18.45
2020,130,29.52,12.94,0.0,2.9,91.61,49.17,16.49
2020,131,28.75,12.27,0.0,3.23,91.65,49.7,15.4
2020,132,28.58,12.12,0.0,3.18,91.66,49.49,15.38
2020,133,27.77,13.1,0.0,2.67,91.63,53.57,16.77
2020,134,29.06,9.83,0.04,2.15,91.51,39.19,12.29
2020,135,29.42,12.55,0.03,2.6,91.46,46.45,16.08
2020,136,30.03,10.15,0.0,2.57,91.34,39.97,11.91
2020,137,30.25,11.12,0.0,2.87,91.29,40.33,14.16
2020,138,28.65,14.19,2.51,2.28,91.26,54.06,17.97
2020,139,25.75,15.73,2.34,5.31,91.23,70.22,19.62
2020,140,27.45,14.63,0.17,5.46,91.18,61.87,18.36
2020,141,28.54,14.03,0.0,4.35,91.23,57.06,17.66
2020,142,28.75,13.79,0.95,3.61,91.36,55.83,17.41
2020,143,28.85,12.11,0.02,3.67,91.4,49.33,15.33
2020,144,30.62,11.75,0.0,1.73,91.4,42.06,14.92
2020,145,30.82,13.44,4.31,2.38,91.47,45.97,17.1
2020,146,28.98,16.11,3.89,1.5,91.55,61.46,19.97
2020,147,28.8,16.64,3.2,1.75,91.56,64.73,20.44
2020,148,27.39,17.92,9.34,1.88,91.56,73.56,21.76
2020,149,27.16,17.1,5.72,1.88,91.49,71.57,20.96
2020,150,24.53,16.81,20.41,2.52,91.55,80.29,20.75
2020,151,25.68,15.99,1.5,1.32,91.55,72.94,19.93
2020,152,26.36,16.1,0.46,2.35,91.56,70.31,20.06
2020,153,25.15,16.71,2.68,2.49,91.64,77.56,20.67
2020,154,25.15,15.44,0.43,3.09,91.58,72.43,19.35
2020,155,24.3,15.96,0.03,3.56,91.54,77.64,19.93
2020,156,24.02,15.92,0.0,3.49,91.57,78.72,19.9
2020,157,25.25,15.18,0.55,3.42,91.59,71.74,19.13
2020,158,24.44,15.4,3.83,3.29,91.55,75.63,19.33
2020,159,25.87,14.37,0.24,3.85,91.5,66.94,18.19
2020,160,25.05,13.59,0.03,4.27,91.49,65.29,17.27
2020,161,25.28,12.55,0.0,4.02,91.47,60.98,16.06
2020,162,25.65,14.99,0.85,4.73,91.34,69.2,18.86
2020,163,23.66,15.78,4.2,4.75,91.22,79.47,19.69
2020,164,23.45,14.31,7.75,5.66,91.21,74.27,18.13
2020,165,24.58,13.61,0.64,5.48,91.29,67.73,17.32
2020,166,24.0,13.86,0.14,5.88,91.41,70.56,17.63
2020,167,25.78,15.05,0.32,4.97,91.32,69.53,18.93
2020,168,25.49,15.5,0.09,4.86,91.28,71.59,19.4
2020,169,24.61,15.63,0.13,4.41,91.34,75.14,19.54
2020,170,24.59,14.62,0.03,4.55,91.48,71.15,18.52
2020,171,24.38,14.37,0.01,4.07,91.53,70.6,18.23
2020,172,24.55,13.87,0.01,4.1,91.51,68.52,17.62
2020,173,25.11,14.52,1.85,4.0,91.4,69.26,18.38
2020,174,24.33,14.29,1.16,4.32,91.32,70.86,18.05
2020,175,24.07,12.72,7.12,3.79,91.42,66.03,16.23
2020,176,24.52,14.42,25.58,2.91,91.44,71.79,18.25
2020,177,23.82,16.26,47.52,1.45,91.31,81.57,20.17
2020,178,24.3,16.48,5.25,2.01,91.28,80.08,20.38
2020,179,23.79,16.94,35.49,2.46,91.34,84.36,20.84
2020,180,23.98,17.4,11.97,2.92,91.33,85.66,21.27
2020,181,23.74,17.37,7.08,2.43,91.27,86.5,21.23
2020,182,23.74,16.6,8.13,2.95,91.24,83.26,20.51
2020,183,23.0,15.46,0.0,3.67,91.37,81.09,19.39
2020,184,22.14,14.98,3.94,4.67,91.4,82.79,18.89
2020,185,22.49,15.7,9.97,4.32,91.35,84.76,19.61
2020,186,23.18,15.12,2.67,5.32,91.33,79.35,19.03
2020,187,22.36,14.51,0.76,4.75,91.36,79.64,18.39
2020,188,23.37,15.36,0.19,4.35,91.33,79.56,19.29
2020,189,23.2,15.44,0.76,4.4,91.43,80.51,19.37
2020,190,22.58,16.32,8.26,2.5,91.5,87.31,20.27
2020,191,22.4,16.23,35.45,2.27,91.41,87.5,20.15
2020,192,22.89,15.64,9.28,2.55,91.48,82.82,19.58
2020,193,22.67,15.72,0.67,2.32,91.48,83.92,19.66
2020,194,23.64,16.47,3.42,2.65,91.39,83.22,20.4
2020,195,22.78,15.98,1.13,2.68,91.34,84.59,19.9
2020,196,22.95,16.26,0.28,3.16,91.34,85.22,20.19
2020,197,22.87,15.7,5.46,4.02,91.29,83.14,19.63
2020,198,22.76,15.7,7.52,3.9,91.25,83.55,19.61
2020,199,22.76,15.63,0.25,3.29,91.27,83.34,19.53
2020,200,23.48,16.16,8.63,2.17,91.35,82.59,20.09
2020,201,23.63,16.1,12.23,1.89,91.4,81.2,20.03
2020,202,23.17,16.95,9.86,2.05,91.3,87.36,20.85
2020,203,23.83,16.16,0.38,1.8,91.35,81.11,20.09
2020,204,23.77,16.42,0.81,2.16,91.42,82.51,20.37
2020,205,23.25,16.65,11.96,0.86,91.37,85.64,20.57
2020,206,23.35,16.32,10.01,1.98,91.45,83.97,20.27
2020,207,22.66,15.61,7.82,1.69,91.54,83.72,19.56
2020,208,22.35,15.35,0.39,2.89,91.67,83.94,19.33
2020,209,23.24,15.5,1.55,3.24,91.56,80.8,19.45
2020,210,23.29,16.51,7.59,2.67,91.39,84.96,20.43
2020,211,22.27,16.4,1.59,2.45,91.28,88.98,20.32
2020,212,22.73,17.15,5.26,2.19,91.28,90.38,21.03
2020,213,23.08,16.46,7.3,2.27,91.31,85.49,20.37
2020,214,22.58,16.4,31.93,3.07,91.37,87.63,20.33
2020,215,22.03,16.24,4.17,3.99,91.32,89.32,20.15
2020,216,22.73,16.0,1.49,4.93,91.23,85.0,19.9
2020,217,22.3,15.27,2.87,6.1,91.15,83.42,19.15
2020,218,22.59,15.56,2.86,7.06,91.0,83.12,19.43
2020,219,23.96,16.55,0.79,5.67,91.11,81.94,20.43
2020,220,23.56,16.52,0.19,5.04,91.39,83.79,20.46
2020,221,22.51,15.68,4.44,4.61,91.45,84.63,19.63
2020,222,21.87,15.4,4.99,4.2,91.39,86.26,19.34
2020,223,22.33,15.78,0.46,3.26,91.41,86.08,19.71
2020,224,22.97,15.81,3.18,3.83,91.54,83.58,19.77
2020,225,22.65,15.82,0.05,3.9,91.62,84.96,19.81
2020,226,22.65,15.65,0.02,3.78,91.49,84.07,19.6
2020,227,22.6,15.44,0.01,4.17,91.38,83.16,19.38
2020,228,22.95,15.42,0.02,4.34,91.4,81.8,19.35
2020,229,23.08,15.92,0.24,3.85,91.44,83.38,19.87
2020,230,23.19,16.15,1.48,3.61,91.4,83.77,20.08
2020,231,23.43,16.28,1.21,3.6,91.45,83.48,20.23
2020,232,23.23,16.2,0.22,3.55,91.36,83.9,20.12
2020,233,23.11,16.01,0.01,3.59,91.37,83.62,19.95
2020,234,23.48,16.24,0.04,3.24,91.53,83.13,20.2
2020,235,23.57,16.58,7.57,2.79,91.61,84.3,20.54
2020,236,23.27,16.49,9.1,2.22,91.58,85.14,20.44
2020,237,23.91,16.42,8.34,1.74,91.58,81.95,20.38
2020,238,24.36,16.09,0.01,1.69,91.65,78.41,20.06
2020,239,23.34,16.19,4.47,1.73,91.66,83.14,20.18
2020,240,23.27,15.81,1.03,2.07,91.57,81.86,19.78
2020,241,23.72,15.31,0.0,2.35,91.49,77.83,19.24
2020,242,24.32,15.97,0.0,2.35,91.47,78.54,19.9
2020,243,23.94,16.76,7.28,1.83,91.53,82.97,20.71
2020,244,23.69,16.69,9.41,1.95,91.57,84.14,20.64
2020,245,22.44,16.72,7.55,3.01,91.49,89.98,20.67
2020,246,22.4,16.93,22.14,3.0,91.44,91.18,20.87
2020,247,22.88,16.72,6.71,2.03,91.47,87.99,20.66
2020,248,23.86,16.85,2.05,1.65,91.44,84.27,20.78
2020,249,24.15,16.97,0.98,1.74,91.37,83.49,20.89
2020,250,23.79,17.33,0.69,1.52,91.35,86.35,21.21
2020,251,23.32,16.99,9.06,2.43,91.44,87.11,20.9
2020,252,23.73,16.42,9.51,1.35,91.49,82.57,20.37
2020,253,23.29,16.88,20.55,1.98,91.37,86.64,20.79
2020,254,22.0,16.23,6.35,1.7,91.26,89.57,20.14
2020,255,21.92,15.87,1.35,3.8,91.31,88.22,19.8
2020,256,21.25,15.16,4.1,3.68,91.57,88.17,19.12
2020,257,20.61,14.25,10.54,3.91,91.6,86.31,18.12
2020,258,21.65,14.44,12.56,4.36,91.47,82.84,18.32
2020,259,22.46,15.57,1.74,3.63,91.46,84.51,19.47
2020,260,22.9,16.15,0.09,3.41,91.48,85.4,20.1
2020,261,22.86,15.97,0.72,3.26,91.53,84.72,19.93
2020,262,22.39,15.87,7.11,4.01,91.41,86.2,19.82
2020,263,22.23,16.06,6.38,4.03,91.21,87.62,19.95
2020,264,20.89,14.8,4.0,5.39,91.19,87.42,18.65
2020,265,20.96,14.34,1.35,5.59,91.23,84.69,18.17
2020,266,20.78,13.48,0.14,4.85,91.37,81.51,17.23
2020,267,21.84,14.39,0.03,3.77,91.49,81.49,18.21
2020,268,22.16,14.82,0.01,3.01,91.66,82.21,18.77
2020,269,21.62,15.45,18.02,1.72,91.61,87.8,19.4
2020,270,20.56,15.03,1.63,2.99,91.62,90.92,18.98
2020,271,21.91,15.42,0.03,2.08,91.65,86.51,19.39
2020,272,23.13,16.07,1.71,1.91,91.6,84.05,20.02
2020,273,22.87,16.88,33.52,2.38,91.46,88.84,20.81
2020,274,21.98,16.06,5.92,2.57,91.46,89.06,20.01
2020,275,21.7,14.52,0.12,2.98,91.51,83.0,18.42
2020,276,22.67,15.57,1.88,1.77,91.5,83.55,19.48
2020,277,22.32,16.03,2.14,2.96,91.55,87.43,20.0
2020,278,21.21,15.1,1.59,2.84,91.67,88.17,19.07
2020,279,22.19,15.0,0.03,2.69,91.58,83.11,18.94
2020,280,22.85,15.67,1.59,1.93,91.53,83.22,19.6
2020,281,23.07,16.28,1.9,1.95,91.58,85.24,20.25
2020,282,22.61,15.63,1.3,1.3,91.57,83.94,19.59
2020,283,23.04,15.76,12.26,0.71,91.54,82.39,19.7
2020,284,22.27,16.97,37.01,1.97,91.49,92.1,20.9
2020,285,21.59,15.86,4.17,2.76,91.36,89.92,19.8
2020,286,21.72,15.83,15.35,3.54,91.19,89.01,19.72
2020,287,21.1,15.86,4.78,3.67,91.13,92.11,19.75
2020,288,21.4,15.02,0.44,4.5,91.22,86.4,18.89
2020,289,21.76,15.46,0.13,3.34,91.29,87.14,19.36
2020,290,22.2,15.54,0.09,2.06,91.33,85.7,19.46
2020,291,21.89,14.34,2.76,1.26,91.44,80.82,18.21
2020,292,22.34,15.88,3.25,1.18,91.49,86.43,19.82
2020,293,22.12,16.45,14.6,1.43,91.46,90.27,20.4
2020,294,22.16,16.38,19.0,1.46,91.41,89.89,20.33
2020,295,22.28,16.48,13.07,1.6,91.46,89.87,20.43
2020,296,22.08,16.3,9.18,1.41,91.46,89.96,20.24
2020,297,22.14,16.55,3.49,1.27,91.5,90.8,20.5
2020,298,22.48,16.49,4.6,1.28,91.62,88.97,20.47
2020,299,22.88,15.47,1.02,0.75,91.73,82.45,19.45
2020,300,22.66,15.56,0.05,1.25,91.76,83.5,19.55
2020,301,21.55,14.58,0.0,1.7,91.73,84.09,18.49
2020,302,21.29,14.42,0.0,1.92,91.8,84.62,18.37
2020,303,20.89,14.5,1.32,1.98,91.82,86.68,18.44
2020,304,21.39,14.18,0.15,1.7,91.77,82.93,18.07
2020,305,21.95,13.89,0.0,1.3,91.77,78.4,17.73
2020,306,22.27,14.33,0.01,1.02,91.83,79.5,18.23
2020,307,22.58,15.41,0.29,1.2,91.89,83.66,19.42
2020,308,22.59,15.63,0.01,1.66,91.88,84.78,19.65
2020,309,22.92,16.29,0.02,1.68,91.83,86.05,20.3
2020,310,22.52,15.72,5.46,2.02,91.88,85.14,19.74
2020,311,22.45,15.44,3.69,1.84,91.97,84.81,19.47
2020,312,22.78,16.24,0.68,2.04,92.01,86.83,20.29
2020,313,22.39,15.98,0.96,2.61,92.06,87.45,20.04
2020,314,21.04,14.22,0.04,2.16,91.94,84.98,18.16
2020,315,18.78,11.49,0.0,2.06,91.78,80.12,14.8
2020,316,19.53,13.65,5.59,2.46,91.79,87.42,17.22
2020,317,21.62,15.87,5.94,2.55,91.82,90.33,19.88
2020,318,21.97,15.86,7.06,2.75,91.83,88.69,19.87
2020,319,21.82,15.46,0.62,2.94,91.76,87.42,19.45
2020,320,22.17,16.2,6.84,2.96,91.71,89.26,20.16
2020,321,21.84,16.04,8.59,2.88,91.78,90.03,20.05
2020,322,21.55,15.36,3.42,2.93,91.75,88.11,19.35
2020,323,21.71,15.36,0.25,2.34,91.78,87.6,19.36
2020,324,21.53,14.95,0.02,2.58,91.81,86.34,18.92
2020,325,20.59,13.52,0.0,2.18,91.88,83.11,17.35
2020,326,19.0,11.21,0.0,1.6,91.92,77.15,14.4
2020,327,18.12,10.21,0.0,1.62,91.95,75.36,12.94
2020,328,18.26,11.53,0.0,1.74,91.94,81.3,14.77
2020,329,20.32,14.11,0.06,2.24,91.83,87.02,17.99
2020,330,21.03,14.97,3.83,3.41,91.67,88.48,18.92
2020,331,19.14,14.34,41.51,5.85,91.43,94.28,18.22
2020,332,19.59,13.92,2.58,3.75,91.65,89.7,17.77
2020,333,20.54,14.3,1.08,2.23,91.91,87.51,18.24
2020,334,20.98,14.71,0.39,2.49,91.98,87.76,18.7
2020,335,20.7,14.25,0.31,2.81,92.0,86.76,18.21
2020,336,19.59,12.45,0.0,2.46,92.01,82.3,16.06
2020,337,19.78,12.88,1.09,2.9,91.88,83.6,16.59
2020,338,19.92,14.62,5.53,3.49,91.74,91.82,18.52
2020,339,20.71,15.19,2.61,3.36,91.64,91.11,19.16
2020,340,21.06,14.76,1.22,2.97,91.7,87.34,18.69
2020,341,21.54,15.32,4.91,3.33,91.81,88.1,19.32
2020,342,21.78,15.61,6.05,3.29,91.94,88.47,19.64
2020,343,21.34,15.13,3.41,3.09,92.03,88.22,19.16
2020,344,21.25,14.91,1.06,2.66,91.94,87.39,18.9
2020,345,19.48,11.79,0.01,1.75,91.95,79.21,15.21
2020,346,18.85,11.17,0.0,1.66,91.95,78.66,14.4
2020,347,18.4,11.04,0.0,1.68,91.92,79.62,14.21
2020,348,18.5,11.3,0.0,1.41,91.84,79.33,14.57
2020,349,18.94,11.89,0.0,1.83,91.83,81.44,15.34
2020,350,18.89,11.84,0.0,2.41,91.96,81.72,15.24
2020,351,20.52,13.88,0.54,2.6,91.99,85.5,17.78
2020,352,20.94,14.38,0.06,2.84,91.96,86.22,18.34
2020,353,19.42,13.13,0.0,2.52,91.98,86.32,16.91
2020,354,19.85,13.19,0.0,2.87,92.02,85.2,16.99
2020,355,19.09,12.19,0.0,2.9,92.07,82.98,15.78
2020,356,17.2,10.64,0.0,2.46,91.95,81.97,13.64
2020,357,18.04,10.87,0.0,2.02,91.87,79.68,13.89
2020,358,19.19,11.73,0.0,1.8,91.81,79.83,15.13
2020,359,20.14,12.79,0.0,1.78,91.74,81.48,16.43
2020,360,20.11,13.03,0.0,2.13,91.8,82.8,16.76
2020,361,18.68,11.45,0.0,2.21,91.9,80.49,14.77
2020,362,18.28,11.01,0.0,1.96,91.87,79.97,14.13
2020,363,18.67,10.3,0.0,1.38,91.81,74.68,13.07
2020,364,19.89,12.01,0.05,2.28,91.8,78.82,15.33
2020,365,21.09,14.12,0.98,2.81,91.79,84.03,17.99
2020,366,21.08,14.21,1.17,3.42,91.85,84.78,18.13
2021,1,18.87,11.71,0.16,2.95,91.92,81.29,15.12
2021,2,19.86,13.08,0.29,2.71,91.89,84.14,16.77
2021,3,20.95,13.67,0.15,2.92,91.78,82.54,17.5
2021,4,21.01,13.35,0.06,3.27,91.78,80.6,17.15
2021,5,20.98,14.51,0.48,2.57,91.82,86.53,18.43
2021,6,21.7,15.11,13.31,2.32,91.76,86.4,19.08
2021,7,21.16,14.99,4.22,2.27,91.65,87.96,18.95
2021,8,22.02,15.22,0.16,2.38,91.58,85.13,19.17
2021,9,22.21,14.97,0.05,2.7,91.63,83.32,18.93
2021,10,21.39,14.21,0.0,2.64,91.72,82.98,18.11
2021,11,20.86,13.66,0.01,2.53,91.84,82.66,17.51
2021,12,20.05,12.82,0.09,3.19,91.84,82.01,16.5
2021,13,20.66,12.35,0.12,3.26,91.83,77.67,15.9
2021,14,20.41,12.64,0.22,2.84,91.79,79.63,16.27
2021,15,21.23,12.68,0.04,2.7,91.76,76.72,16.33
2021,16,21.45,11.97,0.0,2.43,91.69,72.58,15.4
2021,17,21.12,12.09,0.0,2.43,91.75,74.65,15.6
2021,18,20.16,11.16,0.0,2.73,91.86,73.55,14.35
2021,19,20.17,11.29,0.0,2.29,91.85,74.28,14.53
2021,20,20.87,11.15,0.0,1.31,91.88,71.24,14.25
2021,21,22.27,12.21,0.0,0.9,91.84,71.25,15.72
2021,22,22.55,12.86,0.0,1.82,91.8,72.91,16.43
2021,23,21.83,11.91,0.0,1.86,91.85,71.33,15.3
2021,24,21.05,10.81,0.0,1.78,91.9,69.06,13.8
2021,25,19.72,9.34,0.0,2.12,91.96,66.74,11.43
2021,26,19.64,8.31,0.0,2.08,91.9,61.53,9.32
2021,27,19.19,8.9,0.0,2.33,91.92,65.51,10.79
2021,28,20.04,10.02,0.0,2.88,91.94,68.92,12.58
2021,29,21.06,10.89,0.0,2.61,91.99,69.02,13.89
2021,30,21.74,10.97,0.0,1.97,91.91,67.06,14.07
2021,31,21.63,9.89,0.0,2.85,91.96,62.62,12.25
2021,32,20.36,8.85,0.0,2.99,92.09,60.89,10.69
2021,33,20.87,10.09,0.0,3.1,92.1,66.47,12.71
2021,34,21.49,10.99,0.0,2.86,92.03,68.2,14.09
2021,35,21.07,9.9,0.0,2.41,92.02,63.85,12.5
2021,36,20.61,9.29,0.0,2.06,91.93,63.04,11.52
2021,37,20.6,8.78,0.0,2.66,91.86,60.9,10.52
2021,38,20.16,7.02,0.0,3.05,91.91,50.85,7.05
2021,39,19.81,8.26,0.0,2.97,91.97,58.62,9.73
2021,40,19.69,8.44,0.0,3.03,91.93,61.61,9.88
2021,41,19.5,6.97,0.0,2.25,91.85,55.57,6.16
2021,42,20.07,7.77,0.0,2.42,91.79,58.48,8.23
2021,43,20.3,7.74,0.0,2.47,91.85,57.87,8.15
2021,44,20.54,7.9,0.0,2.26,91.93,57.24,8.62
2021,45,20.8,7.72,0.0,1.6,91.94,55.54,8.39
2021,46,21.85,8.67,0.0,1.41,91.84,55.69,10.41
2021,47,22.52,9.45,0.0,1.92,91.81,57.46,11.71
2021,48,22.71,9.37,0.0,2.75,91.77,56.9,11.39
2021,49,22.23,10.08,0.01,3.45,91.9,60.86,12.63
2021,50,22.06,10.19,6.02,2.82,91.93,62.7,12.52
2021,51,21.47,12.32,9.12,3.22,91.9,73.36,15.89
2021,52,20.95,12.24,2.17,3.69,91.97,74.29,15.78
2021,53,22.36,10.59,0.15,2.21,92.01,63.27,13.46
2021,54,23.46,10.8,0.03,2.42,91.89,61.13,13.74
2021,55,23.55,10.02,0.0,1.94,91.82,57.56,12.52
2021,56,23.98,9.72,0.0,1.87,91.82,54.32,12.14
2021,57,23.89,9.01,0.0,1.76,91.72,50.27,11.01
2021,58,24.5,9.28,0.0,2.08,91.65,49.84,11.42
2021,59,24.14,8.35,0.0,2.89,91.69,48.03,9.38
2021,60,23.39,8.22,0.0,2.27,91.94,50.3,9.17
2021,61,23.94,9.05,0.0,2.86,91.96,51.82,10.93
2021,62,23.73,7.81,0.0,3.21,91.85,45.48,8.68
2021,63,22.64,7.56,0.0,3.4,91.87,48.88,7.85
2021,64,23.17,7.02,0.0,2.17,91.95,47.2,6.05
2021,65,24.47,7.8,0.0,2.07,91.96,46.94,7.96
2021,66,24.6,8.54,0.0,2.26,91.86,49.87,9.4
2021,67,24.44,8.23,0.0,2.9,91.89,49.27,8.14
2021,68,24.54,8.14,0.0,3.25,91.95,48.44,8.09
2021,69,25.74,10.26,0.0,2.16,91.93,53.42,12.27
2021,70,26.65,10.81,0.03,2.92,91.9,51.34,13.5
2021,71,25.5,8.7,0.04,2.88,91.99,45.2,9.31
2021,72,24.75,7.88,0.0,2.71,91.95,45.44,8.39
2021,73,25.4,8.62,0.0,2.9,91.83,47.05,9.71
2021,74,25.79,8.22,0.0,2.14,91.76,43.48,9.16
2021,75,26.34,8.01,0.0,2.48,91.77,41.85,8.29
2021,76,26.25,7.72,0.0,2.89,91.7,38.61,8.25
2021,77,25.43,9.05,0.0,3.07,91.76,46.56,10.58
2021,78,25.29,8.27,0.0,3.09,91.71,41.81,9.67
2021,79,25.85,7.03,0.0,3.08,91.6,36.75,6.8
2021,80,26.3,7.17,0.0,2.81,91.6,37.38,6.76
2021,81,27.02,8.02,0.0,2.89,91.71,38.25,8.93
2021,82,27.4,8.8,0.0,2.91,91.75,42.89,10.07
2021,83,27.75,9.43,0.0,3.09,91.76,43.64,11.46
2021,84,27.68,8.95,0.02,2.74,91.7,40.0,10.62
2021,85,28.31,8.77,0.0,3.3,91.66,39.19,9.83
2021,86,26.96,9.78,0.0,3.02,91.65,47.38,11.57
2021,87,26.84,9.92,0.0,2.32,91.62,46.37,11.95
2021,88,28.28,9.44,0.0,2.67,91.57,41.15,11.06
2021,89,29.12,9.48,0.0,2.86,91.47,37.04,11.67
2021,90,30.7,8.25,0.0,2.48,91.35,29.83,9.59
2021,91,29.02,7.26,0.0,3.05,91.35,30.24,7.17
2021,92,28.95,7.32,0.0,2.57,91.39,30.31,7.64
2021,93,30.67,8.61,0.0,1.74,91.41,31.43,10.2
2021,94,30.1,8.85,0.15,2.56,91.58,32.16,10.69
2021,95,30.06,10.09,0.15,2.83,91.6,38.93,12.38
2021,96,28.84,10.54,0.0,3.33,91.71,44.42,13.03
2021,97,29.07,9.14,0.0,2.84,91.77,38.33,10.99
2021,98,28.62,7.29,0.0,3.18,91.62,31.95,7.39
2021,99,28.41,8.68,0.0,3.23,91.56,37.74,10.07
2021,100,28.21,9.92,0.0,3.81,91.66,44.51,11.84
2021,101,28.45,11.26,0.0,3.16,91.79,47.89,14.14
2021,102,28.5,12.21,1.77,3.16,91.84,50.64,15.58
2021,103,27.98,12.04,1.49,2.76,91.81,51.56,15.21
2021,104,26.99,13.41,6.21,1.58,91.77,57.58,17.08
2021,105,24.89,15.25,13.55,1.47,91.78,73.13,19.2
2021,106,26.11,13.75,0.15,2.21,91.71,63.5,17.5
2021,107,26.98,13.72,0.01,1.78,91.74,59.81,17.49
2021,108,27.32,13.26,0.0,2.05,91.83,56.76,16.94
2021,109,27.3,14.31,0.51,1.37,91.69,60.5,18.12
2021,110,26.79,14.33,0.91,1.51,91.63,61.44,18.18
2021,111,26.57,15.27,5.12,1.16,91.73,66.22,19.18
2021,112,27.07,14.2,0.91,0.99,91.73,61.35,18.04
2021,113,25.97,14.73,25.15,1.14,91.74,66.39,18.65
2021,114,26.57,14.86,5.78,1.12,91.68,65.13,18.77
2021,115,27.16,13.64,1.04,2.41,91.65,59.96,17.23
2021,116,25.62,14.22,0.02,1.95,91.65,65.95,17.95
2021,117,26.66,13.56,0.0,1.7,91.67,61.03,17.22
2021,118,27.07,13.51,0.01,1.92,91.74,58.54,17.18
2021,119,27.76,13.36,0.05,1.88,91.67,55.64,17.04
2021,120,26.77,14.17,0.95,1.99,91.59,61.4,17.99
2021,121,26.69,14.78,2.14,2.51,91.6,64.91,18.64
2021,122,26.86,14.1,0.04,1.81,91.6,62.4,17.8
2021,123,27.28,14.09,0.11,2.14,91.55,60.82,17.8
2021,124,27.55,14.56,0.03,2.19,91.53,61.03,18.35
2021,125,28.23,14.22,0.02,2.27,91.52,58.02,17.95
2021,126,28.07,14.01,0.01,2.83,91.59,57.91,17.73
2021,127,27.79,14.28,1.44,2.99,91.67,59.65,18.12
2021,128,27.96,13.85,0.0,2.82,91.59,57.84,17.58
2021,129,28.64,14.24,0.01,2.17,91.5,56.78,18.02
2021,130,28.4,15.2,0.26,1.94,91.49,59.52,19.11
2021,131,27.27,16.23,0.23,1.46,91.5,66.44,20.17
2021,132,27.02,16.72,13.46,1.24,91.42,70.17,20.61
2021,133,26.0,17.1,7.8,1.18,91.37,75.75,20.96
2021,134,27.2,15.04,2.78,3.49,91.21,65.0,18.84
2021,135,24.81,16.01,0.96,4.59,91.13,75.47,19.91
2021,136,25.6,16.29,0.14,4.32,91.24,74.03,20.2
2021,137,26.98,15.62,0.26,2.71,91.42,67.47,19.52
2021,138,26.55,15.67,0.45,2.66,91.5,68.18,19.58
2021,139,25.33,17.66,75.59,2.74,91.46,80.84,21.52
2021,140,24.37,16.32,20.55,2.52,91.53,79.53,20.27
2021,141,23.76,15.84,14.05,2.75,91.57,80.22,19.81
2021,142,24.23,15.83,3.21,3.1,91.5,78.4,19.79
2021,143,24.76,16.05,0.51,3.35,91.54,76.87,20.0
2021,144,23.97,15.08,0.06,3.26,91.6,75.43,19.01
2021,145,23.04,16.52,9.37,3.33,91.44,85.96,20.46
2021,146,24.1,15.27,0.3,4.85,91.39,76.2,19.19
2021,147,24.33,14.99,0.01,3.75,91.47,74.16,18.87
2021,148,25.25,14.63,0.0,3.91,91.52,70.03,18.51
2021,149,25.36,14.77,4.03,3.24,91.58,70.37,18.67
2021,150,25.2,15.29,3.02,3.36,91.54,72.95,19.23
2021,151,25.59,15.95,0.56,3.26,91.39,73.43,19.89
2021,152,25.85,16.62,4.62,2.42,91.41,74.98,20.53
2021,153,25.23,16.73,1.42,1.84,91.46,77.55,20.64
2021,154,24.72,16.68,15.48,0.65,91.55,79.01,20.62
2021,155,23.61,17.14,21.55,2.41,91.63,86.32,21.09
2021,156,22.23,15.38,12.96,1.96,91.63,84.36,19.35
2021,157,24.09,14.37,0.19,2.07,91.57,72.91,18.24
2021,158,23.23,15.08,0.63,2.66,91.62,78.89,19.03
2021,159,24.83,14.78,0.03,3.22,91.55,72.28,18.67
2021,160,24.15,15.6,1.42,3.85,91.46,77.55,19.55
2021,161,24.29,15.0,0.02,4.13,91.37,74.73,18.88
2021,162,23.32,14.94,0.0,4.16,91.44,77.79,18.83
2021,163,22.52,13.77,1.69,5.44,91.43,75.53,17.5
2021,164,22.95,13.53,1.37,5.48,91.38,72.7,17.27
2021,165,22.68,14.37,0.65,6.3,91.32,77.64,18.2
2021,166,22.59,14.81,0.98,5.18,91.32,79.81,18.68
2021,167,23.88,14.81,0.73,5.29,91.42,75.01,18.67
2021,168,23.84,15.43,0.9,5.03,91.5,78.15,19.37
2021,169,23.1,14.89,0.01,4.85,91.62,78.68,18.81
2021,170,23.52,15.46,0.01,4.53,91.72,79.59,19.44
2021,171,23.76,14.86,0.0,3.7,91.74,76.14,18.79
2021,172,24.33,14.98,0.04,3.43,91.65,74.53,18.93
2021,173,24.13,15.17,0.17,2.88,91.57,75.69,19.09
2021,174,24.49,15.33,4.74,2.94,91.55,75.38,19.26
2021,175,24.26,14.85,1.19,3.6,91.6,74.27,18.76
2021,176,23.58,14.19,0.0,3.77,91.52,74.05,18.02
2021,177,23.69,14.4,1.19,4.02,91.48,74.48,18.27
2021,178,21.82,13.12,0.53,3.73,91.6,74.63,16.8
2021,179,24.15,13.25,0.18,1.95,91.48,68.14,16.93
2021,180,25.75,15.19,0.19,1.98,91.45,70.26,19.09
2021,181,25.61,16.93,1.57,1.97,91.45,76.84,20.83
2021,182,23.77,17.68,30.0,2.04,91.39,87.65,21.55
2021,183,23.53,16.69,4.36,2.61,91.47,84.52,20.63
2021,184,23.68,15.94,2.83,2.01,91.51,80.84,19.89
2021,185,23.3,16.2,34.49,1.95,91.51,83.4,20.14
2021,186,24.04,16.15,2.07,1.63,91.41,79.99,20.09
2021,187,23.77,16.89,0.46,1.8,91.31,84.16,20.78
2021,188,23.06,16.71,0.92,2.13,91.29,86.64,20.62
2021,189,23.18,16.53,8.63,2.57,91.38,85.38,20.45
2021,190,23.25,16.39,13.18,3.44,91.22,84.45,20.3
2021,191,21.77,14.53,0.91,4.18,91.17,82.02,18.38
2021,192,21.44,14.36,0.04,4.54,91.17,82.45,18.17
2021,193,21.76,14.45,0.08,4.73,91.2,81.82,18.27
2021,194,23.28,15.68,2.36,4.97,91.23,81.39,19.6
2021,195,22.86,15.98,14.16,4.99,91.29,84.45,19.9
2021,196,22.54,15.51,6.93,4.62,91.28,83.56,19.43
2021,197,23.49,15.97,10.03,3.68,91.45,82.08,19.92
2021,198,22.87,16.49,27.91,3.45,91.49,86.8,20.42
2021,199,22.52,16.57,9.26,4.55,91.39,88.74,20.5
2021,200,23.4,15.71,2.47,4.58,91.41,81.26,19.66
2021,201,23.27,15.49,0.62,5.4,91.61,80.76,19.47
2021,202,23.1,15.4,1.19,5.18,91.55,80.93,19.36
2021,203,22.42,15.42,1.19,6.43,91.28,83.54,19.34
2021,204,23.44,15.52,0.36,5.53,91.21,79.71,19.42
2021,205,23.8,16.07,3.23,4.53,91.36,80.99,20.0
2021,206,22.95,16.12,20.32,4.52,91.5,84.99,20.09
2021,207,22.92,15.71,4.25,4.28,91.52,83.06,19.68
2021,208,23.17,15.46,1.38,4.31,91.45,80.97,19.41
2021,209,23.61,15.15,0.04,4.65,91.53,78.15,19.1
2021,210,23.23,15.25,0.0,4.48,91.56,79.96,19.21
2021,211,22.82,15.43,0.0,4.21,91.64,82.26,19.41
2021,212,23.24,15.39,0.07,4.24,91.68,80.53,19.38
2021,213,23.3,15.17,0.01,4.32,91.59,79.24,19.13
2021,214,23.14,14.49,0.1,4.53,91.59,76.92,18.41
2021,215,23.27,15.1,0.16,4.13,91.72,79.09,19.07
2021,216,23.44,15.41,0.16,4.52,91.74,79.82,19.4
2021,217,23.58,15.46,2.28,4.54,91.58,79.41,19.42
2021,218,23.92,15.95,6.58,4.29,91.49,79.98,19.9
2021,219,24.01,16.43,2.1,3.62,91.52,81.77,20.39
2021,220,24.11,16.27,0.81,2.27,91.57,80.69,20.24
2021,221,24.12,16.47,6.82,2.38,91.6,81.35,20.43
2021,222,22.65,16.16,14.78,3.28,91.56,86.33,20.13
2021,223,23.5,16.19,0.77,2.59,91.52,82.8,20.14
2021,224,22.74,15.99,0.99,3.35,91.61,85.15,19.97
2021,225,23.14,15.75,4.65,3.45,91.53,82.43,19.72
2021,226,22.52,15.46,0.47,3.39,91.44,83.69,19.41
2021,227,22.19,14.81,0.01,3.73,91.47,81.94,18.72
2021,228,22.87,14.88,4.15,3.24,91.53,79.91,18.8
2021,229,23.51,15.05,1.18,3.0,91.56,78.24,18.99
2021,230,22.99,14.43,0.79,3.33,91.48,77.37,18.28
2021,231,22.29,13.9,1.46,3.99,91.44,77.31,17.69
2021,232,22.36,14.51,6.54,2.57,91.5,79.88,18.4
2021,233,22.4,14.76,7.71,1.66,91.63,81.17,18.68
2021,234,23.2,15.1,4.09,1.3,91.59,79.65,19.03
2021,235,23.02,16.23,1.31,1.15,91.55,85.11,20.2
2021,236,23.54,15.7,5.74,1.88,91.57,80.21,19.67
2021,237,23.62,15.82,2.19,2.49,91.49,80.26,19.76
2021,238,24.0,16.65,2.48,1.43,91.34,82.53,20.57
2021,239,23.41,16.85,19.32,2.39,91.3,86.0,20.75
2021,240,22.79,15.57,6.15,3.26,91.24,83.01,19.47
2021,241,22.48,14.21,2.53,3.85,91.23,77.98,18.0
2021,242,22.0,14.33,0.24,3.74,91.31,80.41,18.16
2021,243,23.3,14.73,0.55,2.84,91.38,77.63,18.58
2021,244,23.25,15.27,9.29,1.91,91.55,80.0,19.21
2021,245,22.49,16.14,18.05,1.77,91.51,87.06,20.1
2021,246,22.6,14.95,10.82,2.73,91.46,80.97,18.85
2021,247,22.14,15.61,4.79,3.02,91.46,86.15,19.56
2021,248,22.58,15.33,4.62,3.86,91.45,83.12,19.26
2021,249,21.93,14.17,6.25,4.61,91.43,80.18,18.0
2021,250,22.02,14.56,0.45,4.14,91.44,81.85,18.44
2021,251,22.68,15.53,1.71,3.82,91.54,83.53,19.5
2021,252,23.0,15.33,0.18,3.3,91.64,81.33,19.3
2021,253,22.98,15.62,0.0,3.27,91.61,82.59,19.6
2021,254,22.93,15.77,0.09,3.65,91.51,83.35,19.73
2021,255,23.13,15.74,0.36,4.34,91.4,82.17,19.69
2021,256,23.1,16.01,0.08,4.63,91.33,83.4,19.94
2021,257,23.62,16.11,0.01,3.42,91.41,82.0,20.06
2021,258,23.5,16.13,0.51,2.69,91.51,82.63,20.09
2021,259,23.54,16.17,0.02,2.62,91.48,82.44,20.12
2021,260,23.87,15.69,0.09,2.21,91.45,79.02,19.63
2021,261,24.22,15.29,0.11,1.75,91.57,76.14,19.23
2021,262,23.56,16.08,14.74,1.43,91.72,82.01,20.07
2021,263,23.36,16.63,16.66,1.44,91.64,85.24,20.6
2021,264,23.07,15.89,4.29,2.5,91.56,83.55,19.86
2021,265,23.12,15.86,3.63,2.48,91.41,83.0,19.78
2021,266,23.03,15.93,4.67,2.01,91.45,83.65,19.86
2021,267,23.78,16.29,2.69,1.81,91.51,82.11,20.24
2021,268,23.18,16.57,12.66,1.95,91.46,85.86,20.52
2021,269,21.95,15.65,1.26,2.75,91.32,86.96,19.57
2021,270,22.83,15.55,2.01,3.8,91.19,82.78,19.46
2021,271,21.58,14.73,1.64,3.51,91.39,84.45,18.63
2021,272,22.27,14.76,7.15,2.84,91.56,81.71,18.68
2021,273,23.26,14.98,1.49,1.32,91.63,78.63,18.9
2021,274,23.7,16.48,1.41,1.58,91.57,82.97,20.43
2021,275,23.33,16.59,4.28,1.97,91.53,85.5,20.55
2021,276,23.14,15.89,7.85,2.12,91.54,83.19,19.86
2021,277,22.97,16.22,14.57,1.54,91.48,85.5,20.15
2021,278,23.05,16.64,20.18,1.41,91.45,87.12,20.59
2021,279,22.78,16.57,4.32,1.58,91.33,87.53,20.48
2021,280,24.06,16.56,2.75,1.43,91.39,81.66,20.48
2021,281,23.33,17.42,10.82,1.85,91.49,88.97,21.33
2021,282,22.96,16.94,6.57,2.53,91.62,88.74,20.9
2021,283,22.77,16.36,5.55,2.18,91.58,87.04,20.34
2021,284,23.23,16.4,7.83,1.47,91.44,84.75,20.34
2021,285,22.59,16.28,10.82,1.51,91.44,87.1,20.23
2021,286,22.56,16.24,3.53,2.37,91.41,87.22,20.18
2021,287,23.36,16.18,15.48,1.54,91.35,82.94,20.11
2021,288,23.4,17.03,16.17,0.79,91.11,86.61,20.88
2021,289,23.58,17.41,8.15,1.62,91.07,87.46,21.24
2021,290,22.22,16.66,3.48,1.67,91.26,90.53,20.57
2021,291,23.13,16.9,2.52,2.3,91.5,87.69,20.82
2021,292,22.87,15.99,3.61,1.32,91.74,84.43,19.99
2021,293,23.16,16.65,4.2,1.33,91.85,86.4,20.63
2021,294,22.99,17.05,4.89,1.04,91.88,89.36,21.05
2021,295,23.17,16.68,2.8,1.36,91.9,86.9,20.7
2021,296,22.89,16.33,5.4,1.51,91.96,86.19,20.36
2021,297,22.46,15.55,5.53,0.97,91.97,85.0,19.57
2021,298,22.13,15.63,0.44,1.72,91.8,86.76,19.64
2021,299,22.41,15.6,0.6,1.39,91.71,85.3,19.59
2021,300,21.92,14.95,0.09,1.84,91.73,84.5,18.92
2021,301,21.65,14.46,0.01,1.89,91.76,82.91,18.4
2021,302,21.39,15.1,2.71,2.08,91.85,87.46,19.09
2021,303,22.05,15.75,3.11,2.51,91.91,87.82,19.78
2021,304,22.04,15.88,1.77,2.16,91.85,88.62,19.89
2021,305,21.71,15.83,2.04,2.22,91.76,89.69,19.83
2021,306,21.42,15.31,3.39,3.19,91.75,88.4,19.3
2021,307,21.73,15.46,0.97,2.41,91.76,87.75,19.45
2021,308,22.05,15.83,17.84,1.81,91.74,88.06,19.84
2021,309,22.22,15.54,8.81,0.9,91.7,85.96,19.53
2021,310,21.69,15.71,1.55,1.6,91.64,88.94,19.7
2021,311,21.56,15.85,5.42,2.33,91.57,90.23,19.8
2021,312,20.57,15.47,2.21,2.03,91.67,93.34,19.46
2021,313,20.54,14.73,0.27,1.65,91.75,89.66,18.69
2021,314,19.8,13.48,3.0,2.05,91.68,86.38,17.28
2021,315,18.65,13.36,19.01,4.01,91.41,90.86,17.09
2021,316,19.87,14.84,10.91,3.75,91.26,92.88,18.66
2021,317,22.57,15.76,5.19,0.79,91.5,84.72,19.72
2021,318,22.32,16.65,5.24,1.2,91.5,90.28,20.57
2021,319,22.98,16.85,22.96,1.23,91.41,88.16,20.78
2021,320,22.48,16.59,5.99,2.23,91.44,89.35,20.53
2021,321,22.08,16.3,5.58,1.69,91.65,89.94,20.26
2021,322,19.7,14.62,34.11,3.34,91.51,92.65,18.49
2021,323,21.89,16.96,20.05,3.65,91.07,93.42,20.77
2021,324,22.08,16.8,5.01,2.58,91.26,91.97,20.68
2021,325,21.76,14.41,5.44,1.78,91.62,82.52,18.32
2021,326,21.55,15.39,0.6,1.51,91.76,87.6,19.31
2021,327,22.13,16.11,0.25,1.67,91.73,88.97,20.1
2021,328,21.98,15.31,2.97,1.88,91.73,86.12,19.25
2021,329,21.12,14.97,0.72,2.49,91.76,88.19,18.95
2021,330,21.29,14.88,1.97,2.81,91.78,87.03,18.86
2021,331,20.8,15.03,1.0,3.1,91.77,89.97,19.01
2021,332,20.03,14.6,5.2,3.07,91.81,91.44,18.54
2021,333,20.25,14.58,2.14,3.08,91.87,90.37,18.54
2021,334,21.02,14.87,1.13,2.67,91.86,88.26,18.85
2021,335,21.71,15.44,0.13,3.1,91.82,87.75,19.45
2021,336,21.8,15.17,0.08,2.12,91.79,85.94,19.16
2021,337,21.18,14.44,0.1,1.21,91.84,84.92,18.38
2021,338,21.72,14.12,0.19,0.65,91.85,80.07,18.02
2021,339,22.22,14.87,0.16,1.15,91.84,82.17,18.83
2021,340,21.46,15.05,0.71,1.23,91.82,86.94,19.03
2021,341,21.62,14.89,0.08,2.11,91.85,85.32,18.87
2021,342,20.68,13.47,0.03,2.03,91.88,82.77,17.28
2021,343,21.88,15.12,4.38,1.68,91.95,85.37,19.12
2021,344,20.57,13.81,0.23,2.58,92.04,85.14,17.72
2021,345,20.82,14.59,0.35,2.82,92.01,87.6,18.59
2021,346,20.66,14.29,0.54,3.1,92.03,87.26,18.26
2021,347,20.9,14.63,1.43,2.83,91.92,87.83,18.6
2021,348,20.11,13.93,0.55,2.93,91.89,87.69,17.84
2021,349,20.14,13.5,0.02,2.69,91.93,85.28,17.35
2021,350,19.96,13.13,0.0,2.51,92.01,84.29,16.91
2021,351,19.69,12.5,0.0,1.97,92.06,82.23,16.16
2021,352,18.22,11.11,0.0,2.26,92.01,80.39,14.32
2021,353,17.08,10.09,0.0,2.28,92.1,79.4,12.85
2021,354,17.15,10.52,0.0,2.05,92.09,81.45,13.48
2021,355,18.15,10.03,0.0,1.02,92.11,74.0,12.77
2021,356,17.69,10.4,0.0,1.32,91.98,78.01,13.28
2021,357,17.96,10.39,0.0,1.27,91.92,76.31,13.27
2021,358,17.61,9.49,0.0,1.35,91.94,73.09,11.9
2021,359,18.31,10.6,0.0,1.44,91.98,77.05,13.59
2021,360,18.7,11.46,0.0,1.76,92.09,80.71,14.79
2021,361,18.48,11.34,0.0,2.0,92.13,81.15,14.65
2021,362,18.48,11.79,0.0,2.21,92.08,82.94,15.24
2021,363,18.96,12.04,0.0,2.23,92.01,82.45,15.57
2021,364,19.49,12.6,1.49,2.71,92.09,83.39,16.22
2021,365,20.63,14.12,3.07,3.6,92.15,86.54,18.08
2022,1,20.72,14.03,1.16,3.33,92.19,85.66,18.0
2022,2,20.2,13.15,0.06,2.99,92.1,83.39,16.97
2022,3,19.63,11.78,0.0,2.15,92.05,78.96,15.2
2022,4,19.48,12.24,0.0,2.08,92.06,81.36,15.83
2022,5,19.59,11.6,0.0,1.11,92.05,77.66,15.01
2022,6,19.83,12.34,0.0,1.92,91.97,80.79,15.95
2022,7,20.39,13.04,0.0,2.24,91.99,81.7,16.82
2022,8,20.76,13.33,0.0,1.94,92.01,81.81,17.16
2022,9,20.89,13.29,0.0,2.05,91.89,80.97,17.09
2022,10,20.22,12.08,0.0,2.16,91.89,77.92,15.58
2022,11,20.61,12.33,0.0,2.05,91.9,77.77,15.89
2022,12,21.12,13.34,0.0,2.02,91.85,80.29,17.14
2022,13,21.43,13.48,0.0,1.9,91.8,79.51,17.3
2022,14,21.59,13.44,0.03,1.52,91.8,78.49,17.24
2022,15,22.13,12.94,0.02,0.94,91.88,73.33,16.65
2022,16,21.72,13.55,0.03,2.47,91.99,78.88,17.41
2022,17,21.22,12.99,0.01,2.78,92.13,78.42,16.76
2022,18,20.6,11.99,0.0,2.22,92.08,75.65,15.49
2022,19,20.16,10.99,0.0,1.8,91.94,72.14,14.06
2022,20,20.17,9.66,0.0,1.37,91.76,63.92,12.13
2022,21,21.21,10.01,0.0,1.35,91.78,63.12,12.63
2022,22,20.62,9.97,0.0,1.62,91.67,65.11,12.57
2022,23,20.01,10.32,0.01,1.66,91.66,69.45,13.01
2022,24,20.13,9.25,0.0,1.48,91.62,62.8,11.37
2022,25,20.92,11.83,0.35,1.07,91.61,71.47,15.06
2022,26,21.42,13.86,0.49,1.99,91.62,81.19,17.7
2022,27,21.49,12.85,0.03,2.82,91.71,75.83,16.52
2022,28,20.75,11.72,0.01,3.33,91.86,73.84,15.11
2022,29,21.24,12.19,0.0,2.95,91.94,74.44,15.72
2022,30,22.71,12.79,0.0,0.88,91.85,71.88,16.45
2022,31,23.6,12.93,0.0,1.19,91.77,69.69,16.57
2022,32,23.02,12.49,0.0,1.71,91.72,70.03,16.0
2022,33,22.24,10.95,0.0,1.7,91.78,65.8,13.99
2022,34,21.57,11.35,0.0,1.78,91.76,69.01,14.59
2022,35,22.14,10.61,0.0,1.84,91.65,63.54,13.25
2022,36,22.14,11.49,0.0,1.88,91.7,66.78,14.69
2022,37,22.92,12.93,0.0,2.71,91.92,71.58,16.61
2022,38,22.54,12.12,0.0,1.67,91.95,69.43,15.63
2022,39,22.43,11.4,0.0,1.69,91.84,66.73,14.65
2022,40,21.81,10.9,0.0,2.7,91.81,66.42,13.96
2022,41,21.45,8.84,0.0,2.46,91.79,57.94,10.58
2022,42,21.69,9.04,0.0,3.57,91.8,56.93,10.87
2022,43,22.06,10.42,0.0,3.11,91.76,63.41,13.2
2022,44,21.41,9.61,0.0,2.7,91.68,61.85,11.74
2022,45,21.72,10.06,0.0,2.08,91.68,63.43,12.56
2022,46,22.15,11.2,0.0,2.18,91.67,66.03,14.35
2022,47,22.76,10.93,0.0,1.5,91.53,62.5,13.94
2022,48,22.68,10.89,0.0,1.89,91.46,62.15,13.86
2022,49,22.71,10.44,0.0,3.01,91.6,61.18,13.17
2022,50,22.97,9.98,0.0,3.08,91.81,58.34,12.44
2022,51,23.8,9.7,0.0,1.29,91.75,55.62,11.95
2022,52,24.62,11.43,0.0,1.38,91.66,60.03,14.59
2022,53,24.97,11.22,0.0,2.6,91.77,56.08,14.36
2022,54,23.45,10.25,0.0,3.46,92.0,58.48,12.77
2022,55,22.54,8.49,0.0,2.5,92.06,54.16,9.59
2022,56,22.44,7.26,0.0,2.82,92.0,49.27,6.8
2022,57,21.63,7.95,0.0,2.74,91.97,54.72,8.32
2022,58,23.31,9.98,0.0,2.45,91.98,58.58,12.18
2022,59,22.87,8.66,0.0,2.22,91.96,53.38,9.97
2022,60,23.43,8.37,0.0,2.9,91.95,49.46,9.7
2022,61,22.92,6.17,0.0,3.19,91.92,38.76,4.93
2022,62,22.8,6.73,0.0,3.57,91.88,40.86,6.48
2022,63,23.39,6.04,0.0,3.48,91.87,36.74,4.66
2022,64,23.82,8.59,0.0,3.57,91.83,45.38,10.0
2022,65,23.9,10.08,0.0,3.96,91.78,52.91,12.79
2022,66,23.23,10.1,0.02,3.83,91.79,54.4,12.83
2022,67,24.97,9.31,0.0,3.05,91.79,49.96,11.31
2022,68,25.82,8.79,0.0,2.58,91.75,45.63,10.31
2022,69,25.83,8.22,0.0,3.4,91.72,40.23,9.62
2022,70,25.63,6.55,0.0,3.74,91.69,32.85,6.26
2022,71,25.81,6.19,0.0,3.56,91.63,30.83,5.38
2022,72,25.37,7.03,0.0,3.4,91.69,34.05,7.31
2022,73,26.4,7.66,0.0,2.54,91.69,37.56,8.48
2022,74,26.72,7.25,0.0,2.08,91.6,35.25,7.42
2022,75,26.47,7.28,0.0,2.46,91.54,36.02,7.45
2022,76,27.12,6.36,0.0,2.63,91.51,30.23,5.69
2022,77,27.81,7.33,0.0,1.92,91.46,33.16,7.73
2022,78,28.46,8.79,0.0,1.78,91.45,35.43,10.56
2022,79,26.19,13.02,0.97,1.83,91.49,57.19,16.66
2022,80,26.76,13.18,5.15,1.25,91.52,58.02,16.81
2022,81,26.26,13.92,5.57,1.54,91.55,62.97,17.67
2022,82,27.65,13.08,0.1,1.85,91.49,54.59,16.69
2022,83,27.35,13.12,0.06,1.17,91.51,56.16,16.65
2022,84,27.88,11.58,0.01,2.04,91.56,49.84,14.67
2022,85,28.27,11.65,0.03,2.42,91.74,49.76,14.78
2022,86,28.81,11.5,0.01,3.37,91.76,48.62,14.37
2022,87,28.85,11.35,0.0,2.88,91.73,47.73,14.22
2022,88,29.64,11.02,0.0,2.45,91.6,43.4,13.89
2022,89,30.0,10.83,0.02,2.28,91.58,40.22,13.73
2022,90,30.16,10.64,0.0,2.48,91.62,38.39,13.49
2022,91,29.91,10.23,0.1,2.96,91.61,38.47,12.79
2022,92,28.72,10.17,0.22,3.06,91.72,43.09,12.31
2022,93,28.59,10.09,0.0,3.55,91.67,44.73,11.94
2022,94,28.61,10.59,0.0,3.48,91.72,46.34,12.98
2022,95,28.07,9.84,0.0,3.88,91.88,44.87,11.77
2022,96,28.11,8.61,0.04,3.37,91.88,40.52,9.59
2022,97,27.39,10.72,2.48,3.34,91.79,48.96,13.21
2022,98,28.1,12.2,1.19,3.18,91.69,52.25,15.52
2022,99,27.96,12.36,0.11,2.79,91.61,53.89,15.66
2022,100,28.56,10.23,0.0,3.22,91.56,44.78,12.31
2022,101,27.88,10.54,0.0,2.66,91.52,47.5,12.98
2022,102,29.05,10.68,0.01,2.9,91.43,44.14,12.98
2022,103,27.56,13.54,2.69,2.72,91.43,56.46,17.18
2022,104,25.23,12.69,14.91,1.99,91.52,62.32,15.88
2022,105,27.76,13.3,0.07,0.77,91.46,56.89,16.85
2022,106,28.72,13.69,3.15,1.71,91.37,54.39,17.31
2022,107,26.82,15.11,13.3,1.98,91.5,65.49,18.96
2022,108,26.48,13.42,8.37,2.54,91.64,60.74,16.93
2022,109,26.05,14.56,2.04,2.02,91.77,66.78,18.43
2022,110,28.1,13.09,0.03,2.23,91.59,55.37,16.63
2022,111,27.45,13.88,0.0,2.71,91.51,59.52,17.5
2022,112,26.78,13.92,0.01,2.66,91.61,61.66,17.63
2022,113,25.93,14.56,1.07,2.6,91.68,65.9,18.44
2022,114,27.73,11.92,0.01,2.09,91.56,52.58,15.1
2022,115,27.65,12.49,0.0,2.06,91.49,53.84,15.92
2022,116,28.44,11.11,0.01,2.25,91.51,46.97,14.0
2022,117,28.83,12.4,0.0,2.85,91.51,50.75,15.77
2022,118,29.18,12.35,0.0,2.56,91.55,49.88,15.66
2022,119,29.94,12.03,0.01,3.25,91.57,47.9,15.05
2022,120,29.98,13.61,0.64,1.91,91.46,49.96,17.28
2022,121,30.31,14.4,9.84,1.52,91.35,52.38,17.93
2022,122,28.76,15.74,6.72,1.95,91.33,62.16,19.48
2022,123,27.77,15.44,3.23,1.89,91.44,63.48,19.29
2022,124,28.44,15.12,1.02,2.07,91.5,60.84,18.94
2022,125,27.11,15.41,2.93,1.74,91.48,65.39,19.3
2022,126,27.4,14.7,7.53,1.26,91.43,62.09,18.43
2022,127,27.35,15.18,12.12,1.61,91.4,64.03,18.98
2022,128,27.81,15.12,1.56,1.82,91.26,62.57,18.92
2022,129,27.31,15.61,3.55,2.15,91.13,65.58,19.42
2022,130,26.4,15.62,7.82,3.87,91.1,68.95,19.43
2022,131,25.2,15.64,8.85,5.32,91.17,73.35,19.51
2022,132,24.54,15.73,2.19,4.25,91.26,76.26,19.64
2022,133,25.61,16.15,1.32,3.11,91.24,73.96,20.04
2022,134,25.35,16.54,5.0,2.48,91.29,76.35,20.42
2022,135,24.21,17.48,14.04,2.32,91.36,84.68,21.35
2022,136,25.13,17.49,26.3,2.37,91.34,81.11,21.35
2022,137,25.1,15.32,50.97,1.17,91.26,71.44,19.17
2022,138,24.38,16.54,12.48,1.41,91.23,79.89,20.43
2022,139,22.64,16.44,1.89,3.55,91.32,87.21,20.35
2022,140,22.05,14.77,1.17,4.59,91.48,82.12,18.65
2022,141,23.51,14.61,0.59,4.34,91.45,75.97,18.48
2022,142,24.39,15.76,0.02,4.36,91.33,77.29,19.7
2022,143,25.31,16.12,0.0,3.36,91.26,75.7,20.03
2022,144,26.15,16.29,0.0,2.58,91.46,73.19,20.2
2022,145,26.3,16.1,0.05,1.69,91.59,71.36,20.05
2022,146,25.46,16.11,0.5,2.38,91.6,73.94,20.09
2022,147,24.38,15.54,0.12,3.1,91.6,76.25,19.5
2022,148,24.5,14.86,0.01,3.46,91.51,73.33,18.74
2022,149,24.83,14.05,0.01,3.05,91.48,69.24,17.85
2022,150,25.28,15.04,6.19,2.6,91.41,71.11,18.93
2022,151,23.55,15.45,1.95,2.88,91.38,78.83,19.36
2022,152,23.49,15.55,0.18,3.4,91.36,79.46,19.47
2022,153,25.09,15.32,0.15,2.21,91.35,73.28,19.19
2022,154,24.96,15.76,3.77,2.06,91.33,74.95,19.66
2022,155,24.32,15.34,5.06,2.44,91.4,75.55,19.24
2022,156,24.87,16.04,8.16,1.45,91.39,76.26,19.95
2022,157,24.37,15.59,6.53,1.55,91.4,76.62,19.49
2022,158,24.71,15.9,1.66,2.74,91.45,76.44,19.83
2022,159,24.56,15.41,0.03,3.65,91.44,75.07,19.32
2022,160,25.28,14.7,0.01,3.83,91.39,70.31,18.54
2022,161,24.79,14.89,0.01,4.22,91.45,72.59,18.79
2022,162,24.6,14.36,0.01,3.93,91.51,70.64,18.24
2022,163,23.66,13.9,1.12,3.42,91.5,71.84,17.71
2022,164,24.04,14.62,2.69,2.56,91.55,73.8,18.52
2022,165,24.15,15.76,16.45,2.77,91.52,78.12,19.7
2022,166,23.32,15.56,17.03,2.65,91.45,80.65,19.47
2022,167,23.18,16.28,8.7,1.47,91.43,84.05,20.22
2022,168,21.74,15.04,35.02,1.56,91.46,84.67,18.94
2022,169,22.02,15.67,5.41,1.62,91.46,86.81,19.63
2022,170,23.17,16.6,20.12,2.1,91.47,86.05,20.54
2022,171,23.2,15.19,5.87,3.19,91.4,79.53,19.11
2022,172,23.01,15.54,2.26,3.41,91.31,81.91,19.46
2022,173,22.32,15.69,1.74,2.65,91.42,85.63,19.63
2022,174,23.15,15.31,0.11,3.16,91.48,80.31,19.26
2022,175,22.26,15.52,0.01,4.11,91.44,84.76,19.46
2022,176,22.67,15.1,0.49,4.29,91.25,81.21,18.99
2022,177,23.12,15.11,0.02,4.61,91.29,79.43,19.01
2022,178,23.81,15.05,0.0,4.35,91.44,76.61,18.97
2022,179,23.95,15.3,0.01,3.54,91.44,77.12,19.23
2022,180,24.13,16.06,6.76,3.17,91.3,79.52,19.98
2022,181,23.57,16.3,3.4,3.63,91.31,82.75,20.22
2022,182,23.2,16.23,1.23,3.66,91.33,84.03,20.15
2022,183,22.83,16.08,0.25,3.59,91.24,84.87,19.99
2022,184,23.52,15.96,0.02,4.16,91.24,81.4,19.88
2022,185,22.44,15.4,0.67,4.97,91.26,83.42,19.32
2022,186,22.37,15.46,2.16,4.73,91.2,84.1,19.36
2022,187,22.56,15.14,1.58,4.42,91.32,81.81,19.05
2022,188,22.55,15.5,4.29,4.64,91.5,83.8,19.45
2022,189,22.27,14.99,2.47,5.09,91.44,82.37,18.92
2022,190,22.61,15.52,4.81,5.11,91.26,83.41,19.44
2022,191,22.93,15.12,0.94,5.34,91.29,80.17,19.03
2022,192,23.11,15.18,2.12,5.07,91.44,80.01,19.11
2022,193,22.79,15.01,0.81,5.9,91.43,80.38,18.93
2022,194,22.87,14.85,1.14,7.08,91.22,78.86,18.73
2022,195,22.43,14.42,0.44,7.49,91.14,78.31,18.25
2022,196,23.32,14.79,0.19,5.96,91.25,76.98,18.67
2022,197,23.57,15.81,11.71,4.85,91.34,80.63,19.74
2022,198,23.09,15.63,4.27,5.17,91.43,81.89,19.58
2022,199,22.68,15.34,4.04,4.04,91.49,82.1,19.27
2022,200,22.95,15.65,0.52,2.46,91.5,82.54,19.59
2022,201,23.77,16.28,22.88,2.13,91.48,81.67,20.23
2022,202,23.26,16.38,6.52,2.39,91.43,84.52,20.31
2022,203,22.51,16.11,7.44,2.75,91.45,86.68,20.06
2022,204,22.84,15.5,0.1,3.34,91.42,82.61,19.44
2022,205,22.99,15.28,0.03,3.48,91.43,80.88,19.21
2022,206,22.91,15.23,1.29,2.69,91.52,80.91,19.17
2022,207,22.22,15.25,3.95,2.8,91.56,84.1,19.2
2022,208,22.88,16.12,6.1,2.1,91.48,85.09,20.07
2022,209,24.1,15.79,1.5,1.18,91.54,78.61,19.75
2022,210,23.39,15.65,5.15,1.17,91.57,80.18,19.61
2022,211,24.39,15.8,10.64,0.85,91.43,76.57,19.7
2022,212,24.02,17.18,13.87,1.24,91.25,84.58,21.06
2022,213,23.93,17.05,26.64,1.95,91.2,84.35,20.92
2022,214,23.89,16.9,14.82,1.68,91.12,83.76,20.75
2022,215,22.77,15.79,27.73,1.96,91.13,83.4,19.67
2022,216,22.06,15.52,11.6,1.22,91.15,85.69,19.41
2022,217,22.62,15.77,5.41,5.51,91.25,84.42,19.69
2022,218,22.5,15.64,4.52,5.68,91.19,84.33,19.54
2022,219,22.28,15.87,2.11,5.34,91.16,86.36,19.76
2022,220,22.39,15.81,1.59,5.82,91.11,85.48,19.7
2022,221,22.49,15.03,0.56,6.36,91.13,81.48,18.91
2022,222,22.1,14.63,0.11,5.77,91.15,81.41,18.48
2022,223,22.64,15.22,0.4,4.96,91.29,82.13,19.13
2022,224,22.86,15.23,0.09,4.46,91.43,81.25,19.16
2022,225,22.2,14.9,0.01,3.59,91.49,82.48,18.83
2022,226,22.82,14.72,0.0,3.93,91.52,78.98,18.59
2022,227,23.63,15.31,0.01,3.01,91.59,78.49,19.25
2022,228,24.23,15.48,0.02,1.65,91.59,76.83,19.42
2022,229,24.05,15.94,0.26,2.37,91.6,79.47,19.91
2022,230,22.91,16.46,238.99,3.17,91.53,86.48,20.39
2022,231,23.02,16.04,23.68,3.65,91.51,84.18,19.99
2022,232,22.87,15.87,0.02,3.52,91.54,83.98,19.82
2022,233,22.87,16.13,5.33,3.63,91.47,85.15,20.06
2022,234,22.83,16.15,2.93,3.95,91.43,85.48,20.09
2022,235,23.28,16.17,1.03,3.55,91.44,83.66,20.1
2022,236,22.86,16.07,5.15,3.25,91.55,84.98,20.03
2022,237,22.28,15.78,18.22,2.89,91.47,86.29,19.73
2022,238,22.0,16.4,44.42,2.34,91.38,90.52,20.32
2022,239,22.02,16.14,12.91,2.74,91.39,89.28,20.08
2022,240,22.53,16.18,13.11,2.6,91.36,86.92,20.09
2022,241,22.84,17.05,29.57,1.89,91.42,89.66,20.96
2022,242,23.67,17.26,1.59,1.92,91.43,86.74,21.16
2022,243,22.53,16.89,4.88,1.78,91.42,90.56,20.82
2022,244,23.1,15.97,3.5,1.01,91.4,83.85,19.9
2022,245,23.3,16.57,5.13,1.61,91.48,85.24,20.52
2022,246,24.24,16.86,8.36,0.75,91.48,82.53,20.77
2022,247,23.57,17.84,45.37,1.19,91.46,89.64,21.7
2022,248,24.12,17.15,19.12,0.79,91.43,83.96,21.07
2022,249,23.13,16.71,26.9,1.31,91.4,86.43,20.63
2022,250,22.26,16.27,9.56,1.47,91.45,88.64,20.21
2022,251,22.06,16.26,8.73,2.79,91.4,89.52,20.19
2022,252,22.3,16.67,0.41,3.03,91.37,90.33,20.58
2022,253,22.27,16.29,0.67,3.81,91.38,88.73,20.22
2022,254,21.95,15.91,0.06,4.27,91.33,88.36,19.84
2022,255,22.07,15.68,0.0,4.78,91.33,86.68,19.61
2022,256,22.48,16.29,2.2,3.39,91.55,87.81,20.22
2022,257,22.21,16.16,4.68,2.59,91.75,88.65,20.15
2022,258,21.9,15.85,0.92,2.66,91.8,88.61,19.84
2022,259,22.62,16.29,0.03,2.73,91.63,87.24,20.25
2022,260,22.37,16.15,0.0,2.41,91.62,87.76,20.11
2022,261,22.75,16.23,0.13,2.56,91.65,86.23,20.2
2022,262,22.52,16.06,0.01,3.05,91.62,86.55,20.03
2022,263,21.41,14.12,0.0,2.85,91.6,82.76,17.98
2022,264,22.02,15.13,0.01,2.69,91.57,84.6,19.06
2022,265,22.14,14.58,0.0,2.89,91.64,81.47,18.49
2022,266,21.42,14.61,0.0,2.56,91.7,84.75,18.53
2022,267,22.26,15.26,2.48,2.64,91.65,84.27,19.23
2022,268,22.68,15.37,0.46,2.33,91.53,82.71,19.32
2022,269,23.04,16.53,2.84,2.3,91.57,86.46,20.49
2022,270,22.21,16.03,2.39,2.1,91.51,87.8,19.98
2022,271,22.47,15.8,2.87,2.29,91.42,85.5,19.74
2022,272,21.87,15.63,1.78,2.2,91.42,87.46,19.57
2022,273,21.27,15.51,9.58,2.9,91.49,89.82,19.46
2022,274,21.54,15.38,4.84,3.36,91.52,87.97,19.33
2022,275,21.43,14.95,0.21,3.17,91.5,86.06,18.85
2022,276,22.07,15.59,0.01,3.2,91.46,86.38,19.54
2022,277,22.02,16.04,0.01,2.55,91.43,88.88,19.99
2022,278,21.64,16.11,14.08,2.27,91.38,91.06,20.05
2022,279,21.97,15.73,0.55,2.21,91.36,87.63,19.67
2022,280,22.16,15.57,0.54,1.78,91.47,85.87,19.51
2022,281,21.47,15.16,2.28,1.68,91.6,87.17,19.11
2022,282,22.0,16.05,6.41,1.81,91.62,89.22,20.02
2022,283,23.23,17.17,21.57,2.04,91.62,88.5,21.11
2022,284,22.98,17.15,7.53,2.1,91.63,89.62,21.1
2022,285,22.99,16.97,4.13,1.49,91.69,88.71,20.94
2022,286,22.91,16.87,19.08,1.13,91.6,88.68,20.82
2022,287,23.62,16.6,10.06,1.1,91.53,84.27,20.56
2022,288,22.98,16.92,14.02,1.33,91.42,88.47,20.82
2022,289,23.36,17.3,21.75,1.98,91.63,88.52,21.24
2022,290,23.43,17.52,2.89,1.97,91.78,89.33,21.47
2022,291,23.19,16.9,5.91,1.45,91.79,87.66,20.89
2022,292,23.06,16.28,17.21,1.03,91.73,85.27,20.28
2022,293,22.95,16.33,21.66,1.62,91.76,86.27,20.32
2022,294,22.45,16.04,1.06,1.88,91.89,87.28,20.07
2022,295,21.98,15.59,0.33,2.04,91.94,87.45,19.62
2022,296,20.94,13.99,0.01,1.85,91.87,83.79,17.87
2022,297,18.96,11.21,0.0,2.19,91.75,76.05,14.37
2022,298,19.07,10.51,0.0,1.56,91.8,70.96,13.34
2022,299,19.7,10.82,0.0,1.13,91.89,71.17,13.86
2022,300,19.66,11.89,0.01,1.62,91.87,78.36,15.31
2022,301,20.95,14.64,0.38,2.16,91.77,86.9,18.56
2022,302,21.67,15.43,3.85,2.44,91.75,87.82,19.39
2022,303,21.64,15.17,0.26,2.22,91.76,86.69,19.14
2022,304,20.31,14.28,0.0,1.89,91.79,88.26,18.21
2022,305,20.21,15.09,9.71,2.27,91.82,93.18,19.07
2022,306,20.12,14.32,5.57,2.33,91.81,89.63,18.23
2022,307,20.3,13.83,5.47,2.4,91.77,85.56,17.6
2022,308,20.56,14.05,1.62,2.49,91.9,86.1,17.95
2022,309,20.62,13.67,0.85,2.24,92.02,84.18,17.53
2022,310,20.77,14.62,0.72,2.2,92.05,88.35,18.61
2022,311,20.02,12.8,0.1,2.03,91.98,82.15,16.51
2022,312,20.75,14.58,0.0,2.15,91.96,87.6,18.54
2022,313,21.37,14.52,0.0,1.92,91.91,84.77,18.49
2022,314,21.39,14.52,0.88,2.39,91.84,84.91,18.45
2022,315,20.02,14.09,7.09,3.57,91.81,88.59,18.0
2022,316,20.35,14.97,11.57,2.95,91.79,91.92,18.95
2022,317,20.77,14.83,5.72,2.53,91.83,89.24,18.79
2022,318,21.33,15.24,1.74,1.63,91.92,88.72,19.25
2022,319,21.59,15.24,1.1,1.5,91.92,87.62,19.26
2022,320,20.8,14.34,0.0,1.64,91.82,86.23,18.27
2022,321,18.65,11.25,0.0,1.85,91.79,78.06,14.43
2022,322,17.62,10.04,0.0,1.78,91.84,75.28,12.69
2022,323,17.79,10.81,0.0,2.0,91.82,79.84,13.89
2022,324,17.37,10.35,0.0,1.53,91.69,77.83,13.15
2022,325,16.92,11.64,0.03,1.69,91.69,87.67,14.82
2022,326,20.16,14.44,3.96,1.58,91.67,89.71,18.32
2022,327,21.37,15.43,7.75,1.63,91.7,89.41,19.4
2022,328,21.63,15.25,2.37,2.25,91.76,87.46,19.23
2022,329,21.4,14.79,0.58,2.04,91.85,86.21,18.77
2022,330,21.57,14.64,0.08,1.63,91.77,84.52,18.59
2022,331,21.94,14.95,0.03,1.06,91.62,83.69,18.9
2022,332,22.06,15.31,0.05,1.14,91.65,85.45,19.28
2022,333,21.26,14.25,0.02,1.9,91.74,83.85,18.15
2022,334,18.66,11.16,0.0,1.75,91.82,78.73,14.37
2022,335,20.8,14.88,0.3,1.95,91.79,87.83,18.82
2022,336,21.93,15.24,0.12,2.02,91.75,86.09,19.23
2022,337,21.77,15.11,0.0,2.26,91.77,85.71,19.09
2022,338,21.29,14.75,0.01,2.34,91.86,86.33,18.73
2022,339,20.85,14.5,0.03,2.23,91.89,87.18,18.45
2022,340,20.64,13.95,0.0,1.79,91.83,84.93,17.85
2022,341,19.11,11.89,0.0,2.16,91.75,80.51,15.31
2022,342,17.31,10.32,0.03,2.05,91.65,77.64,13.14
2022,343,17.79,11.62,7.26,3.42,91.46,83.38,14.81
2022,344,19.26,14.44,34.95,5.04,91.18,93.76,18.24
2022,345,21.04,15.48,9.96,3.02,91.43,90.83,19.42
2022,346,20.8,15.62,29.05,2.88,91.53,92.76,19.57
2022,347,21.12,15.3,7.23,3.03,91.75,89.84,19.29
2022,348,20.79,14.37,0.86,2.3,91.88,86.79,18.32
2022,349,20.03,12.32,0.03,1.84,91.8,79.32,15.79
2022,350,19.25,11.08,0.0,1.83,91.75,76.11,14.17
2022,351,19.9,13.24,0.0,1.99,91.81,84.12,16.99
2022,352,20.55,14.31,0.0,2.52,91.75,86.92,18.22
2022,353,17.88,11.69,0.0,2.22,91.7,84.75,15.04
2022,354,18.84,11.79,0.0,1.85,91.66,81.31,15.16
2022,355,18.39,10.28,0.0,1.86,91.7,75.49,13.01
2022,356,17.5,10.19,0.0,2.12,91.73,77.37,12.83
2022,357,19.35,12.84,0.0,2.06,91.68,84.27,16.44
2022,358,20.47,13.54,0.01,2.0,91.79,83.55,17.37
2022,359,21.29,15.09,5.17,3.1,91.8,87.92,19.03
2022,360,21.19,14.81,1.09,3.09,91.95,87.28,18.8
2022,361,21.09,14.72,0.5,2.58,92.04,87.3,18.69
2022,362,21.5,14.75,0.07,2.05,92.15,85.92,18.78
2022,363,20.79,13.41,0.0,1.97,92.25,82.26,17.3
2022,364,19.25,11.56,0.0,1.66,92.31,78.02,14.97
2022,365,18.84,10.51,0.0,1.23,92.25,73.82,13.48
2023,1,18.53,10.85,0.0,1.6,92.17,76.63,13.96
2023,2,18.57,11.61,0.0,2.39,92.15,81.34,15.02
2023,3,18.94,11.74,0.0,2.14,92.18,80.9,15.19
2023,4,19.22,11.91,0.0,2.35,92.1,80.99,15.42
2023,5,18.78,11.65,0.0,2.92,92.13,81.13,15.08
2023,6,18.89,12.04,0.0,3.19,92.25,83.05,15.6
2023,7,19.36,12.38,0.0,2.77,92.16,82.9,16.01
2023,8,19.3,11.99,0.0,2.04,92.07,80.76,15.51
2023,9,18.05,9.51,0.0,1.94,92.16,71.84,11.81
2023,10,16.62,9.14,0.0,2.28,92.12,74.99,11.27
2023,11,17.17,8.85,0.0,1.61,91.98,71.12,10.76
2023,12,17.92,8.24,0.0,1.39,91.86,65.4,9.67
2023,13,18.12,9.56,0.0,1.23,91.89,71.58,11.98
2023,14,17.89,8.85,0.0,1.29,91.88,68.49,10.77
2023,15,17.84,8.68,0.0,1.3,91.82,68.45,10.5
2023,16,18.39,8.9,0.0,1.56,91.87,68.26,10.84
2023,17,18.05,8.98,0.0,1.43,91.93,70.56,10.87
2023,18,18.29,9.79,0.0,1.92,92.04,73.7,12.32
2023,19,18.23,9.05,0.0,2.16,92.04,70.27,11.01
2023,20,18.16,10.87,0.0,2.39,92.04,79.29,13.95
2023,21,19.34,11.24,0.0,2.21,91.97,76.61,14.47
2023,22,18.87,9.7,0.0,2.51,91.89,70.86,12.06
2023,23,20.13,12.32,0.01,2.71,91.82,79.09,15.83
2023,24,20.98,12.35,0.18,2.19,91.84,75.82,15.93
2023,25,19.7,10.67,0.04,2.16,91.83,72.94,13.57
2023,26,19.3,9.89,0.0,2.18,91.83,70.88,12.36
2023,27,18.98,9.18,0.0,2.47,91.85,67.89,11.15
2023,28,18.54,8.33,0.0,2.5,91.82,63.64,9.63
2023,29,19.14,9.58,0.0,2.71,91.73,67.93,11.81
2023,30,20.89,12.47,0.0,2.41,91.81,76.99,16.08
2023,31,21.23,11.27,0.0,2.56,91.79,70.23,14.37
2023,32,21.21,10.45,0.0,2.72,91.8,65.42,13.23
2023,33,20.91,10.83,0.0,2.99,91.84,66.39,13.84
2023,34,21.8,11.59,0.02,2.92,91.84,68.59,14.91
2023,35,22.43,11.26,0.25,3.11,91.79,66.01,14.38
2023,36,22.26,10.01,0.0,2.1,91.75,59.22,12.61
2023,37,21.4,9.99,0.0,1.83,91.79,63.84,12.52
2023,38,21.2,10.03,0.0,0.96,91.78,63.89,12.67
2023,39,22.06,10.31,0.0,2.06,91.79,61.95,13.13
2023,40,21.74,9.9,0.0,2.25,91.86,61.56,12.49
2023,41,21.82,9.91,0.0,2.27,91.94,62.36,12.45
2023,42,21.94,8.8,0.0,2.29,91.95,56.14,10.56
2023,43,22.52,8.48,0.0,2.42,91.97,51.88,10.07
2023,44,21.99,7.69,0.0,2.72,92.0,49.12,8.63
2023,45,21.57,8.15,0.0,2.13,91.95,54.11,9.38
2023,46,21.49,8.04,0.0,2.14,91.83,53.67,9.1
2023,47,21.76,8.08,0.0,2.83,91.86,52.86,9.26
2023,48,21.42,8.58,0.0,2.46,91.9,57.93,10.06
2023,49,21.63,8.99,0.0,2.21,91.92,58.81,10.79
2023,50,22.06,9.56,0.0,2.16,91.94,59.3,11.89
2023,51,22.33,8.57,0.0,1.65,91.93,53.76,10.21
2023,52,22.52,8.53,0.0,1.99,91.96,52.44,10.21
2023,53,22.47,8.12,0.0,2.77,91.93,52.07,9.2
2023,54,21.61,7.51,0.0,3.03,91.92,51.75,7.81
2023,55,21.69,6.56,0.0,2.48,91.97,47.05,5.47
2023,56,22.58,5.99,0.0,2.92,92.1,39.21,4.6
2023,57,22.51,6.81,0.0,3.25,92.17,43.36,6.71
2023,58,21.53,7.25,0.0,3.18,92.17,50.01,7.46
2023,59,22.07,8.73,0.0,2.9,92.18,51.97,10.01
2023,60,23.85,10.22,0.0,3.27,92.16,56.23,12.76
2023,61,22.13,6.83,0.0,3.59,92.24,45.57,6.41
2023,62,22.1,6.71,0.0,3.73,92.28,43.88,6.55
2023,63,22.63,6.06,0.0,3.68,92.27,38.93,5.03
2023,64,22.93,6.27,0.0,3.49,92.21,39.07,5.47
2023,65,23.01,6.38,0.0,3.54,92.07,38.91,5.7
2023,66,23.21,6.41,0.0,3.5,92.02,39.53,5.5
2023,67,23.36,7.47,0.0,3.58,92.0,44.32,7.81
2023,68,22.66,7.4,0.0,3.0,91.97,46.32,7.58
2023,69,23.39,7.7,0.0,3.41,91.93,46.29,8.35
2023,70,24.05,8.6,0.0,3.51,91.9,49.61,10.14
2023,71,24.13,8.71,0.0,3.56,91.92,50.79,10.05
2023,72,25.23,9.4,0.0,3.23,91.81,49.79,11.44
2023,73,25.92,8.36,0.0,2.33,91.69,42.04,9.75
2023,74,26.64,9.76,0.0,2.67,91.63,46.19,12.04
2023,75,26.32,12.11,0.43,2.02,91.73,55.69,15.49
2023,76,24.0,14.1,17.9,2.1,91.74,70.81,17.97
2023,77,24.65,14.48,6.89,2.8,91.67,71.42,18.36
2023,78,24.85,13.65,7.89,1.78,91.59,67.81,17.31
2023,79,24.89,11.37,1.48,2.05,91.52,57.62,14.4
2023,80,24.04,8.28,0.02,1.93,91.54,47.21,9.48
2023,81,24.77,9.18,0.0,1.2,91.58,47.31,11.19
2023,82,26.83,11.7,0.2,1.24,91.59,52.1,14.92
2023,83,26.81,13.01,0.93,1.68,91.63,57.34,16.62
2023,84,25.7,14.64,1.49,2.17,91.75,67.57,18.55
2023,85,25.73,14.25,0.89,1.36,91.74,65.58,18.11
2023,86,26.6,12.51,0.43,1.63,91.68,58.1,15.87
2023,87,27.5,11.98,0.05,1.65,91.66,53.03,15.23
2023,88,27.77,12.98,0.55,2.04,91.74,55.6,16.52
2023,89,27.29,13.0,0.76,1.0,91.71,55.19,16.64
2023,90,27.59,12.23,0.0,1.18,91.66,50.58,15.69
2023,91,27.12,12.69,0.21,1.4,91.66,53.43,16.27
2023,92,27.67,12.53,0.53,1.62,91.58,53.21,15.97
2023,93,28.34,11.79,0.2,1.64,91.56,48.42,14.98
2023,94,26.26,14.17,7.53,1.54,91.7,62.97,18.01
2023,95,27.05,13.6,0.68,1.67,91.65,59.49,17.28
2023,96,27.19,12.04,0.08,2.33,91.69,52.24,15.43
2023,97,26.87,11.41,0.0,3.03,91.85,52.28,14.51
2023,98,26.54,10.73,0.0,3.69,91.99,50.93,13.56
2023,99,26.71,9.91,0.0,3.06,91.97,48.02,12.32
2023,100,27.36,9.82,0.0,3.23,91.86,46.57,11.98
2023,101,27.58,7.13,0.0,2.64,91.86,34.86,6.79
2023,102,27.02,7.07,0.0,2.5,91.85,33.87,7.11
2023,103,28.88,6.55,0.0,2.77,91.79,27.2,6.34
2023,104,28.34,6.81,0.0,2.6,91.8,28.79,6.81
2023,105,28.42,7.51,0.0,2.35,91.74,30.05,8.39
2023,106,27.88,7.84,0.0,2.5,91.64,33.91,8.62
2023,107,28.3,7.3,0.0,3.01,91.64,31.27,7.64
2023,108,28.72,7.7,0.0,2.82,91.73,33.73,8.38
2023,109,29.02,8.26,0.0,1.98,91.55,35.1,9.39
2023,110,30.24,9.38,0.0,1.51,91.35,34.99,11.46
2023,111,30.16,11.65,0.36,1.96,91.35,41.28,14.93
2023,112,29.62,12.59,2.74,1.75,91.4,46.07,16.11
2023,113,28.42,13.76,2.06,1.87,91.45,54.25,17.5
2023,114,28.21,12.91,0.35,3.37,91.54,52.99,16.42
2023,115,27.88,12.16,0.43,2.51,91.63,49.99,15.58
2023,116,28.07,12.55,0.01,2.42,91.6,51.17,15.97
2023,117,28.51,12.43,0.0,2.47,91.62,49.52,15.94
2023,118,29.09,11.57,0.01,3.23,91.66,46.23,14.64
2023,119,27.96,13.56,12.69,2.72,91.62,56.71,17.1
2023,120,26.51,15.28,1.95,1.99,91.52,67.15,19.14
2023,121,24.41,16.37,17.21,2.05,91.51,78.9,20.32
2023,122,25.42,15.74,2.14,1.18,91.57,73.04,19.69
2023,123,25.56,16.12,1.87,2.14,91.63,73.72,20.06
2023,124,24.75,15.73,8.44,1.16,91.61,75.59,19.68
2023,125,23.04,16.31,22.85,1.72,91.53,84.99,20.27
2023,126,23.83,16.15,3.83,1.53,91.49,80.99,20.1
2023,127,24.48,16.56,15.73,1.98,91.51,80.3,20.5
2023,128,24.6,16.58,5.71,1.53,91.49,79.76,20.52
2023,129,26.62,16.33,0.48,1.5,91.49,71.52,20.24
2023,130,27.29,15.26,0.04,1.88,91.45,65.02,19.12
2023,131,27.79,15.39,0.01,1.66,91.52,63.65,19.26
2023,132,28.05,15.36,5.17,1.73,91.56,63.55,19.19
2023,133,27.4,15.7,0.0,3.17,91.6,65.87,19.62
2023,134,28.21,15.96,0.0,3.19,91.53,64.77,19.82
2023,135,28.35,15.53,0.3,2.69,91.58,62.61,19.41
2023,136,28.66,14.75,0.26,2.14,91.66,59.2,18.6
2023,137,29.4,12.82,0.83,0.94,91.71,48.21,16.27
2023,138,29.29,13.48,0.06,1.82,91.76,52.95,17.06
2023,139,27.4,15.73,0.01,1.46,91.72,64.8,19.68
2023,140,27.63,15.71,1.85,2.05,91.65,65.0,19.63
2023,141,27.7,16.28,10.02,1.21,91.71,67.02,20.16
2023,142,28.0,15.44,2.9,1.72,91.74,63.47,19.31
2023,143,27.18,15.08,4.04,1.48,91.8,64.86,18.91
2023,144,26.34,15.25,0.78,1.93,91.8,67.66,19.22
2023,145,26.66,15.55,2.64,1.98,91.82,68.18,19.49
2023,146,27.38,15.29,1.23,2.3,91.83,64.95,19.19
2023,147,27.63,15.11,0.43,2.18,91.68,63.38,18.99
2023,148,27.92,14.71,0.1,2.03,91.58,60.34,18.54
2023,149,28.34,14.69,0.01,1.91,91.57,58.54,18.54
2023,150,26.22,15.93,11.13,1.82,91.67,70.95,19.87
2023,151,26.78,15.44,15.29,0.84,91.64,66.95,19.28
2023,152,26.1,15.86,8.32,1.99,91.59,70.34,19.82
2023,153,25.76,14.14,1.39,2.36,91.61,65.18,17.88
2023,154,28.04,15.68,0.0,2.7,91.54,63.65,19.58
2023,155,27.85,15.9,0.01,2.53,91.53,64.81,19.8
2023,156,26.24,16.16,0.01,2.91,91.53,71.14,20.1
2023,157,27.02,16.34,0.77,2.97,91.48,69.33,20.26
2023,158,26.66,16.18,1.66,3.34,91.46,70.21,20.1
2023,159,25.07,15.99,0.48,3.02,91.56,74.53,19.95
2023,160,26.07,15.48,5.86,3.61,91.44,69.63,19.39
2023,161,25.97,14.64,0.16,4.78,91.42,67.01,18.51
2023,162,26.26,14.8,0.01,4.27,91.4,66.54,18.69
2023,163,25.89,16.31,17.72,3.77,91.42,73.9,20.21
2023,164,26.43,15.76,0.06,3.76,91.45,69.74,19.69
2023,165,26.15,15.55,0.36,4.29,91.56,69.55,19.48
2023,166,27.04,15.14,0.03,3.82,91.57,65.7,19.04
2023,167,27.25,15.01,0.03,3.78,91.5,64.4,18.9
2023,168,26.7,15.43,0.04,3.55,91.49,66.91,19.33
2023,169,25.18,15.66,0.09,3.67,91.52,72.95,19.59
2023,170,24.95,15.76,3.0,3.22,91.46,74.63,19.7
2023,171,24.58,16.08,11.28,2.15,91.43,77.28,20.02
2023,172,23.83,16.17,17.12,2.04,91.48,80.71,20.12
2023,173,25.19,15.33,10.89,2.42,91.45,72.44,19.17
2023,174,24.35,14.0,2.47,3.43,91.47,70.19,17.79
2023,175,23.46,15.78,0.1,3.57,91.43,80.66,19.71
2023,176,23.97,15.97,1.31,3.22,91.45,79.43,19.91
2023,177,24.06,13.71,0.41,3.99,91.47,69.79,17.49
2023,178,24.13,13.73,1.07,3.82,91.53,69.59,17.53
2023,179,24.59,13.44,0.04,4.13,91.61,67.44,17.18
2023,180,24.14,14.47,15.3,3.95,91.67,73.18,18.38
2023,181,24.74,13.83,0.21,4.32,91.62,68.23,17.64
2023,182,24.36,13.93,1.11,4.17,91.66,69.36,17.75
2023,183,23.45,15.35,2.35,4.28,91.59,78.99,19.28
2023,184,23.74,15.77,2.0,4.31,91.47,79.68,19.72
2023,185,23.55,15.92,4.77,4.86,91.29,81.15,19.85
2023,186,22.76,14.76,0.82,5.29,91.22,78.77,18.59
2023,187,23.17,14.24,0.11,5.82,91.4,74.78,18.08
2023,188,24.12,15.13,2.34,4.39,91.56,75.76,19.07
2023,189,23.91,14.88,1.67,3.96,91.67,75.39,18.84
2023,190,24.37,15.05,1.12,3.51,91.6,74.53,18.99
2023,191,23.88,15.26,4.22,3.09,91.58,77.24,19.19
2023,192,24.05,14.34,8.85,4.32,91.55,72.74,18.15
2023,193,23.94,13.69,6.89,4.31,91.52,70.69,17.47
2023,194,23.93,14.15,7.74,4.21,91.56,72.57,18.02
2023,195,23.93,14.92,0.45,4.22,91.63,75.52,18.87
2023,196,24.2,14.7,0.88,3.91,91.62,73.86,18.61
2023,197,24.78,15.48,0.04,3.61,91.57,74.88,19.44
2023,198,24.72,15.5,0.08,4.3,91.52,74.93,19.45
2023,199,25.01,15.04,0.01,5.38,91.45,71.83,18.93
2023,200,24.22,15.19,0.1,6.33,91.32,74.78,19.08
2023,201,24.37,14.97,0.1,6.57,91.29,73.51,18.85
2023,202,23.92,15.67,0.07,6.43,91.38,78.03,19.6
2023,203,24.12,14.85,2.62,6.27,91.49,74.01,18.77
2023,204,24.13,15.03,1.33,5.94,91.54,74.91,18.98
2023,205,23.11,15.69,6.94,5.2,91.48,82.1,19.64
2023,206,22.19,15.13,9.18,5.09,91.56,83.33,19.08
2023,207,22.54,15.55,4.37,5.38,91.61,83.91,19.51
2023,208,22.44,14.58,0.14,5.81,91.67,79.91,18.52
2023,209,24.12,14.8,0.33,5.47,91.61,74.43,18.75
2023,210,24.68,14.74,0.1,5.47,91.6,72.27,18.67
2023,211,25.12,14.79,0.01,5.01,91.55,70.97,18.72
2023,212,25.44,15.07,0.0,4.66,91.52,70.58,19.0
2023,213,24.98,14.84,0.0,5.14,91.56,71.59,18.77
2023,214,24.9,14.42,0.0,5.33,91.61,70.25,18.32
2023,215,25.23,14.75,0.0,5.02,91.6,70.11,18.68
2023,216,25.23,14.91,0.05,4.49,91.73,70.8,18.89
2023,217,25.21,14.69,0.01,4.43,91.85,69.67,18.65
2023,218,25.2,15.28,0.75,3.63,91.73,72.48,19.25
2023,219,25.48,14.56,0.79,3.55,91.57,68.55,18.43
2023,220,25.42,14.67,0.04,2.96,91.61,69.1,18.57
2023,221,25.69,14.92,3.61,2.56,91.73,69.25,18.81
2023,222,24.72,15.83,8.78,2.23,91.76,75.78,19.8
2023,223,24.78,15.83,6.87,1.8,91.71,75.53,19.81
2023,224,24.95,15.11,0.46,2.63,91.69,72.26,19.06
2023,225,25.38,14.47,0.11,2.9,91.63,68.72,18.33
2023,226,24.76,14.06,0.02,2.59,91.67,68.83,17.86
2023,227,25.05,14.34,0.21,2.21,91.67,69.23,18.21
2023,228,25.83,14.67,0.17,2.54,91.69,67.96,18.57
2023,229,25.63,14.63,0.0,3.56,91.66,67.5,18.56
2023,230,24.88,14.39,0.0,4.24,91.58,69.41,18.28
2023,231,25.06,14.61,3.68,4.43,91.53,70.47,18.49
2023,232,25.73,14.77,0.08,3.7,91.49,68.72,18.66
2023,233,26.15,14.18,0.02,3.1,91.47,65.07,17.98
2023,234,25.78,15.67,1.32,1.58,91.51,70.76,19.6
2023,235,25.72,15.29,0.87,1.81,91.53,70.03,19.19
2023,236,25.7,14.41,0.01,2.59,91.51,66.44,18.23
2023,237,26.59,14.59,0.0,2.12,91.52,65.04,18.41
2023,238,24.83,15.61,2.1,2.25,91.66,74.07,19.58
2023,239,25.34,15.25,4.62,1.94,91.69,71.7,19.18
2023,240,26.0,14.22,0.19,2.56,91.62,65.56,18.0
2023,241,26.2,14.47,0.42,2.66,91.53,65.39,18.27
2023,242,26.3,15.34,5.91,2.68,91.54,69.32,19.18
2023,243,24.33,16.12,24.84,1.82,91.57,78.26,20.07
2023,244,24.07,17.3,18.54,1.44,91.58,85.11,21.24
2023,245,23.26,16.23,13.36,2.81,91.58,83.89,20.2
2023,246,23.12,15.09,2.88,2.8,91.49,79.31,19.01
2023,247,22.15,14.14,1.67,4.43,91.38,78.67,17.97
2023,248,23.34,15.16,7.96,3.85,91.35,78.72,19.02
2023,249,23.08,15.38,3.59,3.25,91.46,80.92,19.32
2023,250,23.22,14.71,2.34,3.83,91.52,77.75,18.62
2023,251,23.62,14.85,0.31,4.1,91.58,76.77,18.77
2023,252,23.68,14.96,0.81,3.76,91.55,76.62,18.88
2023,253,24.0,15.43,0.44,3.49,91.49,77.58,19.34
2023,254,23.54,15.51,0.42,3.71,91.55,79.91,19.47
2023,255,24.02,15.12,0.87,3.65,91.57,76.38,19.07
2023,256,24.45,14.38,4.49,3.95,91.56,72.22,18.25
2023,257,24.24,14.84,0.56,3.62,91.56,74.66,18.77
2023,258,23.3,14.64,0.22,3.92,91.61,76.84,18.54
2023,259,24.14,15.53,22.37,3.68,91.62,77.79,19.48
2023,260,24.23,16.02,10.14,2.9,91.54,79.41,19.99
2023,261,23.93,16.2,12.75,2.75,91.53,81.3,20.14
2023,262,24.37,16.02,2.29,2.74,91.62,78.67,19.99
2023,263,23.65,16.18,8.95,2.36,91.66,82.25,20.16
2023,264,22.21,16.06,17.78,1.58,91.69,87.94,20.05
2023,265,24.01,16.81,1.08,1.5,91.66,83.03,20.78
2023,266,23.3,17.11,1.14,1.75,91.64,87.69,21.06
2023,267,22.78,16.83,17.96,2.35,91.64,88.99,20.8
2023,268,21.94,15.98,3.51,2.64,91.58,88.87,19.95
2023,269,23.29,16.25,6.22,2.11,91.54,84.1,20.21
2023,270,23.42,15.5,1.5,2.76,91.56,80.3,19.46
2023,271,22.35,15.73,2.7,2.76,91.56,85.74,19.67
2023,272,22.86,16.05,0.89,3.31,91.55,84.89,20.01
2023,273,22.5,14.28,1.65,3.86,91.63,78.31,18.18
2023,274,23.34,15.27,0.26,4.06,91.57,79.94,19.23
2023,275,23.5,14.98,0.35,3.73,91.64,78.2,18.93
2023,276,23.81,14.99,0.0,2.53,91.71,76.74,18.95
2023,277,24.2,14.99,0.12,1.57,91.74,74.55,18.95
2023,278,23.68,16.23,0.22,1.97,91.7,82.26,20.22
2023,279,23.46,15.93,0.43,1.45,91.66,81.41,19.92
2023,280,24.45,16.34,2.23,1.17,91.66,79.65,20.31
2023,281,24.43,15.62,1.88,0.83,91.78,76.24,19.58
2023,282,24.19,17.08,12.02,1.01,91.87,84.04,21.06
2023,283,23.86,17.46,16.63,0.67,91.84,86.72,21.42
2023,284,23.17,16.63,5.73,1.98,91.81,86.39,20.63
2023,285,22.99,14.24,0.13,2.1,91.89,77.04,18.16
2023,286,22.71,13.0,0.02,1.98,91.97,72.33,16.74
2023,287,22.82,13.93,0.82,1.71,91.96,76.59,17.78
2023,288,23.45,14.56,1.97,1.61,91.81,76.4,18.47
2023,289,23.08,15.88,7.93,1.81,91.83,83.74,19.87
2023,290,23.9,15.5,0.18,1.5,91.9,78.52,19.51
2023,291,23.39,14.73,0.19,1.77,91.97,77.75,18.71
2023,292,23.58,13.66,0.0,1.9,91.95,72.69,17.45
2023,293,23.84,14.35,0.0,2.02,91.95,74.35,18.28
2023,294,23.92,14.49,0.03,2.22,91.97,75.04,18.42
2023,295,23.93,13.95,0.01,1.88,91.97,72.35,17.83
2023,296,23.34,11.47,0.0,1.86,91.91,62.23,14.66
2023,297,22.58,9.51,0.0,1.51,91.87,54.78,11.88
2023,298,22.76,11.6,0.0,1.31,91.96,65.71,14.88
2023,299,22.9,11.8,0.0,1.45,91.97,66.52,15.16
2023,300,23.76,13.41,0.0,2.03,91.87,70.61,17.13
2023,301,24.11,14.64,0.02,2.11,91.85,74.2,18.58
2023,302,23.96,15.46,0.73,2.11,91.85,78.45,19.46
2023,303,22.43,15.46,4.87,2.31,91.85,84.5,19.47
2023,304,22.52,14.72,0.68,1.74,91.92,80.85,18.7
2023,305,23.75,13.53,0.01,1.91,91.91,71.07,17.3
2023,306,24.33,15.19,0.0,2.08,91.83,75.63,19.18
2023,307,24.67,15.19,1.43,2.34,91.72,75.46,19.13
2023,308,23.59,15.66,9.78,1.95,91.69,80.72,19.64
2023,309,23.38,15.49,2.41,2.87,91.82,80.82,19.49
2023,310,22.57,15.48,15.2,1.18,91.96,84.05,19.51
2023,311,22.92,16.57,14.83,1.73,91.9,87.44,20.59
2023,312,23.21,15.87,2.75,1.69,91.9,83.33,19.89
2023,313,21.91,14.56,1.97,2.25,91.98,82.61,18.53
2023,314,22.32,14.25,0.66,2.06,92.06,80.06,18.21
2023,315,22.73,12.35,0.0,2.57,92.08,70.21,15.71
2023,316,21.8,12.19,0.0,2.68,92.07,72.96,15.72
2023,317,22.17,13.09,0.06,2.7,92.02,75.51,16.85
2023,318,21.24,12.34,0.2,2.68,91.95,74.86,15.79
2023,319,22.41,13.25,0.03,1.91,91.89,74.97,17.03
2023,320,23.53,13.0,0.0,1.24,91.9,68.97,16.67
2023,321,23.99,13.98,0.0,1.78,91.91,72.46,17.85
2023,322,24.23,13.56,0.0,2.62,91.91,69.92,17.34
2023,323,23.69,13.64,0.0,3.12,91.92,71.31,17.47
2023,324,23.29,13.72,0.0,2.78,91.91,73.29,17.59
2023,325,23.3,15.6,0.33,2.87,91.82,81.16,19.61
2023,326,23.81,16.26,6.48,2.47,91.76,82.39,20.27
2023,327,23.1,14.97,2.8,2.65,91.72,79.89,18.92
2023,328,23.59,15.54,2.44,2.35,91.76,80.53,19.53
2023,329,23.2,15.28,1.3,2.75,91.9,80.64,19.3
2023,330,22.95,13.76,0.42,3.52,91.97,75.62,17.6
2023,331,23.29,14.21,0.47,2.82,91.89,76.21,18.13
2023,332,23.55,14.35,0.14,2.41,91.76,74.94,18.26
2023,333,23.02,14.86,2.4,2.54,91.78,79.49,18.82
2023,334,22.83,14.4,1.96,2.5,91.85,78.56,18.32
2023,335,23.01,14.28,0.4,2.14,91.79,77.08,18.19
2023,336,23.1,14.26,2.97,3.23,91.69,76.81,18.1
2023,337,22.99,15.77,3.13,3.72,91.64,83.8,19.75
2023,338,22.51,14.72,4.86,3.91,91.51,80.6,18.64
2023,339,22.96,13.9,1.48,3.04,91.48,74.96,17.73
2023,340,23.94,13.42,0.79,1.16,91.66,69.85,17.15
2023,341,24.4,15.17,2.5,0.79,91.75,75.7,19.1
2023,342,22.91,15.83,0.14,1.88,91.79,83.37,19.84
2023,343,22.14,14.31,0.13,2.57,91.91,79.77,18.24
2023,344,23.37,13.41,0.03,2.35,91.86,71.79,17.21
2023,345,22.86,12.88,0.04,1.85,91.88,70.75,16.57
2023,346,22.07,11.97,0.03,2.15,91.8,70.08,15.43
2023,347,20.93,10.99,0.0,2.35,91.85,69.8,14.06
2023,348,20.79,10.7,0.0,2.45,91.97,68.88,13.67
2023,349,22.24,13.01,0.12,2.43,91.97,74.55,16.69
2023,350,23.62,14.56,0.19,3.24,91.88,76.17,18.52
2023,351,22.44,13.66,0.06,3.45,91.89,76.16,17.51
2023,352,21.89,13.39,0.03,3.35,91.98,76.92,17.21
2023,353,21.65,11.71,0.0,3.48,92.02,70.29,15.08
2023,354,21.8,11.43,0.0,2.94,92.03,69.16,14.68
2023,355,22.6,12.59,0.0,2.23,92.01,71.23,16.23
2023,356,22.57,11.43,0.0,1.8,91.98,66.5,14.57
2023,357,20.65,9.31,0.0,2.23,92.07,63.98,11.1
2023,358,21.33,11.09,0.0,2.62,92.17,69.65,14.2
2023,359,22.57,11.93,0.01,3.03,92.12,69.52,15.34
2023,360,21.15,9.68,0.0,2.83,92.12,64.59,11.79
2023,361,21.1,9.88,0.0,2.9,92.13,65.59,12.3
2023,362,21.81,11.91,0.0,3.22,92.07,71.73,15.36
2023,363,22.39,12.37,0.0,3.18,92.08,71.92,15.94
2023,364,22.3,10.74,0.01,2.88,92.02,64.82,13.52
2023,365,21.19,9.94,0.0,2.71,92.0,64.84,12.37
2024,1,21.79,10.74,0.0,1.81,92.01,66.01,13.71
2024,2,22.42,11.22,0.0,2.25,91.94,65.44,14.39
2024,3,22.27,11.86,0.01,2.13,91.91,67.87,15.29
2024,4,21.31,12.92,0.13,2.18,91.94,76.24,16.66
2024,5,22.83,13.06,0.08,2.18,91.88,71.45,16.8
2024,6,22.68,11.13,0.02,2.79,91.89,63.46,14.25
2024,7,22.07,12.06,0.24,3.5,91.93,69.71,15.56
2024,8,22.07,13.43,2.55,4.1,91.99,76.51,17.25
2024,9,21.82,12.67,0.32,3.76,92.0,73.88,16.33
2024,10,22.03,10.8,0.01,3.53,92.0,64.75,13.76
2024,11,22.2,9.86,0.0,3.17,91.99,61.36,12.16
2024,12,21.92,11.12,0.0,3.67,92.01,67.84,14.25
2024,13,23.11,11.43,0.0,2.78,92.04,65.34,14.65
2024,14,23.01,10.95,0.0,2.46,91.98,62.41,13.9
2024,15,22.66,10.32,0.0,1.99,91.96,62.3,12.92
2024,16,22.47,10.7,0.0,1.67,91.83,63.77,13.59
2024,17,22.64,10.8,0.0,2.16,91.78,62.55,13.79
2024,18,22.87,10.49,0.0,1.93,91.87,60.5,13.31
2024,19,23.26,10.4,0.0,2.08,91.88,59.9,13.12
2024,20,24.38,11.61,0.0,1.88,91.97,61.49,14.82
2024,21,24.3,10.36,0.0,2.07,92.0,55.99,13.08
2024,22,24.69,10.7,0.0,2.12,92.07,56.86,13.53
2024,23,24.02,10.76,0.0,2.1,92.02,58.65,13.65
2024,24,24.67,11.28,0.0,2.2,91.97,58.14,14.43
2024,25,24.33,10.93,0.0,2.81,92.06,58.3,13.88
2024,26,23.48,9.61,0.0,3.13,92.22,55.6,11.59
2024,27,23.4,9.96,0.0,3.51,92.24,57.28,12.31
2024,28,23.36,10.02,0.0,3.43,92.19,57.43,12.44
2024,29,23.32,8.44,0.0,2.91,92.11,50.92,9.27
2024,30,23.19,8.09,0.0,1.5,92.04,49.81,9.23
2024,31,24.46,9.92,0.0,1.57,92.02,53.75,12.3
2024,32,24.97,9.67,0.0,1.22,92.04,50.47,11.94
2024,33,25.87,12.32,0.0,1.7,92.0,58.5,15.8
2024,34,26.01,12.5,0.0,3.1,92.06,59.42,15.99
2024,35,24.62,10.17,0.0,2.91,92.2,54.71,12.65
2024,36,24.4,9.05,0.0,3.18,92.22,52.11,10.74
2024,37,24.68,8.69,0.0,3.03,92.17,50.93,9.9
2024,38,24.82,7.94,0.0,2.68,92.15,47.97,8.25
2024,39,25.54,7.53,0.0,2.61,92.05,43.08,7.55
2024,40,24.94,8.89,0.0,2.83,92.11,50.18,10.27
2024,41,24.8,10.08,0.0,3.65,92.21,54.69,12.37
2024,42,24.37,9.52,0.0,3.53,92.27,53.62,11.42
2024,43,23.72,7.91,0.0,3.46,92.2,49.69,8.4
2024,44,23.64,8.99,0.0,3.24,92.15,54.16,10.66
2024,45,25.01,10.24,0.0,3.64,92.07,54.3,12.73
2024,46,24.36,8.34,0.0,3.68,92.06,48.11,9.37
2024,47,23.95,8.16,0.0,3.97,92.1,48.35,9.16
2024,48,24.41,7.14,0.0,3.12,91.97,43.7,6.67
2024,49,24.82,6.99,0.0,1.77,91.9,40.29,6.66
2024,50,25.16,8.52,0.0,2.15,91.95,46.88,9.8
2024,51,25.94,9.36,0.0,2.22,91.94,47.8,11.18
2024,52,26.83,9.68,0.0,1.99,91.86,43.26,11.95
2024,53,26.81,8.08,0.0,1.56,91.86,37.48,9.27
2024,54,27.94,9.67,0.0,1.43,91.8,41.9,11.89
2024,55,27.94,12.04,0.0,2.88,91.79,50.85,15.35
2024,56,27.01,11.9,0.0,3.86,91.77,53.84,15.12
2024,57,25.77,10.75,0.0,4.3,91.85,53.68,13.57
2024,58,26.26,10.41,0.0,3.85,91.91,51.5,13.02
2024,59,26.17,8.2,0.0,3.1,91.86,43.44,8.67
2024,60,25.22,6.61,0.0,3.36,91.92,37.74,5.57
2024,61,25.11,7.88,0.0,3.58,92.01,44.27,8.46
2024,62,26.16,6.71,0.0,2.71,91.94,34.8,6.21
2024,63,26.53,8.1,0.0,1.69,91.88,37.82,9.45
2024,64,27.48,9.08,0.0,1.89,91.85,42.52,10.97
2024,65,27.79,8.45,0.0,2.39,91.85,39.04,9.71
2024,66,27.96,7.77,0.0,1.71,91.87,34.72,8.73
2024,67,27.51,7.47,0.0,2.01,91.84,32.7,8.25
2024,68,28.38,7.99,0.0,1.97,91.82,33.42,9.27
2024,69,28.7,9.1,0.0,2.52,91.85,36.9,11.17
2024,70,28.17,10.27,0.0,3.37,91.99,42.9,13.02
2024,71,27.71,10.6,0.0,2.87,92.11,46.56,13.48
2024,72,27.92,9.61,0.0,2.39,92.04,42.51,11.85
2024,73,28.33,8.6,0.0,1.86,91.95,36.4,10.26
2024,74,29.15,9.46,0.0,1.38,91.93,35.74,11.82
2024,75,29.74,8.86,0.0,2.87,91.82,32.72,10.84
2024,76,28.32,9.52,0.0,3.24,91.88,39.85,11.85
2024,77,27.58,9.3,0.0,3.44,91.88,41.89,11.3
2024,78,27.58,8.11,0.0,2.29,91.86,35.71,9.48
2024,79,27.92,8.17,0.0,2.65,91.81,35.08,9.57
2024,80,27.99,8.8,0.0,2.46,91.78,39.81,10.45
2024,81,27.62,10.91,0.0,3.24,91.81,48.86,13.67
2024,82,28.26,11.11,0.0,2.59,91.68,47.77,13.75
2024,83,28.7,10.41,0.0,3.01,91.67,45.02,12.78
2024,84,28.52,8.55,0.0,3.03,91.83,37.38,9.94
2024,85,28.14,8.51,0.0,3.34,91.87,37.94,10.04
2024,86,28.38,7.19,0.0,3.56,91.91,32.0,7.45
2024,87,27.77,5.26,0.0,3.4,92.04,24.91,2.94
2024,88,28.3,6.23,0.0,2.91,91.9,28.23,5.43
2024,89,28.96,8.76,0.0,3.4,91.83,35.78,10.66
2024,90,28.97,7.79,0.0,3.32,91.92,32.79,8.69
2024,91,28.01,7.33,0.0,2.46,91.92,34.86,7.21
2024,92,28.77,9.86,0.0,1.82,91.75,43.72,11.34
2024,93,29.86,10.31,0.0,2.76,91.63,42.01,12.12
2024,94,29.63,8.54,0.01,2.95,91.69,34.74,9.95
2024,95,29.91,9.3,0.0,3.48,91.71,37.18,10.95
2024,96,30.47,8.42,0.0,3.14,91.68,34.14,9.13
2024,97,30.22,7.75,0.0,3.25,91.62,29.35,8.78
2024,98,30.1,7.65,0.0,3.42,91.56,29.66,8.15
2024,99,29.83,8.59,0.0,3.09,91.65,33.49,10.03
2024,100,28.98,10.65,0.0,3.95,91.72,45.72,13.1
2024,101,29.14,10.62,0.0,3.4,91.72,44.24,13.29
2024,102,29.5,10.91,0.0,3.4,91.74,45.52,13.4
2024,103,29.38,12.08,0.09,3.85,91.73,48.41,15.39
2024,104,28.89,10.92,0.0,3.42,91.75,45.34,13.79
2024,105,29.35,10.52,0.0,3.23,91.78,42.68,13.13
2024,106,29.46,9.6,0.0,3.47,91.83,40.4,11.55
2024,107,29.86,9.85,0.0,3.21,91.74,41.01,11.75
2024,108,31.1,11.17,0.0,2.69,91.67,39.48,14.22
2024,109,32.38,11.05,0.0,2.5,91.54,35.6,14.09
2024,110,32.25,12.06,0.0,2.31,91.43,38.4,15.39
2024,111,32.29,10.99,0.0,2.61,91.44,35.34,13.85
2024,112,31.51,10.32,0.0,2.99,91.5,36.31,12.9
2024,113,31.04,10.18,0.0,3.08,91.57,38.53,11.96
2024,114,30.74,9.79,0.0,3.6,91.51,36.86,11.55
2024,115,30.14,8.95,0.0,3.18,91.49,34.09,10.72
2024,116,30.56,9.83,0.0,2.98,91.49,35.82,12.14
2024,117,30.35,9.95,0.0,3.14,91.5,37.95,12.22
2024,118,30.17,9.09,0.0,3.19,91.5,36.2,10.82
2024,119,31.01,8.76,0.0,3.16,91.54,33.9,10.2
2024,120,31.13,9.15,0.0,2.8,91.61,34.72,10.6
2024,121,31.18,8.74,0.0,2.7,91.51,33.28,10.14
2024,122,32.19,12.63,0.0,1.56,91.36,40.26,16.1
2024,123,31.55,14.38,0.39,1.14,91.42,46.53,18.2
2024,124,32.08,14.15,2.79,2.61,91.45,46.05,17.88
2024,125,30.68,14.68,4.16,2.28,91.5,53.19,18.22
2024,126,31.51,12.97,0.08,2.17,91.4,45.24,16.36
2024,127,31.11,14.64,7.09,2.34,91.46,50.47,18.46
2024,128,29.33,16.16,5.19,2.01,91.64,61.21,19.97
2024,129,27.81,16.62,13.68,1.49,91.61,67.26,20.55
2024,130,27.9,15.79,3.35,1.66,91.57,65.0,19.67
2024,131,27.24,15.65,0.29,1.47,91.63,66.12,19.56
2024,132,27.78,15.24,4.72,2.06,91.71,62.43,19.18
2024,133,27.58,16.06,6.78,1.43,91.69,66.51,19.97
2024,134,26.59,16.67,13.03,2.2,91.65,72.13,20.58
2024,135,26.72,15.39,1.44,2.0,91.66,67.12,19.26
2024,136,27.93,14.03,0.39,2.67,91.65,59.1,17.77
2024,137,26.27,15.1,5.4,2.08,91.69,67.07,19.01
2024,138,27.07,14.46,2.23,1.1,91.56,62.09,18.27
2024,139,26.35,16.39,9.96,1.47,91.41,72.27,20.31
2024,140,25.47,16.88,6.36,2.18,91.27,77.32,20.74
2024,141,24.26,15.22,8.68,1.7,91.32,74.87,19.09
2024,142,25.3,16.18,10.0,1.76,91.3,75.09,20.09
2024,143,27.22,15.56,3.97,2.22,91.18,66.64,19.34
2024,144,27.76,15.85,0.15,2.15,91.07,66.14,19.62
2024,145,27.48,16.32,0.7,1.86,91.06,68.09,20.11
2024,146,23.97,15.94,1.03,4.25,91.23,78.53,19.82
2024,147,25.76,15.85,0.0,4.98,91.25,72.11,19.76
2024,148,26.18,16.24,0.0,4.57,91.28,71.83,20.14
2024,149,26.91,15.5,0.0,4.67,91.34,67.32,19.37
2024,150,26.38,16.16,0.04,4.57,91.33,70.88,20.08
2024,151,26.81,17.24,4.17,2.95,91.34,73.37,21.1
2024,152,27.73,17.06,0.07,3.27,91.37,69.5,20.93
2024,153,26.79,18.28,3.46,3.0,91.45,76.94,22.08
2024,154,25.43,16.62,40.31,1.84,91.54,76.2,20.52
2024,155,25.77,16.88,5.84,1.51,91.55,75.81,20.8
2024,156,25.52,17.65,6.31,1.58,91.59,80.04,21.55
2024,157,25.08,17.62,14.12,1.93,91.63,81.88,21.53
2024,158,24.8,16.7,5.84,2.46,91.68,79.55,20.67
2024,159,24.39,16.4,18.93,2.66,91.58,79.88,20.36
2024,160,24.68,15.77,1.67,4.17,91.52,76.33,19.73
2024,161,24.1,15.49,0.31,5.13,91.47,77.24,19.43
2024,162,23.85,15.17,5.98,5.39,91.54,77.15,19.11
2024,163,23.05,14.13,2.59,5.03,91.61,75.23,17.98
2024,164,23.19,14.51,0.54,4.93,91.71,76.47,18.43
2024,165,23.52,13.25,2.94,4.85,91.7,70.07,16.98
2024,166,23.26,12.7,1.49,3.87,91.61,67.88,16.25
2024,167,24.43,15.26,0.0,3.36,91.51,75.55,19.19
2024,168,24.99,14.59,3.29,3.89,91.51,70.76,18.45
2024,169,24.99,14.51,8.99,2.86,91.53,70.14,18.33
2024,170,24.54,15.22,7.31,3.41,91.53,74.7,19.13
2024,171,23.9,14.92,9.54,3.96,91.43,75.73,18.8
2024,172,24.04,15.21,2.11,4.39,91.43,76.7,19.1
2024,173,23.39,15.13,3.07,4.44,91.44,78.43,19.03
2024,174,23.53,15.04,0.19,3.85,91.29,77.45,18.92
2024,175,23.14,15.41,1.19,4.34,91.23,80.35,19.31
2024,176,23.15,15.11,0.04,4.89,91.19,79.01,19.01
2024,177,22.96,14.28,0.12,5.87,91.21,76.03,18.08
2024,178,22.6,13.22,0.2,6.43,91.27,72.34,16.85
2024,179,21.71,13.23,0.03,6.08,91.44,75.45,16.93
2024,180,23.17,13.06,0.02,4.66,91.49,70.67,16.69
2024,181,24.5,15.2,1.3,4.39,91.51,75.07,19.13
2024,182,24.12,14.78,0.29,3.94,91.62,74.09,18.71
2024,183,22.67,14.83,1.5,4.73,91.65,79.96,18.77
2024,184,24.44,13.6,0.01,4.6,91.53,68.84,17.35
2024,185,24.21,15.58,1.33,4.26,91.5,77.65,19.51
2024,186,25.0,15.14,1.25,4.3,91.56,72.65,19.07
2024,187,23.21,14.65,3.89,4.19,91.51,76.78,18.55
2024,188,23.3,15.69,0.52,5.04,91.4,81.21,19.62
2024,189,24.09,14.8,1.7,4.66,91.39,74.45,18.68
2024,190,23.61,14.91,6.31,4.35,91.31,76.58,18.8
2024,191,23.33,15.39,0.24,4.1,91.41,79.82,19.32
2024,192,23.77,15.41,1.32,3.34,91.63,78.23,19.38
2024,193,24.59,14.82,0.0,4.01,91.57,72.48,18.72
2024,194,23.68,14.43,8.3,4.18,91.48,74.28,18.28
2024,195,23.06,14.47,1.01,5.32,91.45,77.05,18.34
2024,196,23.54,15.03,1.15,5.82,91.31,77.38,18.91
2024,197,23.41,16.38,3.28,5.64,91.16,83.47,20.27
2024,198,23.28,16.34,0.94,5.98,91.23,83.89,20.25
2024,199,23.16,15.7,1.35,5.89,91.39,81.76,19.64
2024,200,22.87,15.62,3.79,6.7,91.4,82.43,19.56
2024,201,23.41,15.86,2.78,6.82,91.3,81.24,19.78
2024,202,23.5,15.64,1.57,6.01,91.33,79.93,19.57
2024,203,23.95,15.45,1.9,6.25,91.37,77.52,19.38
2024,204,23.87,14.75,0.65,6.35,91.56,74.93,18.69
2024,205,23.7,14.44,0.69,6.46,91.64,74.24,18.36
2024,206,23.28,14.83,0.85,6.44,91.48,77.29,18.74
2024,207,23.47,14.91,1.31,7.11,91.36,76.68,18.82
2024,208,23.74,15.08,1.25,6.68,91.39,76.51,18.99
2024,209,23.92,14.74,0.04,6.22,91.46,74.42,18.65
2024,210,24.11,15.05,0.0,6.05,91.29,75.17,18.95
2024,211,24.83,15.93,0.64,5.66,91.21,76.06,19.83
2024,212,23.67,16.04,1.85,4.5,91.48,80.98,19.99
2024,213,24.15,16.36,10.13,4.19,91.57,80.81,20.32
2024,214,24.59,16.13,2.38,4.75,91.54,78.23,20.09
2024,215,23.9,15.15,1.37,4.92,91.57,76.65,19.09
2024,216,23.11,15.01,0.28,4.18,91.67,78.88,18.97
2024,217,22.97,15.16,1.59,3.76,91.68,80.31,19.13
2024,218,24.2,15.33,10.98,2.65,91.64,76.69,19.27
2024,219,23.47,16.47,15.89,2.84,91.53,84.08,20.43
2024,220,23.06,16.15,3.1,2.88,91.54,84.39,20.11
2024,221,23.87,15.53,2.29,2.9,91.6,78.59,19.49
2024,222,24.52,16.2,4.41,2.3,91.63,78.73,20.16
2024,223,24.24,16.49,7.89,2.34,91.63,80.97,20.46
2024,224,24.13,16.71,7.35,2.68,91.49,82.21,20.66
2024,225,23.47,17.65,73.08,2.2,91.44,89.22,21.53
2024,226,25.07,17.39,5.34,1.59,91.42,81.26,21.28
2024,227,25.2,17.46,0.17,1.22,91.39,80.58,21.34
2024,228,25.11,16.85,3.68,1.58,91.3,78.63,20.76
2024,229,25.21,17.54,3.51,1.67,91.23,80.85,21.38
2024,230,24.68,18.38,4.03,2.37,91.28,86.66,22.15
2024,231,24.71,16.5,2.7,1.6,91.42,79.4,20.42
2024,232,24.44,16.71,3.09,1.62,91.37,81.31,20.61
2024,233,24.65,16.97,11.78,1.69,91.36,81.28,20.88
2024,234,24.22,17.18,0.88,2.84,91.41,83.68,21.09
2024,235,23.63,16.67,0.01,3.08,91.56,84.28,20.63
2024,236,23.9,16.24,0.0,3.13,91.66,81.4,20.23
2024,237,23.08,15.36,0.19,4.19,91.74,81.14,19.36
2024,238,23.04,15.89,0.19,4.05,91.69,83.49,19.89
2024,239,23.74,15.51,0.02,4.55,91.6,78.99,19.48
2024,240,22.98,15.99,1.36,3.49,91.7,84.27,19.99
2024,241,22.7,15.36,0.13,3.65,91.73,82.71,19.34
2024,242,23.53,16.1,10.45,3.83,91.56,82.54,20.07
2024,243,22.87,16.42,7.47,4.0,91.55,86.58,20.39
2024,244,22.57,15.4,4.21,4.55,91.54,83.17,19.34
2024,245,22.91,14.8,0.83,4.94,91.45,78.88,18.69
2024,246,22.85,14.65,3.62,4.39,91.47,78.69,18.55
2024,247,23.73,15.77,1.5,3.54,91.57,80.39,19.74
2024,248,23.5,16.35,1.76,3.47,91.63,83.56,20.32
2024,249,23.42,16.45,1.89,3.26,91.5,84.37,20.41
2024,250,23.44,16.33,3.1,3.7,91.55,83.69,20.3
2024,251,23.32,16.16,0.58,3.47,91.64,83.74,20.15
2024,252,23.43,15.9,0.15,3.74,91.67,81.96,19.89
2024,253,24.06,15.88,0.19,4.24,91.47,79.45,19.82
2024,254,23.99,16.1,0.56,4.34,91.44,80.44,20.06
2024,255,23.94,15.42,0.04,3.91,91.57,78.03,19.37
2024,256,23.36,15.3,0.0,3.5,91.68,79.58,19.27
2024,257,24.15,14.85,0.0,3.2,91.64,75.02,18.78
2024,258,24.32,14.62,0.0,3.24,91.6,73.26,18.52
2024,259,24.25,14.62,0.0,3.72,91.61,73.69,18.52
2024,260,23.91,14.71,0.0,3.68,91.62,75.21,18.62
2024,261,24.21,14.59,0.0,3.54,91.56,73.5,18.5
2024,262,23.71,13.75,0.0,2.9,91.46,71.61,17.52
2024,263,24.46,14.06,0.05,2.39,91.48,70.36,17.86
2024,264,24.51,14.99,0.66,1.87,91.47,73.93,18.87
2024,265,24.91,15.42,0.4,2.91,91.51,73.99,19.35
2024,266,24.12,15.41,7.02,3.0,91.46,77.18,19.34
2024,267,23.66,15.9,0.89,2.81,91.4,80.93,19.83
2024,268,23.96,16.49,7.5,3.33,91.31,82.0,20.41
2024,269,24.05,16.25,0.14,3.62,91.34,80.65,20.18
2024,270,23.34,15.06,0.0,2.97,91.41,78.1,18.98
2024,271,24.03,15.02,0.88,2.42,91.59,75.84,18.94
2024,272,24.43,15.76,6.65,1.39,91.68,77.61,19.73
2024,273,24.86,16.25,11.05,1.61,91.72,77.25,20.24
2024,274,24.85,15.38,0.06,1.63,91.72,74.34,19.34
2024,275,25.23,15.0,0.04,1.55,91.61,71.0,18.94
2024,276,25.74,16.35,16.43,1.19,91.65,74.57,20.28
2024,277,24.24,17.85,12.29,1.76,91.65,86.78,21.75
2024,278,23.56,17.44,15.23,1.42,91.66,88.22,21.37
2024,279,23.64,16.98,13.54,1.68,91.64,85.88,20.93
2024,280,21.57,15.58,7.69,1.98,91.67,88.67,19.56
2024,281,22.77,14.83,0.6,2.17,91.75,80.49,18.77
2024,282,23.56,16.29,5.68,2.36,91.79,83.42,20.3
2024,283,23.68,16.73,2.06,2.32,91.62,84.71,20.7
2024,284,23.55,16.58,1.75,2.13,91.51,84.57,20.53
2024,285,23.34,16.86,1.51,2.1,91.52,86.63,20.81
2024,286,22.71,16.53,7.32,2.02,91.63,88.12,20.5
2024,287,22.95,16.66,5.01,2.1,91.66,87.62,20.64
2024,288,22.56,16.08,9.57,1.87,91.67,86.91,20.07
2024,289,22.27,16.67,20.31,1.8,91.59,90.86,20.63
2024,290,22.09,16.78,22.76,1.87,91.51,92.1,20.73
2024,291,23.47,17.71,2.03,2.12,91.43,89.62,21.58
2024,292,22.53,15.54,7.63,2.08,91.6,83.82,19.5
2024,293,22.6,16.83,12.21,1.62,91.74,89.99,20.8
2024,294,23.21,16.51,10.78,0.99,91.81,85.94,20.51
2024,295,23.65,16.99,19.09,1.41,91.83,86.16,20.98
2024,296,23.84,16.75,7.19,0.76,91.82,83.77,20.75
2024,297,23.74,16.54,17.01,0.95,91.77,83.77,20.53
2024,298,22.95,16.4,3.68,0.59,91.73,86.25,20.38
2024,299,23.01,15.33,0.75,1.24,91.75,81.46,19.32
2024,300,22.06,14.12,0.0,1.73,91.72,79.41,18.01
2024,301,21.66,15.02,0.03,1.8,91.64,85.42,18.96
2024,302,22.47,14.72,0.03,1.14,91.59,80.11,18.63
2024,303,23.55,15.53,0.0,1.05,91.65,79.61,19.51
2024,304,23.84,16.38,1.7,0.66,91.67,81.77,20.33
2024,305,23.12,16.99,3.49,1.22,91.75,88.36,20.97
2024,306,23.33,16.69,0.28,1.41,91.85,86.25,20.7
2024,307,23.07,15.81,1.44,1.93,91.9,83.78,19.84
2024,308,22.74,15.64,0.51,2.08,91.89,84.06,19.66
2024,309,22.55,15.48,0.14,2.3,91.81,84.22,19.5
2024,310,21.81,14.19,1.32,1.85,91.87,81.66,18.11
2024,311,22.01,14.39,0.0,1.93,91.89,81.61,18.33
2024,312,22.89,16.07,0.02,2.19,91.85,85.4,20.1
2024,313,22.66,15.37,0.0,2.55,91.86,83.48,19.38
2024,314,21.87,14.7,0.0,2.54,91.87,83.65,18.68
2024,315,21.25,13.78,0.0,1.97,91.87,81.78,17.65
2024,316,20.97,13.33,0.0,1.98,91.79,80.24,17.12
2024,317,21.46,14.69,2.75,2.06,91.71,84.57,18.55
2024,318,22.54,16.07,0.82,2.75,91.64,86.86,20.06
2024,319,22.68,16.07,4.69,2.36,91.78,86.35,20.07
2024,320,22.42,16.22,3.41,2.2,91.83,88.31,20.24
2024,321,22.39,16.01,4.57,2.5,91.77,87.44,20.02
2024,322,22.3,15.22,0.21,2.5,91.78,84.27,19.22
2024,323,22.42,15.2,0.02,2.65,91.82,83.73,19.19
2024,324,22.1,14.55,0.01,2.54,91.88,81.83,18.52
2024,325,21.33,13.61,0.0,2.11,91.85,80.95,17.46
2024,326,21.3,12.58,0.0,1.56,91.82,75.73,16.21
2024,327,20.88,13.11,0.0,1.62,91.78,80.05,16.86
2024,328,20.95,12.39,0.0,1.45,91.88,76.81,15.97
2024,329,21.82,13.71,0.0,1.82,91.88,78.74,17.57
2024,330,20.5,12.85,0.0,2.24,91.83,80.35,16.52
2024,331,20.5,14.27,1.87,2.66,91.72,87.3,18.17
2024,332,21.49,13.96,0.18,3.19,91.66,81.47,17.83
2024,333,21.08,12.05,0.0,3.35,91.62,73.07,15.51
2024,334,20.94,14.34,0.08,3.36,91.56,85.17,18.19
2024,335,22.04,15.85,19.21,3.98,91.4,87.94,19.8
2024,336,21.37,16.34,18.18,4.32,91.23,93.28,20.24
2024,337,21.68,17.1,42.03,3.96,91.15,95.42,20.94
2024,338,22.75,17.23,8.16,3.38,91.51,91.01,21.16
2024,339,22.53,16.03,2.68,2.64,91.76,86.65,20.01
2024,340,22.52,15.85,0.48,1.99,91.82,86.26,19.87
2024,341,22.22,14.81,0.49,1.4,91.81,82.87,18.78
2024,342,22.4,15.65,0.03,1.64,91.79,85.31,19.66
2024,343,22.03,14.68,0.0,1.86,91.78,82.86,18.64
2024,344,22.14,15.29,0.0,1.5,91.76,84.98,19.29
2024,345,22.28,15.17,0.0,1.8,91.77,83.87,19.17
2024,346,22.12,15.01,0.08,2.66,91.78,84.0,18.99
2024,347,21.01,15.52,13.63,2.66,91.75,91.45,19.52
2024,348,20.92,14.82,0.61,2.95,91.81,88.31,18.8
2024,349,20.81,13.53,0.09,2.84,91.92,82.59,17.38
2024,350,18.63,11.66,0.0,2.49,92.0,81.78,15.08
2024,351,17.56,10.1,0.0,1.97,91.91,77.23,12.8
2024,352,19.9,12.43,0.47,1.3,91.78,79.26,15.82
2024,353,21.07,14.41,0.39,2.04,91.69,85.17,18.22
2024,354,22.74,15.78,0.18,1.79,91.65,84.57,19.76
2024,355,22.74,15.69,0.08,1.56,91.64,84.16,19.67
2024,356,23.63,15.02,0.41,1.02,91.68,77.28,18.99
2024,357,22.65,14.16,0.4,1.18,91.76,77.5,18.06
2024,358,21.99,13.94,0.0,1.44,91.76,79.4,17.81
2024,359,21.75,12.82,0.0,0.96,91.76,75.83,16.49
2024,360,21.8,14.02,0.44,1.84,91.86,80.79,17.91
2024,361,22.36,15.12,7.19,2.96,92.0,83.8,19.14
2024,362,21.66,14.62,5.04,3.49,92.13,84.3,18.63
2024,363,20.88,12.82,0.25,2.85,92.11,79.38,16.56
2024,364,20.86,12.69,0.0,2.58,92.11,78.6,16.41
2024,365,21.2,12.4,0.0,3.38,92.08,75.5,16.0
2024,366,20.78,12.08,0.0,3.15,92.09,75.91,15.62
2025,1,19.97,11.52,0.0,2.84,92.01,76.49,14.85
2025,2,19.98,11.49,0.0,2.54,91.97,76.3,14.76
2025,3,19.71,11.4,0.0,2.51,91.97,76.25,14.67
2025,4,18.66,10.07,0.0,1.85,91.9,73.47,12.72
2025,5,18.93,9.78,0.0,2.01,91.9,71.28,12.29
2025,6,19.14,9.8,0.0,1.63,91.9,70.74,12.31
2025,7,19.56,10.58,0.0,1.52,91.88,72.92,13.53
2025,8,19.12,9.75,0.0,2.14,91.86,70.38,12.18
2025,9,19.51,10.47,0.0,3.01,91.93,72.39,13.26
2025,10,20.64,12.15,0.0,2.64,92.04,76.33,15.68
2025,11,21.98,12.67,0.0,2.74,92.04,74.31,16.37
2025,12,22.07,12.01,0.0,2.36,91.98,70.91,15.37
2025,13,22.46,14.29,1.37,2.65,91.87,79.46,18.21
2025,14,22.33,12.85,0.25,3.48,91.97,73.69,16.52
2025,15,21.27,11.06,0.01,3.81,92.04,69.13,14.1
2025,16,20.89,11.62,0.0,3.28,92.03,72.33,14.98
2025,17,20.98,11.86,0.0,3.12,91.9,73.87,15.29
2025,18,21.12,11.44,1.19,3.29,91.86,71.97,14.58
2025,19,21.37,13.81,3.79,3.1,91.89,81.52,17.68
2025,20,21.62,10.43,0.05,2.52,91.83,65.9,12.98
2025,21,20.79,9.34,0.0,2.42,91.76,63.68,11.29
2025,22,21.39,10.66,0.0,2.5,91.74,67.14,13.56
2025,23,21.83,11.01,0.0,2.7,91.78,67.83,14.06
2025,24,20.68,9.32,0.0,2.57,91.75,64.64,11.14
2025,25,20.52,8.69,0.0,2.61,91.82,61.31,10.08
2025,26,19.55,7.38,0.0,2.89,91.81,56.57,7.59
2025,27,20.38,8.66,0.0,2.32,91.76,62.12,9.97
2025,28,20.77,9.1,0.0,1.95,91.77,63.05,10.82
2025,29,20.87,8.78,0.0,2.5,91.89,62.0,10.16
2025,30,21.03,8.07,0.0,1.17,91.81,57.53,8.53
2025,31,23.45,12.59,0.0,1.94,91.75,68.96,16.06
2025,32,23.62,12.22,0.0,1.95,91.82,66.52,15.54
2025,33,22.72,9.42,0.0,2.15,91.84,58.33,11.08
2025,34,21.36,7.44,0.0,2.21,91.88,53.72,7.06
2025,35,21.88,7.08,0.0,2.4,91.89,48.09,7.01
2025,36,21.86,8.36,0.0,2.8,91.81,53.62,9.81
2025,37,21.48,8.59,0.0,2.9,91.8,57.69,10.07
2025,38,21.89,8.49,0.0,2.93,91.93,56.29,9.73
2025,39,22.34,9.29,0.0,2.71,91.92,57.45,11.42
2025,40,22.31,9.97,0.0,2.8,91.89,61.32,12.43
2025,41,22.09,9.72,0.0,2.4,91.95,61.09,11.93
2025,42,22.2,8.12,0.0,2.13,91.99,54.78,8.42
2025,43,22.66,7.47,0.0,2.29,91.96,50.88,7.21
2025,44,23.1,6.92,0.0,2.39,91.96,44.57,6.65
2025,45,23.47,7.09,0.0,1.69,91.9,42.46,7.29
2025,46,23.77,8.23,0.0,2.22,91.83,48.14,9.52
2025,47,23.36,8.58,0.0,2.53,91.88,53.45,9.57
2025,48,23.82,8.9,0.0,2.67,91.98,53.8,10.16
2025,49,24.01,8.63,0.0,2.59,91.97,51.76,9.73
2025,50,24.76,8.23,0.0,2.33,91.81,47.44,9.25
2025,51,25.16,9.32,0.0,2.63,91.87,51.09,11.21
2025,52,25.08,9.37,0.0,2.68,91.98,51.56,11.21
2025,53,25.03,9.25,0.0,2.94,92.06,50.28,11.07
2025,54,24.83,7.84,0.0,3.38,92.05,43.85,8.54
2025,55,24.37,7.15,0.0,3.66,92.05,40.92,7.15
2025,56,24.03,8.77,0.0,3.53,92.14,51.09,10.19
2025,57,24.69,8.91,0.0,4.1,92.11,48.77,10.64
2025,58,24.19,8.03,0.0,3.66,91.98,46.6,9.0
2025,59,24.5,7.21,0.0,3.36,91.91,44.55,6.34
2025,60,25.89,10.56,0.0,3.18,91.81,49.72,13.35
2025,61,26.14,9.0,0.0,2.74,91.75,46.45,10.18
2025,62,26.3,9.52,0.0,2.77,91.79,46.69,10.87
2025,63,26.63,7.76,0.0,3.4,91.79,37.31,8.7
2025,64,26.67,7.27,0.0,2.26,91.78,34.66,7.74
2025,65,26.76,6.99,0.0,2.09,91.84,32.23,7.11
2025,66,25.68,4.38,0.0,1.73,91.72,26.09,-1.01
2025,67,25.61,6.71,0.0,2.23,91.62,37.28,5.89
2025,68,25.88,7.43,0.0,3.52,91.69,40.68,7.47
2025,69,24.95,8.13,0.0,3.69,91.91,46.68,8.85
2025,70,24.59,11.33,1.02,4.24,91.95,60.21,14.16
2025,71,26.77,13.33,0.23,3.4,91.84,60.48,17.0
2025,72,27.51,9.67,0.0,2.61,91.73,47.09,11.13
2025,73,27.52,7.86,0.0,2.96,91.76,39.41,7.85
2025,74,26.32,7.63,0.0,3.16,91.83,40.95,7.51
2025,75,26.8,8.69,0.0,2.5,91.82,45.31,9.59
2025,76,28.57,11.77,0.04,1.44,91.78,49.04,14.9
2025,77,28.93,11.24,0.0,2.78,91.75,45.46,14.22
2025,78,27.88,11.27,0.01,3.3,91.92,49.1,14.09
2025,79,27.87,10.5,0.02,3.51,92.02,48.26,12.59
2025,80,28.3,11.93,0.0,2.72,92.03,51.07,15.18
2025,81,27.38,13.48,2.3,2.59,91.97,56.8,17.27
2025,82,26.99,13.56,2.03,2.18,91.97,58.87,17.32
2025,83,28.38,11.53,0.01,2.78,91.88,49.56,14.45
2025,84,27.71,9.02,0.06,2.53,91.68,41.98,10.63
2025,85,28.25,8.1,0.0,2.19,91.59,34.72,9.36
2025,86,28.85,9.13,0.01,2.22,91.56,36.52,11.13
2025,87,28.94,8.62,0.01,2.84,91.52,34.88,10.02
2025,88,28.57,6.51,0.0,2.89,91.53,28.45,5.75
2025,89,28.23,6.46,0.0,3.28,91.62,28.04,6.01
2025,90,28.11,8.05,0.0,3.28,91.63,34.4,9.34
2025,91,27.21,9.0,0.0,2.62,91.52,42.57,10.51
2025,92,27.31,11.07,0.01,2.61,91.65,48.59,14.12
2025,93,26.2,13.5,9.55,2.11,91.86,60.22,17.27
2025,94,27.46,11.21,0.02,2.0,91.83,49.84,14.12
2025,95,25.98,12.96,4.65,1.68,91.76,59.61,16.62
2025,96,27.19,11.64,0.17,2.52,91.68,51.1,14.92
2025,97,28.38,11.16,0.0,3.05,91.7,49.1,13.82
2025,98,27.99,10.08,0.0,2.95,91.81,44.51,12.29
2025,99,27.84,10.18,0.0,2.2,91.7,44.01,12.74
2025,100,27.6,10.89,0.14,1.75,91.54,45.32,13.78
2025,101,28.7,12.15,1.78,2.39,91.49,49.54,15.38
2025,102,27.7,13.36,6.23,2.31,91.6,56.28,16.89
2025,103,27.14,13.36,2.66,1.73,91.68,58.1,17.0
2025,104,27.05,13.05,2.65,1.94,91.66,58.06,16.6
2025,105,27.57,12.21,0.26,1.91,91.63,53.58,15.54
2025,106,27.75,14.41,7.75,1.64,91.67,59.23,18.16
2025,107,28.92,13.92,0.28,1.04,91.58,54.17,17.59
2025,108,27.9,14.61,0.05,1.82,91.56,59.43,18.49
2025,109,28.69,14.12,0.02,1.87,91.53,56.3,17.85
2025,110,29.53,12.77,0.39,1.83,91.55,48.62,16.27
2025,111,28.55,12.34,0.03,2.38,91.71,50.01,15.55
2025,112,29.05,9.64,0.0,2.65,91.78,39.64,11.9
2025,113,29.52,8.77,0.03,2.41,91.63,35.75,10.26
2025,114,29.98,10.54,0.01,2.72,91.51,41.67,13.0
2025,115,29.96,10.95,0.0,2.83,91.55,41.72,13.73
2025,116,29.36,11.73,0.03,2.9,91.54,45.37,14.97
2025,117,29.29,12.15,0.09,2.37,91.61,47.97,15.37
2025,118,29.33,12.58,0.23,2.95,91.51,47.63,15.96
2025,119,30.11,11.33,0.0,2.84,91.51,43.32,14.13
2025,120,29.67,12.31,0.05,2.08,91.56,45.56,15.74
2025,121,28.54,15.2,8.03,1.37,91.63,59.22,19.02
2025,122,28.41,14.72,3.93,1.23,91.66,58.34,18.55
2025,123,27.51,14.46,1.35,1.27,91.63,60.94,18.2
2025,124,27.24,13.04,0.06,2.0,91.56,56.13,16.5
2025,125,28.24,11.94,0.34,1.12,91.53,48.87,15.16
2025,126,28.78,13.07,0.58,1.58,91.56,52.95,16.37
2025,127,28.03,13.09,1.89,2.44,91.5,53.63,16.62
2025,128,27.12,14.22,4.78,1.29,91.55,60.73,17.85
2025,129,27.63,13.68,0.61,1.57,91.59,58.63,17.33
2025,130,27.43,14.02,0.7,0.85,91.6,59.25,17.75
2025,131,28.39,13.56,0.05,1.12,91.53,54.1,17.3
2025,132,27.51,15.09,4.31,1.62,91.44,61.91,18.95
2025,133,27.0,15.95,16.8,1.48,91.41,68.53,19.83
2025,134,26.97,15.51,0.52,1.75,91.48,67.0,19.4
2025,135,24.96,16.92,10.92,1.25,91.53,78.97,20.85
2025,136,25.54,16.27,19.45,1.15,91.51,74.71,20.17
2025,137,26.22,15.94,9.53,1.64,91.48,71.53,19.81
2025,138,24.56,17.43,51.48,1.79,91.34,82.92,21.29
2025,139,24.7,17.6,11.98,1.42,91.21,83.26,21.43
2025,140,24.65,17.7,32.14,1.74,91.19,83.72,21.54
2025,141,23.76,16.62,0.7,4.96,91.25,82.76,20.51
2025,142,23.89,15.75,0.0,4.29,91.38,78.77,19.69
2025,143,25.03,16.64,0.55,4.37,91.25,78.24,20.53
2025,144,24.4,16.54,0.41,5.62,91.19,79.74,20.43
2025,145,24.02,16.59,4.13,5.71,91.28,82.01,20.5
2025,146,23.1,16.0,4.45,5.83,91.25,83.21,19.91
2025,147,24.46,15.29,0.49,6.29,91.17,74.95,19.16
2025,148,23.92,15.49,1.37,5.55,91.17,77.54,19.38
2025,149,23.52,15.36,0.28,5.39,91.15,78.47,19.25
2025,150,23.24,15.76,6.65,4.78,91.24,81.52,19.66
2025,151,24.13,14.71,0.01,4.24,91.51,74.21,18.61
2025,152,24.13,14.41,0.0,3.82,91.65,72.8,18.31
2025,153,24.41,14.78,0.16,3.74,91.61,73.57,18.68
2025,154,24.5,14.54,0.38,4.01,91.63,72.23,18.38
2025,155,24.77,14.35,0.75,3.47,91.64,70.77,18.21
2025,156,24.38,12.98,0.09,2.78,91.65,66.08,16.62
2025,157,25.36,13.89,0.06,2.17,91.67,66.79,17.67
2025,158,26.01,15.59,0.02,2.61,91.64,70.59,19.55
2025,159,24.99,16.06,3.82,3.03,91.6,75.63,20.03
2025,160,25.27,15.78,4.25,3.88,91.48,73.94,19.71
2025,161,24.61,16.79,14.23,3.84,91.26,80.38,20.69
2025,162,24.55,17.17,5.77,4.05,91.16,82.0,21.03
2025,163,23.63,16.51,2.86,3.95,91.07,83.08,20.38
2025,164,23.68,17.57,4.47,4.03,91.07,87.38,21.38
2025,165,23.71,16.61,3.83,4.95,91.22,83.1,20.5
2025,166,22.7,14.85,0.14,6.63,91.25,79.34,18.72
2025,167,22.49,14.16,0.01,6.48,91.35,76.88,17.99
2025,168,24.05,14.83,0.17,4.88,91.51,75.12,18.71
2025,169,24.81,15.54,0.57,4.37,91.53,75.18,19.46
2025,170,24.5,16.01,0.24,4.14,91.53,77.93,19.97
2025,171,25.0,15.51,0.09,4.09,91.59,74.33,19.47
2025,172,24.91,15.63,0.07,4.23,91.59,74.9,19.59
2025,173,24.43,15.62,1.51,4.65,91.54,76.83,19.57
2025,174,24.05,14.32,0.13,5.71,91.49,72.74,18.13
2025,175,22.63,13.21,0.0,5.49,91.42,72.32,16.78
2025,176,23.54,14.46,0.08,4.99,91.4,74.53,18.33
2025,177,23.65,14.4,0.04,4.78,91.43,74.0,18.25
2025,178,24.26,14.83,0.07,4.72,91.5,74.23,18.72
2025,179,24.82,15.35,0.06,4.16,91.51,73.83,19.29
2025,180,24.93,14.99,0.01,4.68,91.49,72.17,18.88
2025,181,24.14,14.94,0.0,4.43,91.48,74.51,18.85
2025,182,24.3,15.32,0.03,3.95,91.5,75.55,19.25
2025,183,24.08,14.84,0.71,5.03,91.48,74.77,18.72
2025,184,23.97,14.11,1.61,5.13,91.55,71.96,17.94
2025,185,24.18,14.17,0.01,5.04,91.62,71.49,18.02
2025,186,24.46,14.64,0.03,5.55,91.58,72.58,18.55
2025,187,24.58,15.11,0.09,5.68,91.49,73.48,19.04
2025,188,24.35,15.12,0.05,5.43,91.47,74.48,19.04
2025,189,25.17,14.86,0.01,5.09,91.53,70.87,18.78
2025,190,25.19,14.88,0.0,4.64,91.53,70.61,18.79
2025,191,24.93,15.35,1.54,3.95,91.46,73.26,19.27
2025,192,25.24,15.67,1.36,3.71,91.42,73.75,19.57
2025,193,24.94,15.47,0.26,4.04,91.49,73.59,19.39
2025,194,24.5,15.52,7.74,4.22,91.49,75.95,19.45
2025,195,23.98,15.42,2.12,4.69,91.49,77.29,19.36
2025,196,24.46,15.29,0.0,4.52,91.42,74.78,19.21
2025,197,24.58,16.02,6.85,3.28,91.3,77.5,19.92
2025,198,23.73,16.3,11.44,2.83,91.29,82.02,20.2
2025,199,23.95,15.62,1.29,2.76,91.33,78.1,19.52
2025,200,22.74,15.01,5.13,3.58,91.19,79.9,18.88
2025,201,23.48,15.22,9.91,4.09,91.16,78.51,19.06
2025,202,21.84,14.12,6.61,4.12,91.34,79.71,17.95
2025,203,22.44,13.03,1.19,4.95,91.42,72.5,16.66
2025,204,23.2,14.78,0.43,4.99,91.31,77.72,18.66
2025,205,23.13,14.76,0.58,5.24,91.26,77.42,18.63
2025,206,23.38,14.3,0.4,6.37,91.26,74.17,18.14
2025,207,23.3,14.61,0.39,6.36,91.39,76.27,18.5
2025,208,23.44,14.0,0.03,5.75,91.49,72.84,17.85
2025,209,23.55,13.85,0.03,5.46,91.5,72.62,17.67
2025,210,23.8,14.14,0.14,5.6,91.52,72.82,18.01
2025,211,24.57,14.51,0.1,5.13,91.49,71.63,18.41
2025,212,25.21,15.12,0.42,4.15,91.48,71.74,19.05
2025,213,25.09,15.15,0.02,3.52,91.46,71.88,19.08
2025,214,25.17,15.35,0.57,3.6,91.43,72.28,19.27
2025,215,24.08,16.4,16.74,2.3,91.5,80.74,20.34
2025,216,23.64,16.2,10.77,1.21,91.52,81.94,20.15
2025,217,24.75,16.5,11.17,1.35,91.44,79.16,20.41
2025,218,23.56,17.05,8.1,2.65,91.34,86.18,20.96
2025,219,23.62,16.85,1.72,2.24,91.32,85.08,20.76
2025,220,23.23,16.77,18.45,1.87,91.46,86.33,20.7
2025,221,23.62,16.3,3.05,1.72,91.61,82.92,20.27
2025,222,22.96,15.94,22.02,2.22,91.6,84.01,19.91
2025,223,21.9,14.94,1.4,3.41,91.65,83.74,18.88
2025,224,22.13,14.19,2.79,3.54,91.54,79.32,18.04
2025,225,21.7,14.15,6.01,3.76,91.39,80.8,17.95
2025,226,22.56,14.99,1.47,4.02,91.42,81.3,18.91
2025,227,22.73,14.99,2.96,4.32,91.34,80.74,18.9
2025,228,22.63,15.53,3.4,4.11,91.19,83.4,19.43
2025,229,22.82,15.74,5.94,4.34,91.21,83.62,19.65
2025,230,22.25,15.04,1.28,5.24,91.41,82.72,18.96
2025,231,22.72,14.57,0.49,5.91,91.49,78.43,18.48
2025,232,22.66,14.66,0.21,3.88,91.55,79.52,18.57
2025,233,23.46,15.61,1.54,2.33,91.69,80.28,19.57
2025,234,23.43,15.8,2.39,1.39,91.65,81.59,19.78
2025,235,23.63,15.94,8.87,2.43,91.64,81.29,19.92
2025,236,24.1,14.97,0.02,3.25,91.67,75.47,18.93
2025,237,23.23,14.52,0.0,3.06,91.63,76.71,18.43
2025,238,23.93,14.77,0.03,3.22,91.57,75.29,18.67
2025,239,23.23,15.55,5.92,3.77,91.48,81.2,19.49
2025,240,23.22,14.91,1.87,4.17,91.43,78.01,18.83
2025,241,22.47,14.48,5.36,4.11,91.49,79.38,18.37
2025,242,23.35,15.62,0.25,3.47,91.6,81.06,19.6
2025,243,23.79,15.99,3.87,3.45,91.54,80.88,19.96
2025,244,23.26,15.77,8.53,4.04,91.43,81.97,19.72
2025,245,23.14,15.75,5.19,3.95,91.38,82.47,19.69
2025,246,23.47,16.02,7.67,3.78,91.36,82.21,19.95
2025,247,23.73,15.73,0.51,3.02,91.44,79.97,19.68
2025,248,23.46,15.71,0.02,2.39,91.55,80.95,19.68
2025,249,24.08,15.73,7.69,2.42,91.62,78.84,19.68
2025,250,23.88,15.75,1.85,2.7,91.59,79.37,19.72
2025,251,23.79,14.91,0.09,2.33,91.57,76.29,18.82
2025,252,24.72,16.33,0.44,1.29,91.6,78.57,20.29
2025,253,23.92,16.54,15.56,1.3,91.6,81.88,20.5
2025,254,22.82,15.82,6.37,1.58,91.57,84.0,19.79
2025,255,23.56,15.32,0.08,2.02,91.55,79.01,19.26
2025,256,23.31,16.46,0.42,1.74,91.54,84.88,20.42
2025,257,23.26,16.07,0.06,1.95,91.59,83.01,20.03
2025,258,23.23,16.08,1.61,2.15,91.56,83.2,20.04
2025,259,23.58,16.57,10.1,1.46,91.53,84.11,20.52
2025,260,22.68,16.96,15.06,1.39,91.5,89.98,20.9
2025,261,23.36,16.69,21.99,1.7,91.51,85.77,20.65
2025,262,22.31,16.02,35.77,2.26,91.62,87.47,20.0
2025,263,22.3,16.25,1.54,2.66,91.59,88.42,20.21
2025,264,23.09,16.45,3.81,2.4,91.54,85.72,20.41
2025,265,22.89,16.11,2.04,2.57,91.61,85.19,20.1
2025,266,22.58,15.57,0.18,2.89,91.67,84.23,19.55
2025,267,22.68,15.39,1.22,3.1,91.56,82.99,19.34
2025,268,22.75,15.38,2.65,3.28,91.47,82.51,19.32
2025,269,22.72,15.12,0.08,3.68,91.41,81.32,19.04
2025,270,21.34,14.47,0.42,4.15,91.5,84.18,18.36
2025,271,22.68,15.1,0.6,3.72,91.5,81.61,19.04
2025,272,23.14,15.13,0.0,3.65,91.53,79.98,19.08
2025,273,22.33,15.01,0.0,2.92,91.48,82.39,18.93
2025,274,23.33,15.4,0.0,2.71,91.46,80.12,19.33
2025,275,23.61,15.93,1.78,2.42,91.6,81.54,19.89
2025,276,22.97,16.34,18.41,1.85,91.77,86.04,20.35
2025,277,23.75,15.64,3.21,1.75,91.85,79.65,19.66
2025,278,23.63,15.6,12.19,1.34,91.82,79.32,19.59
2025,279,22.98,15.96,0.33,1.49,91.83,84.18,19.98
2025,280,22.95,15.32,0.01,1.31,91.85,81.2,19.33
2025,281,23.56,15.93,4.22,1.19,91.79,81.32,19.92
2025,282,23.67,16.34,9.92,1.13,91.78,83.01,20.34
2025,283,23.63,16.97,22.05,1.65,91.65,85.88,20.93
2025,284,23.27,16.35,10.97,1.53,91.63,84.7,20.33
2025,285,23.36,16.76,1.85,1.75,91.59,86.1,20.72
2025,286,23.32,16.65,1.21,1.9,91.61,85.9,20.62
2025,287,23.42,16.55,1.12,2.44,91.48,85.06,20.5
2025,288,23.06,16.2,1.27,2.44,91.44,85.0,20.14
2025,289,23.05,16.59,5.08,3.05,91.47,86.66,20.52
2025,290,22.99,16.6,1.79,2.78,91.6,87.05,20.56
2025,291,23.01,16.46,6.17,2.66,91.6,86.46,20.44
2025,292,22.92,15.88,0.76,2.51,91.49,84.11,19.84
2025,293,22.42,15.92,1.85,2.44,91.49,86.47,19.88
2025,294,22.07,15.82,14.51,2.51,91.51,87.66,19.79
2025,295,21.73,16.37,9.88,3.07,91.46,91.68,20.28
2025,296,22.71,16.14,7.61,1.5,91.6,86.22,20.12
2025,297,21.93,15.25,1.36,1.56,91.68,85.77,19.23
2025,298,22.77,14.21,0.15,1.0,91.69,77.07,18.1
2025,299,22.92,15.66,0.68,1.03,91.7,83.19,19.64
2025,300,21.77,16.01,3.54,1.63,91.65,90.03,20.0
2025,301,21.65,14.9,1.47,3.42,91.53,85.06,18.82
2025,302,21.63,14.29,0.56,3.24,91.53,82.55,18.17
2025,303,22.34,15.35,0.01,2.43,91.71,84.04,19.33
2025,304,22.71,14.7,0.0,1.81,91.85,79.39,18.67
2025,305,22.88,14.76,0.0,0.93,91.88,79.17,18.73
2025,306,22.56,15.37,0.0,1.51,91.94,82.99,19.38
2025,307,22.45,15.06,0.06,1.94,91.91,82.4,19.06
2025,308,22.28,14.45,0.03,1.82,91.83,80.62,18.36
2025,309,22.78,15.97,2.01,1.59,91.68,85.33,19.96
2025,310,20.52,15.41,8.12,1.97,91.7,93.23,19.39
2025,311,21.81,14.61,3.54,1.33,91.82,83.37,18.57
2025,312,20.7,13.07,0.0,2.06,91.92,80.08,16.81
2025,313,18.73,10.09,0.0,1.85,91.82,71.36,12.82
2025,314,20.44,12.05,0.0,0.91,91.81,75.53,15.47
2025,315,22.02,14.09,0.01,1.36,91.84,80.07,17.99
2025,316,22.22,13.88,0.0,2.21,91.9,78.61,17.76
2025,317,22.5,14.74,0.0,2.34,91.96,81.1,18.74
2025,318,20.96,12.51,0.01,2.77,91.89,76.89,16.14
2025,319,19.82,11.12,0.0,2.39,91.98,74.83,14.25
2025,320,20.94,13.05,0.0,2.6,92.04,79.42,16.82
2025,321,20.62,12.5,0.03,2.88,91.99,77.47,16.13
2025,322,19.38,13.22,1.49,2.47,91.87,86.19,16.93
2025,323,21.75,13.76,0.4,2.29,91.85,80.27,17.63
2025,324,21.28,11.97,0.0,2.3,91.91,73.47,15.45
2025,325,21.98,14.94,3.02,2.48,92.0,84.36,18.93
2025,326,22.1,15.05,1.59,2.93,91.99,84.55,19.07
2025,327,21.83,14.6,0.35,2.71,91.99,83.49,18.59
2025,328,22.21,14.26,0.04,2.99,91.99,80.2,18.21
2025,329,20.7,12.85,0.0,2.72,91.98,79.35,16.57
2025,330,20.37,11.9,0.0,3.15,91.95,76.41,15.38
2025,331,20.56,11.86,0.0,3.08,91.99,75.76,15.31
2025,332,19.49,11.38,0.0,2.64,91.89,76.89,14.62
2025,333,19.24,12.79,1.15,2.6,91.77,84.92,16.42
2025,334,20.07,14.37,2.7,2.95,91.68,89.93,18.28
2025,335,21.47,13.78,0.65,2.85,91.75,81.05,17.64
2025,336,21.91,13.94,0.86,2.74,91.73,79.81,17.82
2025,337,23.12,15.26,0.47,3.78,91.73,80.62,19.24
2025,338,21.83,14.73,1.48,2.43,91.95,83.85,18.73
2025,339,21.84,13.87,0.1,3.5,92.05,79.65,17.79
2025,340,21.77,12.56,0.01,3.12,92.09,74.13,16.22
2025,341,21.27,12.3,0.0,2.68,92.06,74.56,15.87
2025,342,20.5,9.54,0.0,2.43,92.02,65.32,11.6
2025,343,20.42,10.98,0.0,2.66,91.95,71.86,14.06
2025,344,20.58,9.86,0.0,2.93,91.99,65.57,12.29
2025,345,19.82,9.87,0.0,3.07,91.99,69.24,12.34
2025,346,19.37,9.71,0.0,2.43,91.92,69.55,12.16
2025,347,18.73,7.68,0.0,2.11,91.94,61.77,7.97
2025,348,18.5,8.74,0.0,2.39,91.96,67.46,10.48
2025,349,18.81,8.5,0.0,2.71,91.95,65.55,9.81
2025,350,21.14,12.95,0.04,3.77,91.91,78.19,16.58
2025,351,21.95,11.43,0.0,3.14,92.04,69.23,14.46
2025,352,19.43,9.25,0.0,2.94,92.03,67.33,11.28
2025,353,18.87,9.02,0.0,2.15,91.88,67.54,10.93
2025,354,18.64,8.99,0.0,1.68,91.78,67.96,10.9
2025,355,19.06,9.34,0.0,2.18,91.84,69.05,11.45
2025,356,19.62,9.99,0.0,2.65,91.86,69.93,12.53
2025,357,19.61,9.91,0.0,2.06,91.81,69.04,12.39
2025,358,19.51,9.7,0.0,2.07,91.8,68.63,12.11
2025,359,19.52,9.43,0.0,2.28,91.87,67.32,11.59
2025,360,20.5,10.45,0.0,2.47,91.85,68.84,13.22
2025,361,19.42,9.32,0.0,2.33,91.88,67.2,11.48
2025,362,19.76,9.8,0.0,2.24,91.94,68.23,12.32
2025,363,21.04,10.88,0.0,2.07,91.9,68.91,13.97
2025,364,22.06,11.7,0.0,1.1,91.86,69.08,15.08
2025,365,23.02,12.85,0.0,1.63,91.74,71.0,16.48
2026,1,22.98,13.36,0.24,1.62,91.74,72.21,17.14
2026,2,22.74,12.53,0.01,2.09,91.91,69.65,16.12
2026,3,22.14,11.54,0.01,3.14,91.99,66.89,14.82
2026,4,20.75,9.64,0.0,3.2,92.05,63.16,11.93
2026,5,19.8,9.19,0.0,3.02,92.1,65.5,11.23
2026,6,20.61,10.4,0.0,3.18,92.1,67.98,13.23
2026,7,20.52,9.34,0.0,3.6,92.15,62.61,11.39
2026,8,19.21,8.8,0.0,3.55,92.19,64.07,10.59
2026,9,19.5,9.35,0.0,3.43,92.08,65.96,11.58
2026,10,19.69,10.9,0.03,3.54,92.04,72.03,14.01
2026,11,21.07,12.18,0.2,3.52,92.1,74.17,15.73
2026,12,22.16,12.9,0.63,3.39,92.18,74.32,16.67
2026,13,22.45,12.26,0.05,2.62,92.18,69.91,15.86
2026,14,23.22,11.74,0.01,1.79,92.03,65.45,15.09
2026,15,23.16,10.31,0.0,2.04,91.91,60.09,12.99
2026,16,21.75,9.44,0.0,2.3,91.96,59.01,11.45
2026,17,20.15,7.45,0.0,2.3,91.86,55.04,7.63
2026,18,20.36,6.89,0.0,1.59,91.75,52.54,5.92
2026,19,21.0,8.28,0.0,1.66,91.82,56.86,9.48
2026,20,21.09,7.63,0.0,1.89,91.82,54.49,7.87
2026,21,20.75,7.96,0.0,1.95,91.92,56.43,8.67
2026,22,20.53,7.73,0.0,2.5,91.98,55.35,8.33
2026,23,20.88,8.07,0.0,2.19,92.06,57.14,8.82
2026,24,22.05,11.65,0.0,3.11,92.11,69.02,15.0
2026,25,22.63,11.92,0.59,3.67,92.03,67.89,15.41
2026,26,23.03,12.48,0.51,3.4,92.12,69.46,16.13
2026,27,23.58,10.22,0.03,2.81,92.17,57.84,12.93
2026,28,23.75,10.39,0.0,2.45,92.07,58.22,13.14
2026,29,22.73,9.49,0.0,2.79,92.03,56.78,11.64
2026,30,22.39,8.32,0.0,2.65,92.07,53.59,9.21
2026,31,21.52,7.17,0.0,2.95,92.08,51.46,6.47
